pm25,pm10,co2,humidity,temperature,voc_reported,label
11.01,23.05,497.64,43.55,24.38,145.62,NORMAL
8.86,18.96,500.68,44.12,23.83,153.48,NORMAL
14.49,24.37,501.81,43.15,24.3,146.3,NORMAL
12.65,22.3,512.18,43.62,24.37,147.61,NORMAL
9.93,21.14,492.59,46.55,23.53,153.53,NORMAL
9.74,20.39,499.94,42.35,24.61,144.98,NORMAL
9.71,17.2,497.44,43.1,23.91,150.89,NORMAL
13.57,24.11,497.96,41.16,24.82,149.87,NORMAL
14.9,23.25,518.32,44.73,24.24,145.72,NORMAL
9.14,21.18,495.35,46.54,23.59,153.29,NORMAL
8.82,18.25,508.78,42.41,24.69,151.05,NORMAL
10.65,16.44,493.05,42.3,23.87,149.82,NORMAL
15.03,21.59,519.73,42.27,25.03,142.07,NORMAL
15.72,25.61,517.14,43.47,24.19,146.29,NORMAL
10.74,22.67,490.35,46.08,23.13,152.67,NORMAL
8.64,18.34,500.36,42.28,24.58,154.7,NORMAL
10.91,18.25,481.8,41.4,23.7,154.6,NORMAL
13.89,25.65,508.26,42.91,24.82,134.68,NORMAL
14.79,22.31,513.5,42.58,24.07,145.6,NORMAL
11.08,26.97,466.93,47.16,22.45,156.28,NORMAL
10.38,20.63,515.14,42.79,24.38,147.68,NORMAL
10.24,23.32,489.19,41.65,24.43,154.32,NORMAL
13.51,28.25,509.84,44.68,25.33,141.03,NORMAL
14.62,20.85,513.89,42.53,24.71,140.73,NORMAL
9.95,28.24,467.61,46.61,22.44,152.54,NORMAL
10.13,22.97,515.66,43.39,24.8,145.79,NORMAL
10.73,24.13,488.46,41.73,24.48,151.17,NORMAL
12.44,28.61,514.45,44.96,25.48,143.44,NORMAL
15.46,22.01,490.68,42.62,25.16,142.72,NORMAL
9.73,24.0,479.0,46.54,22.74,157.12,NORMAL
11.12,22.6,511.66,43.09,25.09,150.87,NORMAL
9.69,20.92,507.05,42.05,24.72,139.11,NORMAL
11.84,28.94,511.59,47.36,24.46,146.61,NORMAL
16.48,23.62,488.8,42.32,25.07,146.91,NORMAL
12.21,25.18,485.87,47.4,22.79,159.6,NORMAL
9.63,21.79,511.74,43.54,25.01,147.69,NORMAL
8.6,22.33,508.93,41.67,24.31,141.99,NORMAL
9.19,26.89,510.22,48.98,24.54,152.96,NORMAL
15.72,26.05,489.64,43.36,25.23,138.13,NORMAL
9.59,24.26,485.9,47.95,23.1,155.21,NORMAL
7.04,22.26,508.69,42.88,24.99,142.92,NORMAL
7.1,25.46,507.39,41.52,24.28,136.26,NORMAL
10.26,25.94,508.01,46.78,24.41,146.61,NORMAL
12.54,27.22,480.01,42.23,25.15,134.86,NORMAL
6.49,24.43,485.48,48.89,22.82,150.35,NORMAL
10.3,21.92,511.04,42.86,25.37,143.91,NORMAL
6.8,22.53,501.08,41.29,24.55,136.48,NORMAL
12.04,27.09,515.2,47.36,24.53,152.63,NORMAL
12.36,30.01,476.17,41.23,25.3,128.34,NORMAL
7.66,23.73,484.4,50.02,22.8,155.91,NORMAL
10.69,25.25,508.45,43.57,25.22,154.65,NORMAL
5.96,26.38,506.37,42.07,24.88,135.29,NORMAL
11.96,29.08,527.68,47.13,23.81,155.09,NORMAL
15.39,29.03,475.38,41.62,24.93,129.55,NORMAL
4.53,23.9,487.1,51.76,22.48,174.09,NORMAL
11.05,24.38,509.76,43.68,25.76,149.45,NORMAL
5.84,28.13,502.16,42.84,25.09,128.53,NORMAL
12.63,26.04,521.25,46.31,23.91,140.95,NORMAL
14.09,30.94,487.29,42.29,25.27,122.69,NORMAL
6.8,28.55,487.86,51.72,22.46,187.8,NORMAL
11.44,18.78,523.91,44.05,25.6,157.35,NORMAL
10.08,28.29,494.66,44.16,24.58,125.39,NORMAL
10.13,23.8,516.09,47.02,23.75,148.69,NORMAL
13.71,32.56,474.62,44.09,24.12,128.28,NORMAL
6.81,26.17,503.77,51.83,22.42,212.01,NORMAL
12.44,15.35,498.85,45.49,25.45,165.84,NORMAL
6.87,29.35,490.43,43.76,24.07,123.33,NORMAL
11.35,23.75,528.86,47.74,23.62,150.4,NORMAL
12.27,31.74,486.8,42.12,23.88,130.34,NORMAL
7.14,28.62,499.96,51.9,22.48,211.23,NORMAL
13.17,12.6,495.05,43.75,25.03,168.85,NORMAL
5.45,28.72,502.73,45.41,23.84,126.41,NORMAL
13.06,22.36,525.32,48.34,23.37,155.34,NORMAL
12.29,31.54,484.53,41.63,24.36,139.13,NORMAL
8.28,25.83,482.39,51.95,22.53,226.6,NORMAL
14.11,11.1,511.5,43.61,24.88,173.15,NORMAL
5.18,31.42,490.25,45.47,23.2,133.94,NORMAL
12.39,21.85,526.12,48.86,23.41,142.99,NORMAL
11.3,30.44,467.45,42.58,24.43,136.63,NORMAL
8.25,25.55,475.07,54.53,22.98,239.44,NORMAL
15.87,12.01,510.76,43.77,24.89,170.76,NORMAL
4.95,27.96,495.74,44.77,23.28,133.43,NORMAL
11.99,24.37,524.64,48.45,23.6,142.4,NORMAL
12.12,27.59,467.32,41.17,24.94,143.05,NORMAL
7.41,22.58,465.8,54.05,22.94,228.56,NORMAL
14.92,11.98,503.92,43.42,25.09,171.37,NORMAL
2.96,26.43,497.17,44.76,23.53,137.78,NORMAL
11.44,24.49,520.47,48.84,23.42,148.43,NORMAL
14.03,28.06,472.16,42.65,24.93,139.78,NORMAL
6.46,23.62,465.4,54.5,22.69,229.21,NORMAL
15.86,11.08,494.75,42.92,24.85,176.02,NORMAL
3.81,25.32,506.4,44.56,23.14,141.48,NORMAL
12.98,26.75,530.57,50.21,23.5,159.81,NORMAL
14.18,24.29,473.02,44.95,24.63,129.99,NORMAL
5.91,24.9,473.89,53.6,22.9,229.4,NORMAL
14.88,12.88,490.4,43.33,24.45,170.5,NORMAL
4.96,24.88,496.48,44.4,23.44,130.83,NORMAL
11.19,24.96,525.92,48.52,23.2,148.78,NORMAL
11.71,23.29,461.91,43.91,24.27,131.57,NORMAL
5.62,26.32,471.36,53.35,22.98,231.1,NORMAL
13.89,14.73,484.67,43.05,24.81,166.29,NORMAL
6.34,26.67,490.68,44.38,23.8,133.28,NORMAL
10.77,26.8,533.2,49.08,23.24,154.15,NORMAL
8.8,20.7,462.95,43.92,24.19,141.95,NORMAL
7.76,30.07,481.48,51.2,23.17,218.26,NORMAL
14.76,15.7,469.1,42.04,24.41,165.6,NORMAL
6.97,23.51,483.62,44.49,24.07,131.69,NORMAL
10.83,24.36,534.18,50.19,23.29,151.95,NORMAL
10.06,21.81,468.37,44.03,24.61,146.44,NORMAL
10.5,29.7,474.83,50.42,23.5,212.04,NORMAL
13.85,15.49,463.22,41.08,24.49,168.93,NORMAL
8.24,25.91,515.63,42.4,23.87,142.73,NORMAL
9.9,25.84,528.35,50.69,23.61,164.87,NORMAL
13.66,22.65,465.92,45.16,24.95,154.64,NORMAL
11.9,30.25,463.79,50.39,23.53,203.86,NORMAL
12.57,14.56,462.4,41.81,24.04,165.3,NORMAL
9.5,26.33,537.68,41.43,23.64,154.9,NORMAL
11.6,27.07,520.73,51.72,23.78,173.13,NORMAL
15.11,22.6,502.14,42.96,25.1,166.79,NORMAL
9.17,27.87,470.02,49.64,23.83,201.41,NORMAL
10.96,17.56,479.16,42.17,24.32,160.13,NORMAL
9.56,30.13,566.51,42.32,23.21,161.71,NORMAL
9.37,29.62,503.09,53.1,23.59,190.34,NORMAL
16.7,27.19,527.7,43.74,25.15,185.76,NORMAL
9.79,25.4,487.34,49.45,24.08,211.28,NORMAL
11.75,15.55,478.31,40.51,24.48,167.62,NORMAL
10.0,34.71,596.67,42.71,23.32,174.25,NORMAL
11.9,28.81,501.33,52.34,23.62,179.75,NORMAL
18.73,32.27,559.24,44.68,25.34,197.27,NORMAL
7.04,23.52,496.3,48.86,23.42,212.05,NORMAL
11.75,18.2,486.65,40.5,24.83,169.56,NORMAL
9.71,35.68,625.74,43.53,23.72,179.96,NORMAL
10.28,27.29,498.65,52.02,23.59,175.22,NORMAL
17.35,35.57,574.42,44.46,25.31,205.35,NORMAL
8.05,25.65,506.74,47.1,23.16,201.45,NORMAL
11.75,25.01,516.51,38.19,24.59,163.39,NORMAL
10.86,42.2,649.26,43.83,23.62,191.82,NORMAL
12.39,25.86,495.02,51.29,23.8,174.29,NORMAL
21.55,38.8,608.87,44.84,24.85,218.99,NORMAL
7.48,20.47,517.73,47.85,23.33,196.49,NORMAL
10.09,22.34,511.74,39.17,24.34,162.12,NORMAL
13.69,43.3,679.26,44.29,23.94,196.15,NORMAL
13.4,24.86,484.98,52.38,23.98,176.5,NORMAL
23.62,39.02,630.43,43.73,24.86,219.85,NORMAL
5.19,19.25,514.78,48.08,23.34,204.63,NORMAL
9.96,21.56,517.01,39.71,24.34,166.58,NORMAL
15.01,47.58,713.75,44.99,23.54,205.18,NORMAL
11.9,25.29,483.63,53.79,24.17,187.87,NORMAL
24.21,40.48,653.21,44.84,24.89,235.3,NORMAL
6.12,17.67,520.98,48.77,23.52,204.01,NORMAL
9.55,23.75,517.89,41.2,24.19,167.24,NORMAL
17.0,48.94,732.53,45.6,23.51,218.23,NORMAL
13.73,26.97,486.12,53.91,24.62,191.69,NORMAL
27.75,46.68,676.18,42.31,24.81,248.74,NORMAL
6.75,15.16,524.58,49.14,23.64,197.24,NORMAL
10.3,22.97,498.22,41.55,23.75,170.17,NORMAL
18.15,44.86,741.12,47.21,23.94,219.2,NORMAL
14.54,26.86,495.9,55.72,24.78,208.13,NORMAL
29.99,48.68,713.72,41.05,24.9,257.45,NORMAL
5.83,18.11,519.66,50.43,22.87,204.57,NORMAL
11.8,22.91,485.09,42.19,23.06,165.03,NORMAL
20.09,42.83,779.47,46.79,23.83,220.8,NORMAL
11.28,30.52,484.43,56.74,25.06,222.71,NORMAL
30.47,51.08,745.33,41.21,24.7,261.66,RISING_RISK
5.79,20.91,510.97,50.59,22.83,207.6,NORMAL
10.91,21.06,489.26,42.27,22.99,170.74,NORMAL
23.79,43.86,788.52,47.0,23.96,235.6,NORMAL
14.32,31.07,479.94,57.1,25.02,223.09,NORMAL
31.82,54.21,764.85,42.02,24.34,258.69,RISING_RISK
8.35,22.34,496.75,52.04,22.79,212.1,NORMAL
10.64,24.45,497.57,42.5,22.95,171.28,NORMAL
25.28,46.93,811.54,48.63,23.56,253.69,NORMAL
12.43,27.49,476.45,56.72,24.81,219.25,NORMAL
34.84,56.51,791.68,42.71,24.55,274.35,RISING_RISK
7.29,21.5,501.25,51.97,22.35,224.15,NORMAL
14.0,21.5,502.46,42.4,22.91,165.25,NORMAL
24.54,47.07,815.01,48.71,23.25,256.6,NORMAL
10.32,27.74,471.42,55.4,24.49,211.47,NORMAL
35.36,54.1,805.31,42.48,24.7,278.03,RISING_RISK
5.24,21.13,485.03,50.69,22.45,218.98,NORMAL
15.76,20.11,505.71,40.82,23.2,168.31,NORMAL
22.75,48.98,817.18,48.71,22.99,263.98,NORMAL
7.91,30.69,470.07,54.25,24.51,212.43,NORMAL
36.12,56.11,827.04,41.99,24.72,283.8,RISING_RISK
5.37,20.3,476.76,50.27,22.27,213.12,NORMAL
17.1,20.33,511.03,40.14,23.15,161.45,NORMAL
21.02,50.77,817.87,47.45,22.72,268.59,RISING_RISK
9.98,28.25,472.39,53.45,24.49,207.76,NORMAL
36.25,58.18,836.49,42.23,24.64,283.73,RISING_RISK
3.33,18.25,479.38,51.7,22.18,207.06,NORMAL
15.52,18.33,520.07,39.17,23.18,145.71,NORMAL
22.51,50.34,842.67,46.62,22.16,273.45,RISING_RISK
9.52,27.59,479.14,53.17,24.99,207.62,NORMAL
35.7,58.44,850.44,43.12,24.31,286.51,RISING_RISK
4.99,19.84,484.58,52.39,22.2,213.33,NORMAL
15.11,16.88,506.34,39.32,23.07,149.08,NORMAL
26.0,51.64,845.72,47.78,22.06,287.23,RISING_RISK
7.89,25.97,486.91,53.2,24.94,202.29,NORMAL
35.28,59.74,846.9,44.95,24.37,290.28,RISING_RISK
5.72,18.22,481.15,52.86,22.61,211.82,NORMAL
13.18,16.12,497.63,40.92,23.13,145.26,NORMAL
28.51,53.17,860.81,50.27,22.55,306.04,RISING_RISK
5.91,26.73,497.65,53.04,25.12,201.33,NORMAL
35.5,60.17,851.35,46.14,24.35,307.28,RISING_RISK
4.84,19.54,477.16,53.44,22.03,219.3,NORMAL
9.89,18.59,492.13,41.29,23.06,142.32,NORMAL
27.61,52.04,891.95,49.61,23.06,311.54,RISING_RISK
7.91,23.51,491.41,52.3,25.23,203.93,NORMAL
35.18,63.9,864.57,46.99,24.43,313.22,RISING_RISK
4.48,22.68,479.67,52.85,22.17,215.04,NORMAL
8.93,15.48,480.55,41.98,23.3,138.8,NORMAL
27.72,54.84,896.14,49.91,23.07,310.64,RISING_RISK
10.33,23.44,493.61,53.58,24.88,195.93,NORMAL
34.97,65.9,872.36,46.72,24.61,323.25,RISING_RISK
5.26,23.05,481.19,52.54,21.84,228.13,NORMAL
8.17,14.75,483.9,42.26,23.31,147.74,NORMAL
30.79,53.21,911.67,49.49,23.38,318.49,RISING_RISK
11.15,26.14,471.69,50.71,24.92,183.6,NORMAL
35.37,66.12,887.81,47.81,24.45,330.44,RISING_RISK
7.15,23.16,484.11,52.94,22.09,218.54,NORMAL
8.45,14.06,484.66,41.23,22.96,138.14,NORMAL
29.05,56.18,925.28,49.44,23.98,333.99,RISING_RISK
13.68,22.46,491.49,50.36,25.04,178.2,NORMAL
32.57,64.6,896.39,46.19,23.93,326.6,RISING_RISK
5.92,24.0,481.57,53.14,22.13,211.24,NORMAL
6.61,13.56,479.93,41.15,22.66,138.47,NORMAL
29.11,58.81,932.64,49.25,24.52,337.61,RISING_RISK
12.59,23.82,490.69,50.8,25.28,182.54,NORMAL
35.41,63.25,887.52,46.69,23.83,330.42,RISING_RISK
5.2,21.07,484.87,51.88,22.24,198.1,NORMAL
6.72,12.98,492.73,40.13,22.95,139.92,NORMAL
29.75,59.42,943.75,48.68,24.62,348.99,RISING_RISK
13.4,24.71,481.72,51.04,25.74,192.2,NORMAL
38.77,67.31,903.11,46.39,23.89,327.06,RISING_RISK
7.14,18.62,484.21,53.06,22.45,201.45,NORMAL
4.15,11.74,485.71,40.88,23.47,138.75,NORMAL
30.39,60.33,944.19,47.27,24.9,350.01,RISING_RISK
14.43,21.64,481.57,51.62,25.77,184.62,NORMAL
39.95,66.02,906.72,47.44,24.29,331.6,RISING_RISK
8.33,20.58,493.14,51.66,22.46,192.01,NORMAL
2.55,9.96,497.17,42.02,23.55,128.51,NORMAL
32.29,61.73,949.99,46.37,24.63,348.61,RISING_RISK
16.19,21.42,519.45,50.96,25.05,195.38,NORMAL
40.98,71.13,910.3,47.87,24.0,339.47,RISING_RISK
8.54,20.08,501.09,54.1,22.63,193.36,NORMAL
3.27,12.2,477.96,41.52,23.96,130.97,NORMAL
33.67,65.62,959.04,44.82,24.94,354.61,RISING_RISK
18.66,23.84,536.2,51.19,24.94,213.77,NORMAL
42.59,69.69,923.98,45.68,23.93,327.63,RISING_RISK
10.12,23.44,498.3,54.56,22.31,192.89,NORMAL
2.35,9.05,484.94,39.71,23.59,134.57,NORMAL
34.95,64.81,973.23,45.27,24.81,353.62,RISING_RISK
19.44,28.24,564.84,50.7,24.8,224.0,NORMAL
43.79,69.76,931.71,45.96,23.94,332.65,RISING_RISK
11.12,25.9,489.03,55.42,22.24,208.88,NORMAL
5.59,10.17,478.88,39.15,23.77,124.47,NORMAL
36.55,65.86,969.05,45.66,24.94,352.69,RISING_RISK
20.61,33.64,590.82,50.77,24.78,232.88,NORMAL
44.84,70.33,923.73,47.05,24.35,342.14,RISING_RISK
11.34,27.32,490.13,54.23,22.53,202.66,NORMAL
7.18,12.99,467.52,39.55,23.9,124.28,NORMAL
36.23,66.27,972.99,45.71,25.15,360.84,RISING_RISK
21.92,32.51,613.39,50.18,24.55,244.29,NORMAL
42.81,65.25,939.73,48.33,24.2,353.38,RISING_RISK
11.46,28.79,497.08,52.48,22.03,199.94,NORMAL
6.42,15.65,468.73,40.39,23.95,121.01,NORMAL
37.92,67.54,973.94,46.09,25.76,368.43,RISING_RISK
27.07,34.53,640.46,50.61,24.48,255.73,NORMAL
44.02,66.21,952.52,46.78,24.38,344.92,RISING_RISK
10.55,26.98,507.39,52.32,22.15,193.34,NORMAL
7.59,16.25,479.08,41.01,23.9,125.05,NORMAL
39.89,65.12,980.84,46.58,25.99,365.17,RISING_RISK
27.93,39.53,668.32,50.39,24.69,257.97,NORMAL
43.59,66.61,960.67,46.63,24.47,351.83,RISING_RISK
8.21,25.39,497.71,52.93,21.88,183.51,NORMAL
6.93,18.85,473.25,41.99,23.28,125.51,NORMAL
39.49,66.54,984.68,46.47,25.85,367.36,RISING_RISK
28.82,40.83,695.98,49.22,24.59,274.7,NORMAL
44.98,69.21,968.56,48.58,24.3,358.12,RISING_RISK
7.8,24.94,507.94,53.04,22.46,178.44,NORMAL
8.06,15.82,474.38,43.53,23.35,116.88,NORMAL
39.62,64.42,986.29,47.18,25.7,368.35,RISING_RISK
32.36,43.23,717.77,48.31,24.47,276.02,NORMAL
42.15,72.19,987.4,48.24,24.76,361.5,RISING_RISK
4.25,26.98,513.93,53.39,22.57,186.59,NORMAL
4.55,16.39,461.18,41.96,23.52,119.38,NORMAL
37.8,58.75,962.06,46.69,25.42,358.53,RISING_RISK
33.77,44.2,739.71,47.99,24.16,287.2,NORMAL
40.2,72.4,993.79,50.66,25.47,371.74,RISING_RISK
4.58,26.56,511.16,54.14,22.67,192.31,NORMAL
7.23,19.38,466.21,42.83,23.44,120.65,NORMAL
35.83,56.05,932.34,47.92,25.3,349.1,RISING_RISK
37.45,46.64,743.6,49.15,23.61,300.68,RISING_RISK
40.94,74.75,995.21,51.07,25.67,371.45,RISING_RISK
7.29,23.92,508.96,53.16,23.01,195.7,NORMAL
8.94,23.45,470.45,43.43,23.56,120.78,NORMAL
35.17,57.02,905.41,49.54,24.99,338.07,RISING_RISK
38.44,46.66,775.7,49.95,23.84,317.63,RISING_RISK
42.96,75.84,981.92,49.77,25.17,354.76,RISING_RISK
7.46,26.32,494.56,54.98,23.4,196.53,NORMAL
10.16,21.69,473.77,44.27,23.74,111.19,NORMAL
37.03,55.58,887.48,50.11,25.02,328.04,RISING_RISK
40.76,51.21,791.87,50.52,23.6,322.19,RISING_RISK
40.02,73.51,962.88,49.1,25.5,348.13,RISING_RISK
7.68,22.01,499.22,53.95,23.81,187.77,NORMAL
12.78,19.42,499.4,44.58,23.87,101.77,NORMAL
36.25,54.22,874.5,48.03,24.97,312.42,RISING_RISK
38.6,51.99,801.01,50.4,23.85,332.81,RISING_RISK
34.73,73.18,951.32,50.2,25.76,331.61,RISING_RISK
8.21,21.41,481.82,54.02,24.02,186.33,NORMAL
11.73,22.38,502.79,43.77,23.47,112.01,NORMAL
37.19,55.53,851.44,46.68,24.59,309.81,RISING_RISK
42.37,52.97,819.97,52.59,23.82,335.3,RISING_RISK
32.72,69.89,934.86,49.32,25.8,326.56,RISING_RISK
8.96,21.03,487.92,55.29,24.79,186.72,NORMAL
10.68,22.71,496.94,43.39,23.19,121.36,NORMAL
35.16,54.34,848.76,46.97,25.09,301.54,RISING_RISK
41.22,55.38,828.56,51.96,24.27,334.28,RISING_RISK
30.96,65.52,916.79,50.8,25.91,331.46,RISING_RISK
6.77,22.29,483.91,56.16,24.4,194.76,NORMAL
7.99,23.46,502.78,43.9,23.37,130.56,NORMAL
32.21,51.85,838.8,46.42,24.94,286.48,RISING_RISK
41.88,57.66,857.66,52.41,23.95,347.04,RISING_RISK
28.59,63.23,887.98,53.49,25.5,325.34,RISING_RISK
6.91,20.81,492.96,54.8,24.52,186.82,NORMAL
10.48,26.83,504.02,45.67,23.25,147.29,NORMAL
29.35,50.31,807.42,45.82,24.52,271.09,RISING_RISK
42.56,59.67,873.22,53.54,23.53,354.44,RISING_RISK
28.01,60.16,866.39,53.9,25.39,333.21,RISING_RISK
8.92,22.43,488.34,55.09,24.4,184.18,NORMAL
12.43,27.09,508.95,45.95,23.56,135.95,NORMAL
27.47,49.79,795.08,46.68,24.81,274.25,NORMAL
41.33,63.31,881.02,54.94,22.94,372.66,RISING_RISK
28.19,58.72,844.61,54.16,25.0,328.82,RISING_RISK
10.36,22.3,498.57,52.9,24.36,173.07,NORMAL
11.3,26.63,517.36,46.84,23.33,133.11,NORMAL
25.62,47.13,784.82,46.18,25.19,267.96,NORMAL
39.35,63.62,906.95,54.02,22.77,370.84,RISING_RISK
27.69,57.0,814.13,56.43,25.33,329.49,RISING_RISK
10.28,22.96,498.94,51.33,24.21,172.34,NORMAL
13.1,26.07,523.39,48.06,23.17,135.97,NORMAL
25.46,45.65,768.8,43.98,24.75,245.09,NORMAL
39.66,68.14,907.79,52.88,22.46,364.98,RISING_RISK
26.03,56.42,807.66,55.6,25.06,318.03,RISING_RISK
10.55,24.48,491.13,52.69,23.95,172.45,NORMAL
14.83,23.69,509.64,50.03,23.64,142.01,NORMAL
25.77,44.48,755.01,43.28,24.82,236.8,NORMAL
41.71,71.47,932.8,52.63,22.87,369.97,RISING_RISK
28.17,52.11,789.72,55.74,24.65,309.22,RISING_RISK
10.32,25.92,489.29,51.85,23.87,182.77,NORMAL
15.02,22.34,516.58,48.79,23.8,137.23,NORMAL
24.52,42.99,740.53,41.32,24.86,223.9,NORMAL
43.55,75.02,948.02,51.72,22.9,380.3,RISING_RISK
28.63,53.1,776.62,54.56,23.89,293.34,RISING_RISK
12.81,24.26,480.57,50.71,23.83,175.96,NORMAL
16.17,24.26,519.15,47.99,24.0,139.7,NORMAL
22.27,42.04,737.08,41.22,25.59,216.61,NORMAL
44.56,73.59,956.78,52.09,23.11,386.15,RISING_RISK
30.44,51.14,778.74,55.19,23.78,301.96,RISING_RISK
10.12,25.0,493.63,50.67,23.85,182.8,NORMAL
15.33,24.56,511.91,47.83,24.0,130.78,NORMAL
23.95,40.3,731.81,42.11,25.5,216.6,NORMAL
46.42,71.89,964.55,52.44,23.25,396.57,RISING_RISK
32.03,51.02,796.62,54.16,23.77,306.7,RISING_RISK
10.08,25.58,503.25,51.62,23.75,178.01,NORMAL
14.6,19.98,504.78,47.32,24.03,118.51,NORMAL
23.77,38.37,720.48,42.89,25.41,227.2,NORMAL
47.45,75.18,969.71,51.99,23.37,402.71,RISING_RISK
33.27,55.44,818.99,53.68,23.65,303.41,RISING_RISK
9.92,23.34,501.82,52.14,23.32,182.81,NORMAL
13.66,15.47,509.51,49.38,24.63,121.63,NORMAL
22.8,34.74,716.64,43.65,25.15,222.6,NORMAL
47.03,81.71,974.08,52.11,23.55,404.43,RISING_RISK
33.42,56.02,837.96,52.63,23.41,300.09,RISING_RISK
10.47,20.11,496.03,51.91,23.22,185.16,NORMAL
13.49,16.07,496.48,49.81,24.25,125.63,NORMAL
21.5,34.2,721.61,43.48,25.45,217.47,NORMAL
48.48,81.81,979.86,51.48,23.53,406.8,RISING_RISK
35.86,55.91,856.01,54.2,23.69,317.76,RISING_RISK
10.72,22.08,503.31,51.97,23.09,177.7,NORMAL
12.62,17.71,489.85,50.89,24.0,144.25,NORMAL
20.25,34.43,705.15,44.38,25.17,207.1,NORMAL
50.56,79.04,993.2,49.23,23.4,397.01,RISING_RISK
35.0,55.45,871.43,53.77,24.01,335.35,RISING_RISK
9.76,22.35,494.69,52.43,23.57,187.26,NORMAL
14.51,17.76,487.37,51.5,23.87,149.28,NORMAL
19.95,31.49,697.26,44.83,25.04,204.32,NORMAL
50.36,85.69,995.64,49.65,22.98,392.26,RISING_RISK
37.55,57.41,864.37,53.88,24.02,346.02,RISING_RISK
10.58,27.54,482.97,53.86,23.62,191.65,NORMAL
16.66,17.8,486.0,50.25,23.01,131.43,NORMAL
20.58,30.04,694.02,46.05,25.35,209.06,NORMAL
51.14,84.76,1002.81,49.78,23.07,382.26,STAGNATION_PREDICTED
38.7,57.78,882.4,52.6,24.47,343.15,RISING_RISK
9.01,28.53,481.05,54.77,23.95,186.95,NORMAL
17.53,13.62,503.31,49.63,23.48,132.2,NORMAL
20.71,30.03,693.49,46.19,24.96,215.04,NORMAL
50.16,86.11,986.4,49.87,23.04,403.52,RISING_RISK
39.7,57.73,882.69,54.43,24.91,348.41,RISING_RISK
11.5,27.68,479.23,55.92,23.89,194.17,NORMAL
14.43,12.55,508.2,46.35,23.11,128.37,NORMAL
20.43,31.07,669.98,47.72,25.27,217.21,NORMAL
50.7,85.18,990.2,50.27,22.72,396.1,RISING_RISK
41.76,57.9,912.35,53.03,25.26,338.22,RISING_RISK
10.45,30.22,478.49,56.86,24.04,192.58,NORMAL
15.03,11.08,506.96,46.64,23.12,128.85,NORMAL
18.57,32.22,663.51,48.73,25.03,226.11,NORMAL
52.29,84.66,991.79,51.27,22.71,398.8,RISING_RISK
41.85,60.27,922.52,54.02,25.68,350.17,RISING_RISK
7.74,28.09,485.06,57.11,23.34,197.75,NORMAL
16.31,12.98,492.26,47.74,22.76,138.86,NORMAL
20.77,29.17,665.94,50.94,25.68,225.42,NORMAL
53.78,85.21,993.3,52.08,22.47,403.63,RISING_RISK
43.23,62.96,917.07,53.96,25.85,352.15,RISING_RISK
8.19,30.29,494.84,57.75,23.63,185.73,NORMAL
22.08,15.88,517.96,49.46,23.55,158.83,NORMAL
20.98,26.78,658.32,53.05,25.39,227.82,NORMAL
52.88,83.89,992.29,53.03,22.39,406.11,RISING_RISK
43.34,66.56,923.87,54.12,25.89,356.36,RISING_RISK
10.18,31.79,491.06,56.67,23.59,180.41,NORMAL
25.07,19.0,560.22,48.24,23.17,159.91,NORMAL
20.15,25.59,660.47,52.31,25.74,223.52,NORMAL
51.58,78.61,974.66,52.55,22.2,394.29,RISING_RISK
43.86,64.85,938.82,53.78,25.28,353.0,RISING_RISK
8.21,29.43,492.48,57.58,23.82,181.16,NORMAL
28.13,19.68,579.2,47.84,22.86,164.91,NORMAL
20.18,25.26,645.8,52.57,25.8,224.68,NORMAL
52.63,77.79,950.6,49.93,21.95,373.11,RISING_RISK
42.28,67.96,949.36,52.43,24.94,347.37,RISING_RISK
9.45,26.78,483.51,58.24,23.8,177.61,NORMAL
27.69,23.22,611.07,48.03,23.03,180.56,NORMAL
20.9,26.05,636.32,50.5,26.22,221.65,NORMAL
49.92,71.03,916.65,49.59,21.45,371.62,RISING_RISK
42.93,69.63,955.79,52.36,25.49,356.12,RISING_RISK
13.5,26.73,491.2,57.16,23.63,182.0,NORMAL
26.73,25.86,629.95,48.18,23.44,195.75,NORMAL
21.86,26.66,657.37,50.12,25.87,231.75,NORMAL
48.27,70.27,901.48,49.53,21.82,351.57,RISING_RISK
44.57,69.14,952.28,53.2,25.38,362.14,RISING_RISK
14.5,29.07,524.92,55.06,23.53,185.6,NORMAL
27.07,28.55,664.03,47.96,23.37,207.58,NORMAL
23.52,29.16,669.65,49.71,25.65,233.8,NORMAL
46.57,66.14,879.55,48.92,22.05,342.76,RISING_RISK
43.88,70.13,959.88,53.3,25.53,363.67,RISING_RISK
14.83,32.36,550.14,53.85,23.09,182.95,NORMAL
28.0,31.35,685.46,49.02,23.83,223.6,NORMAL
24.96,31.2,701.51,49.7,25.48,244.35,NORMAL
45.12,60.71,862.17,48.23,22.21,330.19,RISING_RISK
43.47,73.4,971.53,52.84,25.5,355.1,RISING_RISK
17.7,34.39,578.32,53.28,22.8,189.02,NORMAL
30.74,34.8,697.31,47.66,24.05,216.34,NORMAL
27.58,31.82,719.38,48.73,25.71,249.98,NORMAL
40.71,55.95,841.92,49.7,22.37,333.26,RISING_RISK
42.27,71.86,960.56,52.9,25.24,355.61,RISING_RISK
19.01,35.6,593.93,51.24,22.65,192.85,NORMAL
33.38,34.74,717.24,47.55,23.78,224.69,NORMAL
28.0,32.31,728.85,47.38,25.74,257.41,NORMAL
37.6,50.0,826.71,48.4,22.94,326.16,RISING_RISK
44.76,73.31,957.38,53.69,25.63,344.38,RISING_RISK
20.9,37.54,630.79,49.92,23.01,201.28,NORMAL
32.09,35.45,730.08,44.98,23.86,232.12,NORMAL
30.86,34.87,748.31,49.02,26.06,282.41,NORMAL
35.0,45.96,807.54,49.26,23.78,314.54,NORMAL
44.46,73.65,959.46,54.16,25.49,356.53,RISING_RISK
22.08,39.9,662.25,49.01,22.67,208.77,NORMAL
32.52,33.4,748.15,44.38,24.2,236.49,NORMAL
29.54,35.69,761.18,48.79,25.64,289.18,NORMAL
33.72,44.02,790.87,48.89,23.6,301.54,NORMAL
44.25,71.14,964.06,53.55,25.92,350.84,RISING_RISK
25.31,44.18,681.03,49.5,23.1,217.65,NORMAL
34.44,31.22,772.05,44.63,23.69,244.15,NORMAL
30.75,37.93,768.08,48.38,25.51,298.62,NORMAL
32.46,42.33,782.94,48.46,23.42,291.1,NORMAL
45.23,71.68,965.04,52.25,25.88,355.44,RISING_RISK
27.29,44.97,697.92,49.16,23.28,230.03,NORMAL
36.45,31.96,775.56,44.93,24.3,253.47,RISING_RISK
32.25,39.22,777.07,49.43,24.93,300.33,NORMAL
32.57,41.57,767.75,50.42,23.1,285.19,NORMAL
44.06,71.0,977.15,52.46,26.07,355.52,RISING_RISK
27.66,46.75,720.25,49.76,22.99,248.93,NORMAL
36.05,29.81,783.58,43.89,24.13,261.65,RISING_RISK
33.37,38.37,794.41,49.91,24.67,307.61,NORMAL
33.24,40.27,756.7,49.37,22.87,268.01,NORMAL
45.09,69.14,986.74,52.7,25.91,353.67,RISING_RISK
30.24,46.33,735.25,48.81,23.2,260.23,NORMAL
37.35,32.98,790.74,43.58,23.87,272.84,RISING_RISK
37.36,37.75,803.62,48.7,24.22,313.62,RISING_RISK
31.68,41.68,747.31,50.08,22.89,264.24,NORMAL
47.04,69.4,982.6,52.75,26.18,357.48,RISING_RISK
31.16,48.45,750.34,47.94,23.1,272.15,NORMAL
37.67,36.74,807.36,43.19,24.06,278.77,RISING_RISK
34.72,34.54,832.66,48.22,24.57,324.73,NORMAL
30.24,38.76,725.52,48.86,23.56,249.89,NORMAL
46.99,71.71,986.36,52.35,26.33,350.1,RISING_RISK
32.71,49.75,771.18,47.44,22.94,272.33,NORMAL
38.02,38.56,822.37,42.23,24.44,284.23,RISING_RISK
37.96,36.81,852.74,48.9,24.7,334.71,RISING_RISK
29.73,37.91,715.28,48.45,24.62,237.65,NORMAL
44.33,71.92,986.51,51.03,26.13,357.51,RISING_RISK
33.63,51.85,798.79,47.1,23.18,274.09,RISING_RISK
39.17,39.17,846.14,43.24,24.06,284.84,RISING_RISK
39.96,37.83,862.29,49.12,24.05,346.01,RISING_RISK
30.11,38.59,732.57,50.07,24.88,252.02,NORMAL
43.58,73.6,1003.09,50.18,25.47,374.59,STAGNATION_PREDICTED
32.99,54.89,810.46,46.78,23.21,279.39,RISING_RISK
40.27,41.66,848.18,41.89,24.05,291.97,RISING_RISK
38.83,36.43,869.94,48.77,24.01,335.29,RISING_RISK
30.53,39.8,762.91,50.45,25.62,255.45,NORMAL
46.29,73.3,998.32,49.51,24.54,379.18,RISING_RISK
32.02,54.06,803.24,47.33,23.01,292.66,RISING_RISK
37.27,41.67,844.2,42.58,23.87,290.92,RISING_RISK
39.7,37.6,882.78,47.37,23.62,332.02,RISING_RISK
32.76,39.91,782.7,49.31,25.37,256.94,NORMAL
47.42,71.22,990.26,49.06,24.14,378.61,RISING_RISK
31.48,53.38,790.19,46.24,23.06,274.31,RISING_RISK
37.9,44.02,841.54,42.18,23.95,302.94,RISING_RISK
39.54,39.33,891.55,48.85,23.79,329.45,RISING_RISK
33.28,41.56,818.32,48.03,25.84,250.44,NORMAL
45.75,73.55,992.92,48.82,24.46,370.89,RISING_RISK
32.11,47.09,779.04,48.34,23.05,294.3,NORMAL
38.47,43.51,844.19,42.51,24.23,307.99,RISING_RISK
41.88,39.36,891.15,50.74,24.24,340.03,RISING_RISK
34.82,42.99,834.94,46.78,26.51,257.11,NORMAL
44.92,72.01,995.32,49.09,24.25,373.3,RISING_RISK
30.3,45.82,774.48,48.2,23.57,292.37,NORMAL
40.48,46.38,836.19,42.14,24.44,309.35,RISING_RISK
43.16,40.24,884.16,50.3,24.09,340.09,RISING_RISK
36.7,44.89,834.31,47.38,25.95,266.4,RISING_RISK
44.19,73.71,989.64,49.63,24.84,389.33,RISING_RISK
28.84,43.96,769.53,49.49,23.67,287.23,NORMAL
41.92,44.43,858.51,42.08,24.57,308.22,RISING_RISK
45.11,43.08,897.11,51.52,24.28,347.28,RISING_RISK
35.32,46.16,845.25,47.66,25.62,267.47,RISING_RISK
45.76,69.98,1001.17,48.03,24.72,380.75,STAGNATION_PREDICTED
28.8,41.21,754.57,48.13,23.69,274.88,NORMAL
40.0,41.93,869.24,41.24,24.5,309.81,RISING_RISK
45.1,45.28,907.79,50.1,24.21,342.29,RISING_RISK
37.89,47.1,868.59,48.17,25.73,271.91,RISING_RISK
42.43,70.69,974.96,46.35,24.92,366.21,RISING_RISK
29.4,38.94,753.52,47.67,23.67,270.64,NORMAL
41.43,43.56,872.62,40.81,24.52,310.32,RISING_RISK
45.4,49.78,914.69,49.61,24.26,351.5,RISING_RISK
38.04,49.35,885.72,48.89,25.18,285.66,RISING_RISK
38.86,72.58,958.28,43.89,24.95,354.09,RISING_RISK
29.9,43.02,770.93,48.02,23.81,274.15,NORMAL
41.6,44.12,881.75,41.29,25.25,320.66,RISING_RISK
46.31,50.36,919.11,48.54,24.33,342.76,RISING_RISK
38.67,49.69,885.79,47.64,24.79,288.48,RISING_RISK
38.49,71.59,937.24,45.14,24.39,331.38,RISING_RISK
29.27,48.11,774.42,48.22,24.14,279.91,NORMAL
43.2,45.08,898.54,40.47,24.99,316.43,RISING_RISK
46.73,51.26,889.17,49.58,24.27,357.11,RISING_RISK
35.85,49.22,902.64,46.08,24.8,293.26,RISING_RISK
40.45,66.59,917.21,43.98,24.25,324.59,RISING_RISK
31.45,45.54,799.52,49.08,24.58,285.99,NORMAL
45.66,49.55,909.04,39.88,24.83,321.17,RISING_RISK
45.36,45.05,865.57,49.76,24.24,350.89,RISING_RISK
39.27,50.15,901.55,45.55,24.9,292.57,RISING_RISK
38.36,63.95,902.29,43.34,24.05,319.87,RISING_RISK
31.76,45.97,813.82,47.43,24.3,291.41,NORMAL
44.94,50.64,926.02,38.92,25.02,320.71,RISING_RISK
42.57,45.75,860.83,50.12,24.05,351.52,RISING_RISK
39.5,51.98,911.11,43.66,24.44,288.72,RISING_RISK
40.95,67.36,911.56,44.94,24.53,323.41,RISING_RISK
32.42,45.7,818.54,46.25,24.26,301.02,NORMAL
44.5,50.99,930.71,39.28,25.16,325.92,RISING_RISK
41.87,40.18,835.97,48.57,23.96,335.95,RISING_RISK
37.94,51.41,912.57,42.66,24.4,304.4,RISING_RISK
42.89,66.39,913.06,44.86,24.49,323.46,RISING_RISK
33.6,48.48,833.5,46.68,24.9,304.5,NORMAL
43.33,51.54,902.03,40.07,25.29,310.16,RISING_RISK
42.77,40.61,840.38,48.4,23.75,327.01,RISING_RISK
38.53,52.78,911.26,43.09,24.5,305.19,RISING_RISK
43.4,66.46,909.33,44.15,24.44,328.22,RISING_RISK
33.3,50.08,857.79,49.14,25.34,310.49,RISING_RISK
38.84,51.22,879.86,38.82,25.17,301.14,RISING_RISK
44.0,39.22,817.66,46.42,23.53,311.48,RISING_RISK
37.15,52.37,916.9,41.99,24.58,303.91,RISING_RISK
44.57,68.7,920.86,43.33,24.73,333.62,RISING_RISK
34.17,53.71,868.14,47.02,25.31,309.87,RISING_RISK
37.01,49.37,854.89,37.55,25.29,291.29,RISING_RISK
43.49,37.41,797.56,46.57,23.56,311.94,RISING_RISK
40.24,52.32,923.22,41.5,24.2,305.39,RISING_RISK
43.53,69.06,926.55,42.85,24.46,330.25,RISING_RISK
37.98,53.4,874.33,45.92,25.07,305.64,RISING_RISK
38.58,52.68,844.8,37.95,25.35,282.41,RISING_RISK
41.21,35.09,782.97,45.95,23.86,312.9,RISING_RISK
38.87,50.67,927.03,39.86,24.07,310.35,RISING_RISK
42.59,71.19,923.18,45.15,24.02,328.2,RISING_RISK
37.35,53.99,893.3,45.21,25.19,306.32,RISING_RISK
34.8,52.52,814.29,38.47,25.41,271.24,RISING_RISK
37.94,32.8,754.18,46.55,23.72,300.89,RISING_RISK
41.42,55.97,936.25,41.26,24.4,314.67,RISING_RISK
44.81,69.0,917.45,45.41,24.02,327.12,RISING_RISK
37.46,54.4,892.89,45.04,25.55,316.47,RISING_RISK
35.72,54.69,804.06,40.02,25.33,266.47,RISING_RISK
35.35,34.15,726.84,44.8,23.73,288.82,RISING_RISK
43.48,56.25,952.14,42.34,23.78,325.98,RISING_RISK
45.48,69.95,933.98,44.92,23.08,338.61,RISING_RISK
36.34,56.87,889.28,43.69,25.54,326.54,RISING_RISK
35.03,50.48,806.08,40.88,25.53,258.55,RISING_RISK
33.82,36.85,727.56,43.55,23.44,278.44,NORMAL
40.48,55.95,937.72,42.02,23.83,310.0,RISING_RISK
46.64,71.47,939.84,45.97,23.28,347.89,RISING_RISK
38.12,58.11,891.66,43.3,25.74,325.53,RISING_RISK
34.1,51.15,789.24,40.4,25.21,249.93,RISING_RISK
32.22,35.91,720.39,43.87,23.84,261.85,NORMAL
43.61,59.12,944.18,40.88,23.62,310.42,RISING_RISK
45.96,68.53,939.89,46.15,23.19,350.23,RISING_RISK
38.66,60.85,901.62,43.41,25.5,333.05,RISING_RISK
33.69,51.84,781.22,40.99,25.1,254.52,RISING_RISK
31.13,34.09,711.35,42.89,23.27,251.66,NORMAL
45.3,60.78,957.88,42.27,23.27,315.38,RISING_RISK
44.51,68.63,952.42,43.78,22.86,347.96,RISING_RISK
39.25,60.91,909.55,43.88,25.4,337.27,RISING_RISK
33.34,51.97,762.19,41.79,25.63,259.08,RISING_RISK
30.63,36.3,710.68,43.71,22.99,253.71,NORMAL
46.33,63.82,955.19,41.42,23.03,317.44,RISING_RISK
43.26,66.37,962.42,43.94,22.4,344.23,RISING_RISK
40.45,65.12,916.69,43.67,24.73,348.31,RISING_RISK
31.96,49.7,748.08,42.63,25.48,245.74,NORMAL
29.97,34.76,700.32,42.92,23.65,249.01,NORMAL
48.67,66.55,960.29,40.39,23.04,311.37,RISING_RISK
44.28,66.74,976.9,42.95,21.99,345.91,RISING_RISK
40.12,67.67,925.42,44.2,24.86,347.42,RISING_RISK
27.65,48.87,729.22,42.3,24.64,236.43,NORMAL
29.46,33.43,676.42,42.89,24.02,243.67,NORMAL
48.43,68.48,968.0,40.94,22.97,315.4,RISING_RISK
43.6,68.68,994.04,42.6,21.82,352.12,RISING_RISK
41.48,67.57,923.82,42.33,24.75,350.46,RISING_RISK
28.26,47.32,741.76,40.99,24.02,241.31,NORMAL
26.7,33.49,682.1,43.11,24.05,239.27,NORMAL
49.43,66.7,982.91,40.69,22.67,313.91,RISING_RISK
44.46,65.6,1004.41,42.61,22.5,347.96,STAGNATION_PREDICTED
42.26,69.22,933.78,42.25,24.58,352.51,RISING_RISK
28.43,48.67,770.89,40.8,24.19,253.46,NORMAL
24.46,31.29,665.58,43.08,24.09,228.58,NORMAL
48.95,65.26,987.86,41.94,22.97,324.73,RISING_RISK
45.55,70.07,1001.32,43.83,23.42,348.94,STAGNATION_PREDICTED
43.06,71.0,942.37,41.61,24.99,354.49,RISING_RISK
28.51,48.77,776.26,40.76,24.13,261.28,NORMAL
23.44,28.54,667.58,43.19,24.21,225.68,NORMAL
48.87,64.84,986.53,43.79,23.28,329.51,RISING_RISK
45.28,69.48,1013.32,46.53,23.21,357.22,STAGNATION_PREDICTED
43.9,73.26,935.11,40.58,25.55,356.1,RISING_RISK
30.68,52.73,796.11,40.53,23.92,265.7,RISING_RISK
21.81,29.77,653.3,43.86,24.6,220.0,NORMAL
50.49,65.7,991.33,43.28,23.26,329.81,RISING_RISK
44.39,72.79,1015.53,45.09,23.53,348.18,STAGNATION_PREDICTED
46.92,75.03,946.05,40.29,25.37,356.37,RISING_RISK
27.85,52.01,814.82,40.06,23.99,269.57,RISING_RISK
16.6,32.2,630.71,44.34,24.43,213.41,NORMAL
51.05,61.11,1000.35,42.74,23.11,334.54,STAGNATION_PREDICTED
44.11,77.29,1030.68,43.05,23.86,350.04,STAGNATION_PREDICTED
48.1,71.56,949.77,42.89,25.15,356.54,RISING_RISK
30.46,53.09,834.16,40.54,23.47,276.4,RISING_RISK
17.65,33.22,627.04,44.66,24.45,207.7,NORMAL
47.41,62.13,992.96,43.89,22.76,336.64,RISING_RISK
40.83,74.38,1018.93,43.2,23.7,334.92,STAGNATION_PREDICTED
49.5,74.08,946.29,42.12,25.46,362.86,RISING_RISK
32.83,53.53,852.79,39.5,23.65,283.68,RISING_RISK
16.3,33.41,614.28,45.24,24.88,203.64,NORMAL
45.7,64.04,1003.95,43.06,22.79,339.29,STAGNATION_PREDICTED
41.1,68.11,1001.82,41.36,23.63,324.82,STAGNATION_PREDICTED
50.98,73.34,948.1,41.5,24.93,358.59,RISING_RISK
33.88,55.73,854.95,40.7,23.39,286.69,RISING_RISK
16.47,31.57,621.82,44.88,24.69,200.65,NORMAL
45.0,59.83,997.2,41.72,22.86,338.39,RISING_RISK
37.49,63.56,984.86,43.33,23.58,315.32,RISING_RISK
48.93,74.27,944.89,40.44,24.66,357.35,RISING_RISK
33.2,56.48,859.71,40.41,23.28,282.37,RISING_RISK
17.07,25.61,632.22,44.42,24.38,203.94,NORMAL
44.85,60.21,1002.51,40.56,23.22,334.23,STAGNATION_PREDICTED
36.96,63.75,957.41,43.33,24.17,305.07,RISING_RISK
49.89,75.43,948.21,40.97,24.29,358.95,RISING_RISK
34.12,54.38,861.82,39.21,23.57,290.66,RISING_RISK
15.87,25.46,632.25,43.16,24.09,207.13,NORMAL
47.46,62.36,995.51,38.84,23.08,335.82,RISING_RISK
34.25,61.61,921.33,42.59,24.09,297.41,RISING_RISK
48.35,73.57,949.95,40.07,23.74,364.35,RISING_RISK
35.34,53.41,888.66,38.59,23.81,304.77,RISING_RISK
13.26,25.04,640.25,43.13,23.86,210.07,NORMAL
48.06,64.02,1004.96,40.18,22.75,338.04,STAGNATION_PREDICTED
30.81,59.06,907.0,43.07,23.62,287.88,RISING_RISK
49.16,74.03,953.85,38.68,23.99,375.06,RISING_RISK
34.71,56.38,907.01,39.3,24.35,314.62,RISING_RISK
17.1,22.66,643.47,43.04,24.24,203.83,NORMAL
48.57,63.88,1004.66,40.47,22.99,333.65,STAGNATION_PREDICTED
29.7,57.88,884.61,41.95,23.99,278.18,RISING_RISK
48.07,75.77,963.04,36.79,23.77,373.9,RISING_RISK
38.94,56.33,913.17,40.3,24.37,315.44,RISING_RISK
18.81,21.93,647.07,43.78,24.05,193.35,NORMAL
47.67,65.24,999.04,40.95,23.45,331.39,RISING_RISK
27.75,55.03,855.4,42.09,24.34,278.73,RISING_RISK
49.48,80.77,973.7,37.19,24.24,377.58,RISING_RISK
40.95,57.66,920.58,39.73,24.23,310.26,RISING_RISK
18.63,21.13,635.12,43.84,24.0,188.79,NORMAL
46.75,63.66,1009.22,41.08,23.18,327.71,STAGNATION_PREDICTED
26.84,52.11,847.78,41.79,24.11,281.05,RISING_RISK
50.73,82.53,987.34,37.45,24.35,377.25,RISING_RISK
41.22,63.43,923.94,37.89,24.0,313.65,RISING_RISK
14.44,20.7,626.34,45.15,24.32,179.77,NORMAL
45.83,61.89,1012.17,39.28,23.21,328.46,STAGNATION_PREDICTED
26.48,52.36,817.49,42.31,24.18,272.92,RISING_RISK
49.97,81.31,990.41,36.24,24.46,385.11,RISING_RISK
44.31,63.28,948.37,37.68,24.22,326.01,RISING_RISK
14.8,21.2,613.52,45.04,24.21,185.61,NORMAL
43.01,60.66,1003.45,39.47,23.09,322.04,STAGNATION_PREDICTED
27.12,47.03,795.87,42.92,24.08,268.2,NORMAL
50.09,81.08,1000.63,35.7,24.66,389.39,STAGNATION_PREDICTED
44.67,65.93,947.24,37.76,24.66,332.03,RISING_RISK
14.54,22.26,599.37,46.11,24.2,188.2,NORMAL
41.13,58.65,976.35,38.91,22.81,320.0,RISING_RISK
27.06,46.87,772.73,43.11,24.18,249.8,NORMAL
50.79,81.44,994.45,35.47,24.67,384.5,RISING_RISK
43.79,68.48,957.52,38.06,25.1,336.63,RISING_RISK
14.01,20.48,602.24,44.08,24.06,180.71,NORMAL
38.42,61.05,955.68,39.26,22.87,293.32,RISING_RISK
25.87,45.73,761.63,41.05,24.32,236.55,NORMAL
51.21,82.14,1000.01,35.78,24.74,379.19,STAGNATION_PREDICTED
46.14,71.89,967.32,37.52,24.81,336.14,RISING_RISK
13.19,21.5,618.62,46.49,24.15,196.86,NORMAL
36.32,59.26,945.67,39.81,22.66,291.33,RISING_RISK
23.57,42.88,763.41,41.58,23.86,239.87,NORMAL
51.79,81.16,993.34,35.95,25.04,373.99,RISING_RISK
49.47,74.55,983.47,37.31,24.61,329.85,RISING_RISK
12.64,23.77,625.53,45.83,23.83,203.17,NORMAL
35.32,57.4,926.37,39.89,23.03,287.18,RISING_RISK
25.19,38.36,749.39,40.62,23.72,243.25,NORMAL
52.31,80.48,1003.78,35.42,24.82,379.92,STAGNATION_PREDICTED
48.89,73.02,991.52,37.15,24.54,343.49,RISING_RISK
14.11,25.37,642.8,44.68,24.16,211.61,NORMAL
35.8,55.01,914.33,38.06,23.19,277.95,RISING_RISK
25.76,39.06,731.29,40.36,23.61,233.29,NORMAL
52.37,82.68,1007.93,36.44,24.41,378.94,STAGNATION_PREDICTED
48.33,70.54,1009.18,36.06,24.44,349.65,STAGNATION_PREDICTED
14.96,26.08,665.42,46.25,24.09,224.16,NORMAL
32.07,50.38,896.92,38.72,23.89,264.1,RISING_RISK
23.14,38.48,716.93,42.45,23.42,223.25,NORMAL
49.18,83.34,986.19,36.58,24.19,362.63,RISING_RISK
50.3,71.4,1023.03,35.88,25.14,352.64,STAGNATION_PREDICTED
15.82,28.94,683.11,46.37,23.78,247.14,NORMAL
30.15,49.53,887.11,37.18,24.04,271.95,NORMAL
20.22,35.49,712.12,42.7,23.82,216.48,NORMAL
48.71,77.95,967.9,36.74,24.08,348.34,RISING_RISK
50.41,74.2,1019.29,35.14,25.18,351.73,STAGNATION_PREDICTED
19.75,30.16,702.23,45.69,24.04,258.01,NORMAL
28.51,46.71,865.55,39.39,24.51,262.86,NORMAL
20.68,37.78,701.16,43.07,24.06,211.08,NORMAL
47.57,75.65,950.86,36.06,24.27,345.27,RISING_RISK
51.25,72.97,1028.26,35.75,24.82,343.64,STAGNATION_PREDICTED
21.46,30.49,720.57,45.06,24.16,266.6,NORMAL
25.08,47.29,839.54,38.73,24.6,249.27,NORMAL
19.46,35.47,697.24,43.36,24.17,212.33,NORMAL
46.08,71.92,938.46,35.66,24.32,330.85,RISING_RISK
53.29,72.34,1034.58,36.57,25.2,359.5,STAGNATION_PREDICTED
21.62,32.56,748.39,44.29,24.52,283.11,NORMAL
25.42,46.45,860.38,40.15,24.49,256.02,NORMAL
18.8,39.28,677.27,43.16,24.04,211.3,NORMAL
44.22,71.32,923.44,35.9,24.12,326.89,RISING_RISK
54.97,71.33,1051.83,35.53,24.72,363.89,STAGNATION_PREDICTED
23.55,38.31,765.75,44.16,24.42,289.92,NORMAL
26.28,44.89,873.26,40.37,24.37,261.17,NORMAL
19.13,36.95,680.16,42.56,24.08,215.15,NORMAL
40.67,69.15,907.08,36.38,24.15,320.27,RISING_RISK
53.45,69.89,1056.0,35.66,24.97,361.78,STAGNATION_PREDICTED
24.63,37.23,775.54,46.47,24.23,301.11,NORMAL
27.26,43.36,889.16,39.89,24.05,265.54,NORMAL
18.8,36.71,672.03,39.86,24.32,209.55,NORMAL
39.03,66.1,894.15,37.76,24.01,319.88,RISING_RISK
52.24,67.46,1055.19,36.1,24.85,370.49,STAGNATION_PREDICTED
24.03,40.75,790.56,45.58,24.17,312.29,NORMAL
30.97,43.18,910.9,39.8,24.11,263.7,NORMAL
15.82,35.4,667.04,40.45,24.5,203.67,NORMAL
37.64,66.39,874.13,37.11,24.06,311.55,RISING_RISK
53.46,67.44,1068.98,36.52,25.18,359.24,STAGNATION_PREDICTED
23.38,44.53,805.36,45.37,24.17,321.06,NORMAL
31.85,45.96,919.1,39.67,23.91,277.56,NORMAL
16.39,34.08,662.72,40.54,24.51,209.66,NORMAL
40.33,65.34,839.84,36.64,24.37,314.18,RISING_RISK
51.98,69.01,1069.53,35.74,24.81,366.43,STAGNATION_PREDICTED
24.43,45.25,817.68,44.92,24.33,323.82,NORMAL
33.6,50.23,923.0,39.17,24.53,288.69,RISING_RISK
12.9,35.54,638.96,42.06,24.14,212.44,NORMAL
38.67,61.38,827.09,36.76,24.82,321.04,RISING_RISK
55.1,67.49,1072.53,36.36,24.48,363.36,STAGNATION_PREDICTED
28.09,45.81,839.57,45.21,24.46,331.37,NORMAL
35.14,54.02,917.31,38.81,24.78,289.35,RISING_RISK
14.92,34.35,627.32,42.09,24.09,207.22,NORMAL
35.8,58.45,811.08,36.63,24.87,304.0,RISING_RISK
56.03,70.77,1081.38,37.41,24.83,362.27,STAGNATION_PREDICTED
28.67,46.52,859.04,45.76,24.57,336.88,NORMAL
34.86,54.56,916.54,39.95,24.66,298.47,RISING_RISK
14.3,34.82,624.25,42.54,24.46,200.23,NORMAL
33.05,53.65,791.39,36.92,24.93,297.46,RISING_RISK
55.29,68.04,1060.37,38.88,24.71,352.13,STAGNATION_PREDICTED
29.23,51.67,873.39,45.51,24.34,331.37,RISING_RISK
33.91,55.6,918.04,40.36,25.01,301.05,RISING_RISK
13.73,33.72,615.75,43.12,24.58,194.19,NORMAL
31.39,51.38,784.04,38.33,25.11,288.03,RISING_RISK
52.1,67.28,1033.2,38.56,24.82,339.04,STAGNATION_PREDICTED
31.81,51.03,879.67,44.75,24.57,341.03,RISING_RISK
35.16,58.32,908.17,39.11,25.23,302.06,RISING_RISK
14.14,32.73,595.15,42.99,24.38,201.94,NORMAL
30.22,48.77,780.66,38.9,25.12,277.53,NORMAL
49.83,65.82,1005.06,40.33,24.81,329.03,STAGNATION_PREDICTED
31.34,48.29,898.19,43.09,24.46,343.83,NORMAL
34.27,60.19,920.7,38.82,25.04,307.72,RISING_RISK
16.57,33.54,566.76,42.34,24.38,204.72,NORMAL
30.01,48.3,766.67,37.64,25.17,269.52,NORMAL
47.1,64.92,976.11,40.55,24.36,318.73,RISING_RISK
33.21,53.56,906.34,44.7,24.72,337.3,RISING_RISK
33.71,60.55,934.99,39.1,25.22,311.33,RISING_RISK
14.99,28.14,558.2,42.72,24.11,210.48,NORMAL
29.18,49.06,753.76,37.89,25.37,266.8,NORMAL
44.37,61.39,938.26,40.54,24.6,302.55,RISING_RISK
32.93,53.22,914.82,45.16,24.18,338.64,RISING_RISK
35.5,63.38,924.65,40.07,25.58,322.78,RISING_RISK
12.95,28.78,538.15,42.32,24.57,199.22,NORMAL
31.74,48.2,738.92,38.84,25.06,259.19,NORMAL
44.21,58.78,923.88,40.63,24.29,292.33,RISING_RISK
32.62,55.25,907.54,43.75,24.59,348.94,RISING_RISK
35.95,61.22,935.12,40.48,25.14,320.8,RISING_RISK
14.2,26.77,537.83,41.1,24.43,211.29,NORMAL
31.21,46.79,729.74,40.41,24.85,257.69,NORMAL
41.23,58.77,906.26,41.5,24.07,283.59,RISING_RISK
33.27,54.66,909.98,41.51,25.02,350.61,RISING_RISK
35.57,63.12,951.18,39.97,24.82,339.71,RISING_RISK
14.25,27.64,539.3,42.68,24.47,196.68,NORMAL
31.83,45.95,729.36,40.22,24.82,258.41,NORMAL
38.41,57.59,890.58,40.29,23.97,278.36,RISING_RISK
35.5,56.15,926.54,41.96,24.59,356.17,RISING_RISK
36.64,61.28,925.57,39.73,25.09,327.23,RISING_RISK
15.16,30.66,537.81,42.02,24.44,183.74,NORMAL
30.83,46.42,723.49,40.0,24.68,253.8,NORMAL
38.62,55.92,868.28,40.57,23.8,261.86,RISING_RISK
34.52,53.35,943.58,40.22,24.51,355.75,RISING_RISK
33.83,62.76,913.59,39.7,25.22,313.09,RISING_RISK
18.23,27.45,543.98,41.44,24.26,178.38,NORMAL
29.43,42.76,718.24,40.87,24.67,251.52,NORMAL
35.16,52.62,838.36,39.3,23.81,250.82,RISING_RISK
32.66,57.15,934.98,40.38,24.36,343.33,RISING_RISK
32.69,61.32,890.07,42.08,25.12,308.55,RISING_RISK
18.33,27.85,526.64,42.72,23.76,183.62,NORMAL
29.6,44.18,697.32,40.15,24.65,238.29,NORMAL
34.57,52.7,817.66,38.58,23.63,240.99,RISING_RISK
31.37,56.49,916.17,40.77,24.59,328.4,RISING_RISK
32.56,57.13,872.9,40.3,24.86,295.03,RISING_RISK
20.55,31.86,556.43,42.11,23.65,205.14,NORMAL
26.13,45.73,680.96,42.99,24.36,232.98,NORMAL
32.57,52.8,809.77,38.27,24.17,240.52,RISING_RISK
29.76,52.1,899.9,41.59,24.68,325.87,RISING_RISK
33.16,55.26,851.51,39.96,24.83,288.14,RISING_RISK
24.15,34.41,585.86,41.21,23.62,225.54,NORMAL
24.3,47.05,661.2,43.95,24.5,239.39,NORMAL
30.59,51.69,787.35,37.95,24.53,234.73,RISING_RISK
28.26,49.31,901.59,43.99,24.51,297.77,NORMAL
31.38,56.06,816.49,40.77,25.31,286.23,RISING_RISK
27.1,36.14,601.99,40.63,23.37,235.84,NORMAL
23.73,48.69,657.94,45.51,24.56,236.32,NORMAL
29.33,50.52,775.9,38.97,24.41,232.03,RISING_RISK
26.8,48.4,886.06,44.6,24.48,281.82,NORMAL
31.59,56.87,811.63,40.69,25.65,279.04,RISING_RISK
26.12,42.09,624.34,39.29,23.32,239.07,NORMAL
22.11,45.64,641.88,46.24,24.55,236.03,NORMAL
27.8,51.53,769.53,40.72,24.68,231.68,RISING_RISK
25.9,46.17,870.9,45.27,24.15,283.86,NORMAL
29.7,55.76,790.74,39.84,25.91,267.23,RISING_RISK
27.27,45.84,656.73,38.43,23.26,252.71,NORMAL
21.58,41.88,641.29,47.36,24.41,237.5,NORMAL
27.14,49.59,741.16,40.41,24.43,215.4,NORMAL
24.84,48.48,860.03,47.3,24.64,280.06,NORMAL
28.57,56.01,772.49,39.75,25.24,265.0,RISING_RISK
28.05,46.06,665.56,37.46,23.31,258.23,NORMAL
19.43,41.0,636.47,49.1,24.41,235.91,NORMAL
25.42,46.74,727.2,42.28,24.97,210.8,NORMAL
24.18,48.64,840.67,47.74,24.51,282.48,NORMAL
26.25,57.35,771.67,40.08,24.6,256.46,RISING_RISK
31.27,45.46,696.19,36.3,22.97,263.57,NORMAL
20.12,38.96,623.49,48.49,24.76,231.44,NORMAL
24.72,47.54,717.82,41.84,25.09,214.69,NORMAL
23.19,45.78,824.2,48.09,25.14,271.74,NORMAL
23.79,54.99,764.4,38.85,24.44,251.75,RISING_RISK
33.28,45.94,713.02,36.8,23.01,277.05,NORMAL
18.51,38.58,619.87,49.09,24.77,227.15,NORMAL
26.32,48.23,707.56,40.66,25.31,222.28,NORMAL
23.32,43.01,835.85,46.28,25.05,268.62,NORMAL
24.63,54.99,745.59,39.94,24.23,249.53,RISING_RISK
36.24,47.76,734.78,36.48,22.97,296.63,RISING_RISK
18.52,39.33,606.13,47.61,24.85,214.69,NORMAL
25.02,46.87,709.07,41.7,25.11,219.49,NORMAL
22.53,36.63,826.26,48.75,24.94,283.96,NORMAL
24.98,54.68,742.3,39.5,24.45,246.08,RISING_RISK
37.05,49.82,758.65,36.49,23.01,296.76,RISING_RISK
16.07,37.47,604.11,46.83,25.04,200.75,NORMAL
23.11,43.98,705.41,40.83,25.21,215.95,NORMAL
21.35,34.45,806.5,48.46,24.68,285.45,NORMAL
25.05,56.08,731.46,39.44,24.55,239.05,RISING_RISK
36.63,50.21,785.86,36.52,23.49,292.72,RISING_RISK
17.38,35.35,589.48,46.25,25.2,196.09,NORMAL
21.36,41.55,699.85,41.32,25.13,204.57,NORMAL
21.31,31.98,787.61,48.71,24.53,274.42,NORMAL
25.4,55.62,726.17,39.55,24.43,242.61,RISING_RISK
37.06,52.72,799.17,38.06,23.85,302.55,RISING_RISK
15.95,34.96,563.28,46.19,25.46,190.54,NORMAL
21.81,37.76,699.93,42.64,25.24,198.76,NORMAL
21.48,35.57,780.15,47.74,24.39,265.6,NORMAL
25.71,55.33,718.62,39.63,24.32,243.92,RISING_RISK
37.19,54.61,812.99,39.72,23.79,303.64,RISING_RISK
16.75,34.4,561.81,47.32,25.43,189.4,NORMAL
21.42,39.0,697.4,43.13,25.17,200.32,NORMAL
20.35,33.33,781.73,47.15,23.96,250.47,NORMAL
25.91,54.26,708.91,40.34,23.97,241.49,RISING_RISK
37.31,56.47,812.39,40.68,24.2,310.13,RISING_RISK
16.92,33.7,564.84,47.62,25.45,197.18,NORMAL
23.97,43.23,714.81,45.36,25.2,214.48,NORMAL
19.46,34.64,774.46,48.01,24.09,246.01,NORMAL
24.27,54.19,711.46,39.55,23.8,235.08,RISING_RISK
36.21,59.13,829.75,40.65,23.97,321.82,RISING_RISK
18.48,28.79,564.58,45.98,25.29,196.92,NORMAL
27.05,46.66,744.82,46.92,25.32,216.54,NORMAL
20.44,35.86,777.87,45.49,24.1,236.98,NORMAL
23.52,51.4,698.14,39.49,23.53,230.49,RISING_RISK
38.26,58.85,849.65,40.8,24.4,324.64,RISING_RISK
21.34,30.83,587.05,45.94,25.02,197.23,NORMAL
25.76,46.37,742.46,49.35,24.9,239.55,NORMAL
21.04,35.64,759.72,44.97,24.0,240.56,NORMAL
22.35,52.57,690.79,40.46,23.53,235.12,RISING_RISK
39.77,60.75,858.99,39.55,24.89,328.6,RISING_RISK
22.01,37.43,615.28,45.49,24.91,209.26,NORMAL
27.99,46.06,774.92,50.12,24.92,250.08,NORMAL
21.98,37.27,731.12,43.34,23.32,229.17,NORMAL
19.51,53.79,681.16,40.59,22.83,229.1,RISING_RISK
41.68,60.38,878.19,38.5,24.91,335.87,RISING_RISK
24.02,38.11,632.86,46.44,25.0,227.42,NORMAL
28.27,45.37,786.79,51.57,24.73,260.1,NORMAL
19.86,34.9,729.99,43.3,23.32,224.62,NORMAL
18.27,52.5,662.51,41.95,22.56,227.65,RISING_RISK
41.39,60.71,920.11,37.61,24.95,339.3,RISING_RISK
22.95,36.77,645.48,45.65,24.82,237.98,NORMAL
28.6,48.35,788.12,51.97,24.56,268.53,NORMAL
18.0,34.38,713.77,43.44,23.68,213.68,NORMAL
18.28,49.33,648.85,42.09,22.42,235.39,NORMAL
41.86,62.49,925.38,38.76,24.9,336.94,RISING_RISK
22.94,38.18,670.64,46.48,25.03,246.75,NORMAL
30.55,48.57,804.43,51.33,24.57,266.29,NORMAL
19.8,36.49,686.65,43.67,23.72,217.89,NORMAL
19.26,46.19,654.49,43.78,22.45,222.52,NORMAL
46.18,60.84,934.64,38.64,25.22,346.32,RISING_RISK
25.79,36.53,686.79,46.48,24.66,252.66,NORMAL
31.34,47.95,819.71,50.06,24.46,263.93,NORMAL
18.66,35.79,693.43,44.5,23.88,224.77,NORMAL
19.63,45.61,629.36,45.19,22.23,212.55,NORMAL
46.2,63.66,928.61,40.7,25.62,360.14,RISING_RISK
28.47,37.52,694.04,46.09,24.04,251.25,NORMAL
32.15,47.22,840.25,50.71,23.84,275.28,NORMAL
16.19,33.47,690.1,45.34,23.87,227.26,NORMAL
21.1,47.11,644.17,44.71,22.38,219.15,NORMAL
46.39,66.8,931.05,39.97,25.08,364.6,RISING_RISK
29.93,38.33,720.06,46.33,24.02,259.34,NORMAL
33.39,47.19,842.94,51.96,24.13,285.14,NORMAL
17.11,34.17,678.5,45.62,23.65,214.38,NORMAL
21.81,48.43,662.51,44.42,22.47,226.84,NORMAL
47.03,66.17,934.99,39.06,24.6,376.54,RISING_RISK
31.9,42.14,743.11,46.8,24.15,279.53,NORMAL
33.69,46.55,867.52,51.96,24.29,284.85,NORMAL
14.75,32.27,671.41,45.43,23.33,214.07,NORMAL
23.5,49.31,692.78,44.74,22.31,238.7,NORMAL
46.71,65.12,940.15,39.98,24.62,379.48,RISING_RISK
29.87,41.51,764.97,48.27,24.36,288.25,NORMAL
33.45,48.46,877.84,51.9,24.22,291.99,NORMAL
13.35,32.73,655.34,47.23,22.86,224.95,NORMAL
27.61,50.37,705.13,45.62,22.72,236.38,RISING_RISK
48.44,65.91,943.49,40.42,23.92,379.61,RISING_RISK
30.98,45.74,774.44,47.52,24.53,297.5,NORMAL
35.15,51.53,896.69,51.93,24.59,301.76,RISING_RISK
14.38,29.48,647.05,48.6,22.95,231.57,NORMAL
30.37,51.53,723.96,46.56,22.74,246.31,RISING_RISK
50.08,66.39,947.89,41.01,24.03,375.13,RISING_RISK
28.67,49.82,777.46,47.26,24.56,306.47,NORMAL
37.72,55.12,918.01,53.37,24.59,315.65,RISING_RISK
13.2,28.57,645.83,48.52,23.41,218.9,NORMAL
31.55,53.03,739.09,44.77,22.8,255.2,RISING_RISK
51.66,67.85,953.76,40.88,24.35,370.82,RISING_RISK
32.29,48.93,792.89,46.83,24.38,305.88,NORMAL
38.08,62.54,926.79,54.37,24.49,314.98,RISING_RISK
15.37,32.07,624.75,48.21,23.36,209.96,NORMAL
28.73,54.69,766.94,44.41,22.67,261.55,RISING_RISK
48.91,66.25,957.18,40.42,23.94,367.52,RISING_RISK
36.23,48.74,813.37,46.87,24.44,321.25,RISING_RISK
38.67,60.79,927.01,52.62,25.03,323.14,RISING_RISK
16.23,31.49,608.88,48.64,23.35,218.77,NORMAL
28.63,52.83,787.75,44.63,23.02,271.41,RISING_RISK
47.54,65.32,932.94,41.32,23.87,352.53,RISING_RISK
36.33,51.09,823.78,48.17,24.22,343.16,RISING_RISK
39.39,64.86,950.4,51.94,25.16,328.4,RISING_RISK
17.07,32.03,647.45,48.34,23.41,230.15,NORMAL
30.97,54.72,810.34,44.19,23.74,282.44,RISING_RISK
49.21,65.69,934.09,42.83,23.43,358.32,RISING_RISK
37.53,49.13,832.54,47.39,24.62,350.0,RISING_RISK
40.72,66.24,966.49,53.81,25.36,340.43,RISING_RISK
20.3,37.2,673.33,48.22,23.43,228.14,NORMAL
31.03,54.55,816.66,45.81,23.53,289.22,RISING_RISK
46.57,63.61,941.66,43.57,23.32,370.99,RISING_RISK
38.53,54.11,854.11,48.15,24.81,349.31,RISING_RISK
39.09,67.29,991.36,54.77,25.0,348.46,RISING_RISK
23.75,37.99,703.43,48.48,23.17,233.97,NORMAL
32.55,56.12,833.62,45.55,23.57,295.14,RISING_RISK
46.76,65.36,948.26,42.66,23.73,376.89,RISING_RISK
38.36,55.27,871.33,48.43,24.77,343.51,RISING_RISK
39.89,69.37,993.47,54.82,24.84,367.48,RISING_RISK
25.31,39.22,730.66,48.0,23.34,228.66,NORMAL
31.92,58.9,852.44,45.27,23.58,298.45,RISING_RISK
47.76,66.41,952.76,42.25,23.83,382.47,RISING_RISK
38.2,53.41,880.33,49.97,24.51,350.17,RISING_RISK
39.77,64.88,1008.81,54.75,24.76,366.0,STAGNATION_PREDICTED
28.3,39.03,756.83,46.27,23.76,230.53,NORMAL
34.19,60.95,875.03,45.31,23.14,294.14,RISING_RISK
48.69,69.32,959.75,43.27,24.31,393.41,RISING_RISK
40.35,50.44,889.91,50.83,24.79,359.52,RISING_RISK
38.36,68.38,996.35,54.77,25.14,369.74,RISING_RISK
29.28,39.87,773.16,47.4,23.59,248.77,NORMAL
35.2,59.49,895.62,45.99,23.24,306.17,RISING_RISK
48.7,69.33,969.99,42.1,24.47,398.02,RISING_RISK
41.48,56.78,902.61,49.7,24.81,355.77,RISING_RISK
35.74,66.54,997.13,53.69,24.84,378.22,RISING_RISK
29.12,39.69,775.37,47.83,23.71,261.29,NORMAL
33.69,56.5,899.83,45.55,23.45,308.04,RISING_RISK
48.2,71.53,975.16,42.01,24.0,387.62,RISING_RISK
43.9,55.11,905.02,50.14,24.42,350.7,RISING_RISK
39.73,68.03,1002.04,53.88,24.6,382.4,STAGNATION_PREDICTED
29.44,41.55,798.63,48.19,23.75,266.82,NORMAL
34.7,55.85,918.64,46.77,23.23,313.65,RISING_RISK
50.11,71.11,987.41,42.47,24.13,393.98,RISING_RISK
43.05,55.08,913.34,48.73,24.0,346.05,RISING_RISK
41.66,69.87,1017.76,54.41,24.83,384.05,STAGNATION_PREDICTED
31.25,40.93,821.99,48.53,23.82,271.21,NORMAL
35.45,58.54,921.86,45.32,23.33,305.54,RISING_RISK
51.44,71.1,988.97,42.9,24.69,399.67,RISING_RISK
42.64,56.76,901.92,48.57,24.14,332.9,RISING_RISK
40.74,74.49,1010.06,53.33,24.83,379.05,STAGNATION_PREDICTED
32.03,43.36,838.04,48.19,23.64,276.37,NORMAL
34.54,61.75,927.16,47.06,23.57,327.78,RISING_RISK
53.8,71.54,1008.26,43.58,24.01,397.2,STAGNATION_PREDICTED
41.75,58.0,895.61,48.24,23.99,334.86,RISING_RISK
40.08,74.52,1027.73,53.24,24.64,379.09,STAGNATION_PREDICTED
32.09,46.29,855.6,47.82,23.65,272.54,NORMAL
36.01,65.48,935.91,46.66,24.02,328.4,RISING_RISK
53.36,73.02,1010.9,44.15,23.71,402.95,STAGNATION_PREDICTED
39.44,55.2,866.72,49.41,24.03,326.95,RISING_RISK
39.06,74.65,1027.74,53.67,25.12,387.48,STAGNATION_PREDICTED
33.97,45.27,859.58,48.44,23.49,274.0,NORMAL
35.95,63.59,919.34,46.39,24.54,316.66,RISING_RISK
55.65,71.71,1007.74,43.79,24.31,407.71,STAGNATION_PREDICTED
35.82,55.01,851.74,49.42,23.65,316.95,RISING_RISK
40.4,73.53,1028.55,53.88,25.5,383.65,STAGNATION_PREDICTED
34.68,47.18,874.55,46.59,23.15,264.22,NORMAL
34.44,62.03,900.84,46.39,25.28,306.67,RISING_RISK
54.7,70.24,1028.0,41.5,24.54,408.16,STAGNATION_PREDICTED
34.56,52.94,827.95,49.38,23.6,316.27,RISING_RISK
37.03,72.79,1018.28,54.75,25.07,395.74,STAGNATION_PREDICTED
38.5,52.51,877.96,46.98,23.29,267.39,RISING_RISK
31.64,59.09,883.67,46.57,25.47,298.64,RISING_RISK
52.81,69.8,1037.07,41.79,24.16,412.1,STAGNATION_PREDICTED
32.7,49.28,806.77,49.06,23.15,307.04,NORMAL
37.58,70.38,1020.26,52.92,24.8,386.9,STAGNATION_PREDICTED
37.73,53.96,889.42,47.35,23.44,276.06,RISING_RISK
31.99,57.3,882.24,47.81,25.33,309.07,RISING_RISK
55.52,69.72,1043.9,43.77,24.4,403.62,STAGNATION_PREDICTED
30.14,46.17,790.4,48.49,23.1,300.27,NORMAL
35.8,68.62,1029.44,54.16,24.73,383.29,STAGNATION_PREDICTED
38.73,52.69,909.18,46.0,23.85,286.06,RISING_RISK
29.93,55.32,854.75,47.51,25.12,301.67,RISING_RISK
54.22,72.64,1040.48,44.92,24.88,395.32,STAGNATION_PREDICTED
25.81,43.73,775.44,49.56,22.69,299.75,NORMAL
36.05,72.73,1023.69,53.32,25.12,386.15,STAGNATION_PREDICTED
39.62,57.71,919.94,46.35,24.08,292.08,RISING_RISK
26.42,50.46,850.92,48.89,25.51,291.69,RISING_RISK
52.35,73.39,1039.01,45.18,24.74,392.71,STAGNATION_PREDICTED
26.18,47.07,776.16,48.53,22.64,288.81,NORMAL
36.37,71.31,997.19,54.13,24.98,389.5,RISING_RISK
42.12,57.64,929.23,48.03,23.79,299.46,RISING_RISK
27.39,50.59,824.42,49.25,25.56,287.38,RISING_RISK
51.7,72.24,1055.73,43.03,24.82,384.29,STAGNATION_PREDICTED
24.08,51.11,761.72,48.02,23.04,287.97,RISING_RISK
34.27,70.89,966.64,52.29,25.24,381.34,RISING_RISK
39.49,57.33,936.0,48.18,24.1,313.88,RISING_RISK
28.44,44.8,817.61,48.55,25.41,278.09,NORMAL
53.29,71.8,1059.44,43.67,25.1,389.16,STAGNATION_PREDICTED
25.65,49.76,767.7,45.72,23.36,282.93,NORMAL
32.24,67.94,926.1,51.19,25.31,372.34,RISING_RISK
39.19,57.16,934.11,47.76,24.49,317.74,RISING_RISK
27.89,44.75,806.99,49.1,25.24,268.14,NORMAL
51.84,69.38,1055.64,43.29,25.06,392.92,STAGNATION_PREDICTED
27.9,53.67,798.88,45.24,23.63,288.82,RISING_RISK
30.22,67.04,900.88,52.27,25.52,356.89,RISING_RISK
37.18,55.93,931.42,48.82,24.29,329.45,RISING_RISK
29.97,49.5,820.33,47.64,25.49,273.58,NORMAL
52.12,66.96,1055.49,44.33,24.82,389.4,STAGNATION_PREDICTED
31.28,54.56,806.26,45.96,23.88,302.67,RISING_RISK
28.87,67.37,884.2,51.66,25.18,351.66,RISING_RISK
36.89,54.82,932.28,49.29,24.86,329.04,RISING_RISK
30.22,51.62,835.84,47.85,25.47,282.13,RISING_RISK
55.07,69.64,1064.52,43.53,24.5,386.93,STAGNATION_PREDICTED
32.0,53.69,793.31,47.22,23.44,311.84,RISING_RISK
29.99,62.15,860.33,52.52,25.44,350.25,RISING_RISK
37.48,53.95,900.71,50.42,24.79,330.56,RISING_RISK
29.44,51.67,846.96,48.59,25.87,292.91,RISING_RISK
55.19,68.57,1057.81,44.27,23.79,391.06,STAGNATION_PREDICTED
34.82,51.46,801.58,48.21,23.63,328.24,RISING_RISK
29.33,60.2,832.2,52.67,24.93,346.22,RISING_RISK
35.52,49.98,881.62,51.92,24.74,322.43,RISING_RISK
31.15,53.9,867.21,48.63,26.11,293.78,RISING_RISK
55.35,70.52,1055.09,43.63,23.6,384.6,STAGNATION_PREDICTED
36.55,54.29,805.43,48.74,23.36,325.06,RISING_RISK
30.28,60.28,817.84,53.44,24.81,340.06,RISING_RISK
33.04,50.69,876.62,52.44,24.21,316.17,RISING_RISK
29.68,54.31,886.48,50.31,26.23,311.15,RISING_RISK
51.92,70.61,1058.07,44.27,23.55,382.06,STAGNATION_PREDICTED
35.49,54.05,807.87,50.14,22.99,338.96,RISING_RISK
28.67,59.01,803.62,53.58,24.15,331.62,RISING_RISK
31.89,49.28,852.83,53.11,23.78,311.53,NORMAL
30.18,56.63,902.64,51.97,26.42,330.44,RISING_RISK
50.75,71.84,1059.79,44.01,23.86,384.98,STAGNATION_PREDICTED
35.19,55.64,824.07,50.81,22.6,345.3,RISING_RISK
27.62,57.08,782.11,53.44,23.91,327.18,RISING_RISK
32.65,47.45,847.31,52.56,23.62,296.61,NORMAL
31.14,60.33,901.25,51.78,26.69,337.19,RISING_RISK
50.15,73.7,1054.22,43.73,23.97,382.3,STAGNATION_PREDICTED
35.97,57.23,839.63,50.5,22.79,349.36,RISING_RISK
26.59,53.27,777.11,52.67,23.72,322.03,RISING_RISK
33.69,45.66,817.36,52.26,23.9,284.22,NORMAL
29.45,60.06,902.64,52.92,26.4,345.3,RISING_RISK
49.01,73.38,1055.31,45.16,24.05,382.67,STAGNATION_PREDICTED
36.16,58.82,845.84,50.66,23.12,352.87,RISING_RISK
23.41,51.5,765.03,53.39,23.7,316.69,RISING_RISK
33.13,43.94,807.42,51.61,24.12,275.59,NORMAL
30.58,60.54,912.07,51.87,26.73,345.56,RISING_RISK
46.61,74.37,1044.5,46.04,24.1,373.4,STAGNATION_PREDICTED
36.71,59.38,855.31,49.97,23.62,346.74,RISING_RISK
23.19,49.77,738.66,53.01,23.9,302.98,NORMAL
31.39,44.12,780.77,50.25,24.68,256.0,NORMAL
32.42,62.86,942.06,49.85,26.2,323.72,RISING_RISK
45.85,75.22,1049.95,45.71,23.88,362.61,STAGNATION_PREDICTED
37.2,59.82,870.1,51.17,23.36,352.04,RISING_RISK
22.67,48.61,727.8,52.55,23.64,298.12,NORMAL
29.7,45.41,764.95,48.79,24.82,245.95,NORMAL
31.2,66.31,957.53,49.41,26.45,322.66,RISING_RISK
45.03,77.2,1041.38,46.18,23.31,363.53,STAGNATION_PREDICTED
37.27,60.38,892.11,52.36,23.78,359.82,RISING_RISK
24.85,46.57,704.99,52.88,23.42,300.16,NORMAL
26.59,44.18,752.75,48.06,24.91,230.35,NORMAL
33.48,71.11,960.93,48.03,26.43,313.49,RISING_RISK
46.31,73.09,1031.88,45.68,23.28,345.98,STAGNATION_PREDICTED
38.41,64.07,911.87,51.51,23.89,366.0,RISING_RISK
22.08,46.1,702.4,51.84,24.27,284.93,NORMAL
28.67,43.14,745.94,47.09,25.19,218.21,NORMAL
37.42,71.66,955.82,48.82,26.37,323.43,RISING_RISK
47.93,80.58,1023.73,45.44,24.12,350.71,STAGNATION_PREDICTED
40.7,64.81,907.63,51.48,23.99,376.63,RISING_RISK
21.62,42.83,687.01,52.26,24.34,287.64,NORMAL
29.04,44.64,761.83,46.19,25.47,222.55,NORMAL
41.23,71.29,950.0,48.12,26.23,325.52,RISING_RISK
47.2,76.94,995.4,44.65,24.54,341.87,RISING_RISK
42.26,66.21,914.07,51.64,24.1,367.31,RISING_RISK
21.34,43.03,671.09,50.63,24.03,282.3,NORMAL
30.56,44.22,788.09,46.0,25.2,245.2,NORMAL
40.94,69.55,957.81,48.77,25.9,330.24,RISING_RISK
46.08,77.7,964.86,45.49,24.94,330.3,RISING_RISK
38.17,66.61,914.77,51.86,24.36,372.24,RISING_RISK
21.62,43.13,667.37,50.08,23.8,272.02,NORMAL
30.6,45.52,798.74,47.39,25.1,243.71,NORMAL
41.65,70.66,976.37,47.8,26.53,333.42,RISING_RISK
46.23,72.21,936.03,45.04,25.28,317.38,RISING_RISK
39.49,67.76,935.41,53.62,24.58,384.54,RISING_RISK
22.37,40.75,662.65,50.52,23.53,260.08,NORMAL
33.83,46.86,822.82,48.32,25.13,258.13,NORMAL
41.01,74.01,983.94,48.13,25.5,339.79,RISING_RISK
45.2,69.39,930.91,46.21,25.26,306.73,RISING_RISK
39.27,68.75,962.02,56.04,24.84,392.55,RISING_RISK
20.22,38.77,639.81,49.63,23.47,247.31,NORMAL
36.24,47.1,833.96,47.32,25.06,260.56,RISING_RISK
39.66,73.43,977.75,46.86,25.16,349.33,RISING_RISK
43.98,65.35,909.13,46.67,25.12,296.54,RISING_RISK
40.05,71.25,967.12,53.1,25.02,379.77,RISING_RISK
18.56,37.86,631.89,48.75,23.26,240.92,NORMAL
39.17,49.34,834.51,47.49,24.88,258.71,RISING_RISK
41.0,71.96,977.26,46.72,25.23,348.94,RISING_RISK
44.37,66.9,889.91,45.54,25.18,284.08,RISING_RISK
35.97,74.23,966.21,53.8,25.5,397.25,RISING_RISK
19.25,34.3,637.57,49.25,23.43,224.74,NORMAL
42.06,51.34,844.44,47.46,25.32,269.36,RISING_RISK
42.45,69.35,980.89,45.73,25.16,357.67,RISING_RISK
44.99,65.85,873.77,44.77,25.35,278.08,RISING_RISK
37.51,72.46,971.16,53.25,25.02,396.9,RISING_RISK
18.59,34.62,624.73,50.27,23.04,227.09,NORMAL
43.04,54.42,843.14,46.24,24.79,281.08,RISING_RISK
44.13,71.95,982.67,46.6,25.14,349.07,RISING_RISK
42.19,60.39,853.14,44.85,25.25,265.71,RISING_RISK
38.26,70.34,977.1,53.27,24.59,405.17,RISING_RISK
17.88,32.7,617.49,50.59,23.26,229.86,NORMAL
41.47,55.68,866.56,46.88,24.93,289.68,RISING_RISK
43.14,74.08,991.66,46.8,25.64,363.76,RISING_RISK
38.4,56.56,838.06,46.45,25.71,264.3,RISING_RISK
40.2,70.17,977.23,53.41,25.1,402.77,RISING_RISK
16.54,32.09,607.08,51.87,23.95,234.63,NORMAL
43.39,56.78,887.85,45.67,24.56,290.39,RISING_RISK
42.51,74.62,999.53,46.83,25.78,364.67,RISING_RISK
37.45,55.65,833.65,46.56,25.66,253.42,RISING_RISK
39.51,71.9,975.31,52.96,25.17,400.09,RISING_RISK
19.79,39.17,622.35,51.74,24.1,240.78,NORMAL
41.91,60.16,893.87,46.46,24.1,301.04,RISING_RISK
41.83,72.73,1007.26,46.65,25.1,368.2,STAGNATION_PREDICTED
38.21,55.74,815.3,46.93,25.62,242.67,RISING_RISK
41.58,70.63,986.38,51.58,24.56,394.99,RISING_RISK
24.43,40.74,657.08,51.4,24.27,245.13,NORMAL
42.64,63.13,903.48,47.76,24.31,306.65,RISING_RISK
38.46,70.43,1022.11,46.22,24.63,377.3,STAGNATION_PREDICTED
38.17,54.29,804.91,47.58,25.8,242.31,RISING_RISK
42.83,73.06,1004.21,51.85,24.31,398.62,STAGNATION_PREDICTED
26.39,41.51,671.37,51.49,24.36,258.91,NORMAL
41.76,62.72,915.26,47.62,24.43,316.13,RISING_RISK
38.68,74.62,1034.17,48.36,24.26,391.65,STAGNATION_PREDICTED
36.47,57.45,788.32,48.07,25.62,242.46,RISING_RISK
41.57,68.64,1016.21,52.72,24.67,399.45,STAGNATION_PREDICTED
28.27,43.62,699.21,51.31,24.5,272.62,NORMAL
42.02,61.65,923.77,46.97,24.8,318.05,RISING_RISK
39.49,74.59,1028.42,47.85,24.25,387.85,STAGNATION_PREDICTED
35.93,53.9,753.07,50.31,25.87,238.4,RISING_RISK
39.58,68.39,1010.24,51.62,24.86,395.43,STAGNATION_PREDICTED
29.87,44.81,718.58,51.89,24.21,283.63,NORMAL
43.73,62.15,933.34,47.4,24.9,316.89,RISING_RISK
40.09,73.83,1031.03,47.56,24.29,391.65,STAGNATION_PREDICTED
37.5,53.18,736.45,49.84,25.61,232.1,RISING_RISK
39.36,67.44,1015.41,50.91,24.68,401.1,STAGNATION_PREDICTED
30.11,44.19,751.51,52.43,24.35,300.28,NORMAL
44.33,64.91,946.45,48.06,25.19,327.5,RISING_RISK
41.54,75.75,1035.92,46.03,24.11,392.3,STAGNATION_PREDICTED
34.38,52.03,724.1,50.77,25.53,225.52,RISING_RISK
40.95,65.3,1006.51,49.43,24.53,382.84,STAGNATION_PREDICTED
28.8,45.58,768.92,50.95,24.26,294.87,NORMAL
45.4,64.77,951.84,46.83,25.38,334.92,RISING_RISK
42.81,73.42,1034.61,46.56,24.39,399.8,STAGNATION_PREDICTED
34.67,50.86,719.58,51.14,25.52,228.04,RISING_RISK
40.1,63.05,979.15,47.64,24.39,375.67,RISING_RISK
29.82,45.24,786.24,51.63,23.9,316.33,NORMAL
44.79,65.91,956.11,46.8,25.36,337.22,RISING_RISK
42.5,72.2,1025.93,45.69,23.88,395.81,STAGNATION_PREDICTED
32.04,48.87,702.25,51.31,25.41,224.2,NORMAL
38.53,56.41,965.86,46.53,24.12,362.38,RISING_RISK
31.45,44.92,799.63,51.0,23.95,321.95,NORMAL
45.25,65.42,959.7,47.02,25.26,360.0,RISING_RISK
44.16,74.35,1032.98,44.67,23.87,394.85,STAGNATION_PREDICTED
30.42,48.65,707.58,49.39,25.39,213.84,NORMAL
38.04,57.64,943.68,46.94,24.2,351.58,RISING_RISK
32.74,47.42,827.98,50.49,23.37,326.8,NORMAL
45.54,65.08,964.51,46.88,24.68,356.81,RISING_RISK
44.56,74.26,1049.15,45.08,23.85,392.17,STAGNATION_PREDICTED
30.24,49.6,713.6,51.04,25.34,220.05,NORMAL
39.04,54.55,918.54,46.44,24.34,329.99,RISING_RISK
33.99,49.35,837.54,52.29,23.87,343.24,NORMAL
43.8,63.18,938.29,46.37,24.53,340.94,RISING_RISK
44.84,74.11,1046.18,46.21,24.25,400.44,STAGNATION_PREDICTED
27.16,44.8,691.58,50.35,25.31,218.35,NORMAL
40.03,50.64,899.85,45.72,24.77,331.46,RISING_RISK
37.88,50.82,846.17,51.86,23.44,343.69,RISING_RISK
40.41,60.23,917.69,47.14,23.99,333.14,RISING_RISK
45.32,74.64,1066.74,45.95,23.91,390.46,STAGNATION_PREDICTED
27.22,41.69,687.39,51.6,25.64,217.26,NORMAL
38.61,47.72,873.32,45.88,24.41,327.15,RISING_RISK
37.66,50.92,864.62,51.98,22.94,336.39,RISING_RISK
40.11,55.97,881.95,49.15,24.41,337.6,RISING_RISK
46.42,75.19,1079.45,49.29,24.38,410.99,STAGNATION_PREDICTED
27.15,40.15,678.01,50.78,25.55,207.68,NORMAL
36.89,44.88,843.63,44.29,24.77,311.43,RISING_RISK
36.87,49.49,871.0,53.22,23.45,352.09,RISING_RISK
36.84,55.01,861.73,50.11,24.55,324.16,RISING_RISK
47.65,72.12,1082.51,49.87,24.36,409.49,STAGNATION_PREDICTED
24.93,39.68,675.45,50.35,25.61,210.06,NORMAL
38.54,43.7,835.04,46.27,25.0,299.09,RISING_RISK
36.05,54.91,896.56,53.04,23.5,353.22,RISING_RISK
36.15,52.3,844.48,48.99,24.62,303.52,RISING_RISK
48.71,72.47,1086.27,49.7,24.67,408.63,STAGNATION_PREDICTED
24.3,37.99,676.52,50.34,25.67,216.13,NORMAL
36.36,43.19,817.06,46.07,25.58,288.42,RISING_RISK
37.63,57.54,911.32,53.85,23.58,354.23,RISING_RISK
33.94,49.27,828.74,49.75,24.38,298.44,NORMAL
50.12,70.28,1095.42,49.87,24.36,411.15,STAGNATION_PREDICTED
23.55,35.33,659.34,48.73,25.2,200.82,NORMAL
36.19,44.89,815.62,46.39,25.82,282.57,RISING_RISK
39.26,59.02,916.84,52.38,23.54,346.47,RISING_RISK
32.4,46.91,817.76,48.18,24.17,286.94,NORMAL
48.99,67.12,1080.28,48.98,24.64,408.16,STAGNATION_PREDICTED
25.51,36.49,657.76,48.57,25.49,191.82,NORMAL
40.46,49.03,834.96,45.49,25.04,286.11,RISING_RISK
38.83,55.38,938.27,54.43,23.1,353.62,RISING_RISK
31.97,41.91,806.88,48.32,24.42,270.43,NORMAL
46.36,64.7,1051.48,50.45,24.71,390.86,STAGNATION_PREDICTED
22.62,36.0,657.65,48.84,25.34,200.49,NORMAL
39.82,52.67,852.86,44.89,25.12,298.7,RISING_RISK
41.6,55.71,970.87,54.4,23.01,352.44,RISING_RISK
30.21,39.1,808.75,49.46,24.06,265.65,NORMAL
46.28,68.79,1060.24,51.39,24.73,394.94,STAGNATION_PREDICTED
23.91,35.64,636.96,49.86,25.31,200.92,NORMAL
40.99,52.24,874.49,44.87,24.85,302.96,RISING_RISK
41.57,55.81,984.39,55.7,22.77,368.7,RISING_RISK
30.47,39.52,787.54,49.46,24.15,252.1,NORMAL
49.13,67.73,1068.78,52.27,25.0,391.74,STAGNATION_PREDICTED
25.31,33.26,643.28,50.56,24.62,209.23,NORMAL
40.54,53.32,896.38,43.86,24.59,297.52,RISING_RISK
43.88,57.17,985.7,55.68,22.83,365.0,RISING_RISK
31.31,35.23,771.98,48.92,24.77,234.21,NORMAL
52.57,67.72,1065.43,51.22,24.98,383.29,STAGNATION_PREDICTED
26.96,31.83,618.73,50.46,24.91,208.36,NORMAL
42.82,57.68,906.02,44.55,24.46,313.8,RISING_RISK
45.65,56.88,989.42,55.01,23.02,366.61,RISING_RISK
30.72,34.18,743.56,48.94,24.33,237.02,NORMAL
53.57,67.79,1075.78,50.71,25.12,387.35,STAGNATION_PREDICTED
27.76,29.63,614.31,48.78,24.68,194.57,NORMAL
42.17,64.65,920.85,45.6,24.25,313.57,RISING_RISK
48.15,58.07,993.18,53.85,23.11,365.57,RISING_RISK
28.91,32.12,732.69,47.3,24.86,237.36,NORMAL
53.96,65.04,1069.84,49.6,25.25,375.13,STAGNATION_PREDICTED
27.46,33.88,612.88,48.65,25.45,195.86,NORMAL
43.56,68.55,933.1,46.09,23.32,312.43,RISING_RISK
48.74,58.99,994.39,55.44,23.48,373.8,RISING_RISK
27.1,29.55,716.31,49.01,24.78,233.61,NORMAL
54.49,61.32,1082.84,49.2,24.95,377.58,STAGNATION_PREDICTED
28.75,35.3,602.84,49.05,25.4,193.64,NORMAL
45.95,68.47,945.6,45.51,23.43,329.32,RISING_RISK
48.49,60.09,996.89,56.0,23.78,379.35,RISING_RISK
28.02,29.59,699.92,49.06,25.21,231.18,NORMAL
53.76,61.86,1077.39,48.96,25.36,379.09,STAGNATION_PREDICTED
26.95,33.49,599.21,47.66,25.17,192.85,NORMAL
46.79,70.03,951.11,45.19,23.77,339.14,RISING_RISK
48.45,60.39,1002.84,56.81,23.99,387.84,STAGNATION_PREDICTED
27.53,30.31,680.65,49.44,24.65,236.51,NORMAL
54.25,63.65,1066.6,47.63,25.53,391.43,STAGNATION_PREDICTED
25.43,31.38,582.55,47.48,25.15,192.29,NORMAL
47.06,70.7,967.27,44.35,23.67,336.22,RISING_RISK
51.23,58.87,993.3,56.4,24.16,392.24,RISING_RISK
26.96,28.99,674.72,50.13,25.0,238.69,NORMAL
53.73,66.31,1077.67,50.1,25.21,398.46,STAGNATION_PREDICTED
28.56,33.98,613.45,46.62,25.61,194.14,NORMAL
45.35,70.29,963.89,45.22,23.88,346.1,RISING_RISK
51.79,61.1,986.8,56.96,23.98,403.66,RISING_RISK
23.96,27.26,658.04,52.3,24.97,241.5,NORMAL
53.18,68.73,1066.4,49.4,25.49,403.29,STAGNATION_PREDICTED
28.53,39.13,637.0,45.98,25.82,206.03,NORMAL
47.24,70.01,959.22,45.05,24.36,349.96,RISING_RISK
52.43,67.9,994.11,55.72,23.88,406.76,RISING_RISK
23.96,27.86,659.09,51.34,24.71,244.61,NORMAL
51.68,67.16,1069.88,49.49,25.65,403.22,STAGNATION_PREDICTED
29.66,43.02,667.67,45.37,26.04,214.51,NORMAL
49.94,72.26,968.69,46.1,24.43,354.26,RISING_RISK
52.13,71.5,1002.39,55.87,23.75,407.66,STAGNATION_PREDICTED
24.88,30.55,646.71,51.12,24.79,240.07,NORMAL
51.18,65.61,1081.91,48.53,25.7,405.77,STAGNATION_PREDICTED
29.57,46.39,692.24,45.03,25.99,230.63,NORMAL
49.19,70.34,974.28,46.82,24.57,359.12,RISING_RISK
53.2,74.25,1011.64,54.04,23.39,402.2,STAGNATION_PREDICTED
27.38,30.37,634.18,50.82,24.75,238.75,NORMAL
47.96,66.14,1073.1,48.24,25.01,417.27,STAGNATION_PREDICTED
29.92,46.53,715.74,45.36,25.93,241.6,NORMAL
50.72,73.58,993.16,47.58,24.02,371.35,RISING_RISK
54.01,70.53,1022.84,52.63,23.59,402.03,STAGNATION_PREDICTED
26.11,28.39,631.33,50.47,25.32,233.84,NORMAL
48.59,66.22,1068.23,48.22,24.91,409.15,STAGNATION_PREDICTED
30.38,47.72,731.79,44.12,25.86,250.75,NORMAL
52.48,76.12,1002.25,48.05,23.97,370.18,STAGNATION_PREDICTED
53.56,68.96,1026.16,51.83,23.41,402.47,STAGNATION_PREDICTED
27.89,28.17,610.41,52.09,25.16,229.31,NORMAL
48.98,68.16,1066.19,46.1,24.87,399.68,STAGNATION_PREDICTED
32.15,45.39,748.3,44.72,25.62,262.8,NORMAL
51.83,74.12,1016.16,48.14,24.43,377.73,STAGNATION_PREDICTED
53.82,67.76,1037.0,51.62,23.24,397.8,STAGNATION_PREDICTED
29.05,29.19,595.25,53.18,24.62,233.42,NORMAL
49.31,64.08,1021.56,46.08,24.81,390.94,STAGNATION_PREDICTED
31.89,45.17,762.96,43.78,24.95,271.05,NORMAL
52.85,70.73,1024.72,46.59,24.48,380.57,STAGNATION_PREDICTED
56.77,65.22,1046.79,52.37,23.47,402.83,STAGNATION_PREDICTED
26.54,28.86,580.17,51.05,24.66,232.6,NORMAL
47.35,57.02,994.21,47.73,25.06,397.54,RISING_RISK
34.31,47.45,780.09,44.56,24.67,277.91,NORMAL
54.26,71.33,1033.44,45.25,24.86,396.08,STAGNATION_PREDICTED
58.39,66.96,1023.08,51.97,22.54,401.11,STAGNATION_PREDICTED
28.39,29.2,571.14,50.29,24.56,230.45,NORMAL
43.86,57.12,969.39,47.23,25.39,377.38,RISING_RISK
34.59,48.44,789.87,45.93,24.88,288.58,NORMAL
52.55,69.68,1043.15,46.27,25.35,399.71,STAGNATION_PREDICTED
56.97,69.0,1029.94,50.88,22.7,394.47,STAGNATION_PREDICTED
25.68,24.78,568.02,49.05,24.44,220.75,NORMAL
43.73,53.78,960.57,46.8,24.74,362.76,RISING_RISK
35.44,46.77,809.22,45.15,25.01,295.9,RISING_RISK
55.52,70.65,1044.77,46.9,25.71,399.42,STAGNATION_PREDICTED
56.16,66.7,1042.48,50.48,22.62,387.81,STAGNATION_PREDICTED
24.18,22.46,568.63,50.0,24.54,219.06,NORMAL
41.13,50.97,924.81,47.92,24.7,361.8,RISING_RISK
36.15,49.0,819.55,45.31,24.91,301.49,RISING_RISK
53.83,67.85,1029.41,46.09,25.39,403.65,STAGNATION_PREDICTED
55.75,66.57,1047.68,50.26,21.94,387.25,STAGNATION_PREDICTED
25.72,25.89,559.89,48.63,24.71,202.7,NORMAL
40.31,47.56,912.71,47.55,24.37,351.93,RISING_RISK
36.13,53.02,832.54,43.92,24.37,302.54,RISING_RISK
53.42,72.56,1032.03,46.2,25.31,415.42,STAGNATION_PREDICTED
55.53,66.56,1051.28,50.89,22.12,394.43,STAGNATION_PREDICTED
22.98,28.91,564.66,48.32,24.82,193.36,NORMAL
36.73,47.45,903.36,47.35,24.39,332.05,RISING_RISK
37.53,52.78,831.27,43.63,24.27,303.83,RISING_RISK
51.95,71.51,1033.54,46.29,25.21,416.93,STAGNATION_PREDICTED
51.95,66.27,1017.37,50.38,22.22,375.15,STAGNATION_PREDICTED
21.84,28.49,559.98,48.67,24.53,189.46,NORMAL
33.63,44.37,889.09,45.92,24.66,322.46,NORMAL
37.92,52.05,843.94,42.29,24.27,314.15,RISING_RISK
50.4,71.6,1044.16,48.2,25.18,421.68,STAGNATION_PREDICTED
51.24,67.88,1035.49,49.04,22.77,376.34,STAGNATION_PREDICTED
21.88,25.14,548.37,50.21,24.17,189.1,NORMAL
31.45,47.43,879.52,45.76,24.93,313.93,NORMAL
36.72,54.06,862.1,44.28,24.31,329.49,RISING_RISK
54.15,67.98,1042.05,49.32,25.56,414.97,STAGNATION_PREDICTED
49.08,70.75,1037.89,47.41,22.78,374.92,STAGNATION_PREDICTED
20.13,28.69,549.7,50.03,23.77,192.69,NORMAL
30.62,46.8,865.62,46.38,24.94,316.67,NORMAL
38.2,57.42,859.63,44.29,24.55,330.57,RISING_RISK
53.58,67.72,1023.06,49.76,25.02,400.13,STAGNATION_PREDICTED
49.49,71.98,1058.08,46.54,23.47,365.87,STAGNATION_PREDICTED
20.06,28.03,550.34,51.49,23.82,202.94,NORMAL
30.14,41.9,842.61,45.76,24.59,309.38,NORMAL
37.71,54.56,836.02,44.78,24.58,329.6,RISING_RISK
51.49,63.04,984.3,49.06,25.07,385.97,RISING_RISK
50.31,70.82,1070.44,45.71,23.63,366.38,STAGNATION_PREDICTED
16.23,29.74,562.55,50.5,23.67,196.02,NORMAL
27.85,47.1,830.22,44.82,24.38,292.34,NORMAL
35.98,53.29,820.43,42.99,24.25,320.6,RISING_RISK
50.93,57.94,976.72,48.27,25.0,371.81,RISING_RISK
49.68,72.36,1068.81,44.88,23.71,368.44,STAGNATION_PREDICTED
15.29,27.93,569.95,49.23,23.68,195.09,NORMAL
22.48,46.82,816.95,44.53,24.81,295.09,NORMAL
35.98,50.69,800.61,44.54,24.41,316.25,RISING_RISK
47.69,57.0,956.94,47.28,25.47,353.26,RISING_RISK
52.58,72.95,1077.4,44.5,23.91,366.8,STAGNATION_PREDICTED
16.26,29.59,562.03,49.64,23.9,194.72,NORMAL
21.04,46.82,804.21,45.6,24.27,300.3,NORMAL
32.8,49.43,782.46,44.37,24.55,303.01,NORMAL
45.62,54.56,931.62,46.05,25.06,352.36,RISING_RISK
52.38,71.87,1075.94,44.43,23.46,376.12,STAGNATION_PREDICTED
14.52,29.32,559.42,50.07,23.97,182.88,NORMAL
17.64,46.54,797.42,43.89,24.8,285.46,NORMAL
30.8,47.76,774.08,45.11,24.52,307.46,NORMAL
42.69,48.11,912.52,45.98,24.94,349.01,RISING_RISK
51.68,74.64,1072.63,44.57,23.3,383.73,STAGNATION_PREDICTED
14.89,30.89,564.67,50.67,24.11,188.7,NORMAL
17.09,45.91,793.07,43.08,24.57,279.57,NORMAL
31.11,47.34,752.26,44.03,24.95,299.62,NORMAL
42.33,48.73,918.62,46.07,25.44,346.2,RISING_RISK
51.13,77.09,1067.33,45.32,23.04,377.37,STAGNATION_PREDICTED
12.79,29.72,574.23,51.03,24.38,197.4,NORMAL
19.53,48.32,793.35,42.82,24.13,280.02,NORMAL
31.54,47.2,750.96,45.66,24.48,286.75,NORMAL
41.88,48.3,926.27,47.23,25.14,355.54,RISING_RISK
48.69,80.03,1065.86,45.35,23.0,379.87,STAGNATION_PREDICTED
10.16,25.41,571.65,51.65,24.89,200.91,NORMAL
20.72,47.91,806.21,43.82,24.11,275.7,NORMAL
30.21,49.69,737.87,47.15,24.96,289.62,NORMAL
40.39,46.87,937.92,46.25,24.92,352.61,RISING_RISK
48.93,79.82,1071.92,44.41,23.3,368.36,STAGNATION_PREDICTED
9.67,27.43,577.78,51.31,25.27,198.38,NORMAL
19.87,49.11,815.83,44.33,23.97,284.7,NORMAL
27.48,48.4,714.8,46.56,24.31,280.01,NORMAL
41.75,49.43,945.78,46.42,24.75,359.07,RISING_RISK
50.37,81.44,1068.49,44.94,23.14,371.25,STAGNATION_PREDICTED
7.73,24.77,567.48,51.76,25.17,194.22,NORMAL
21.43,50.86,814.53,44.4,24.08,283.62,RISING_RISK
26.27,46.52,693.55,46.35,23.72,281.52,NORMAL
42.58,50.23,963.06,46.22,24.91,363.22,RISING_RISK
51.09,81.77,1069.13,44.23,22.94,374.97,STAGNATION_PREDICTED
9.18,25.42,569.52,51.48,25.09,195.36,NORMAL
23.23,55.54,831.35,43.74,24.35,283.88,RISING_RISK
26.73,46.81,672.73,44.82,23.42,267.04,NORMAL
43.42,51.78,956.32,45.61,24.53,362.1,RISING_RISK
50.87,79.69,1066.86,43.98,23.08,370.19,STAGNATION_PREDICTED
8.92,26.11,559.55,53.04,25.74,191.97,NORMAL
25.06,61.61,832.36,43.83,24.54,286.67,RISING_RISK
26.53,46.07,660.35,44.64,23.36,265.22,NORMAL
45.27,56.72,964.16,45.54,24.79,360.26,RISING_RISK
51.39,79.71,1056.3,42.19,23.64,371.93,STAGNATION_PREDICTED
11.82,24.42,548.35,51.55,25.33,173.97,NORMAL
25.13,62.4,836.65,45.32,25.02,297.99,RISING_RISK
25.74,42.58,656.93,44.7,23.19,252.29,NORMAL
45.35,56.45,976.18,45.93,24.07,356.82,RISING_RISK
52.02,81.61,1058.71,41.42,23.48,372.48,STAGNATION_PREDICTED
14.34,28.12,546.84,49.34,25.24,161.5,NORMAL
25.39,61.42,832.05,45.3,25.07,304.11,RISING_RISK
25.5,41.22,647.64,43.8,22.57,249.28,NORMAL
45.4,55.28,984.62,45.09,23.69,354.35,RISING_RISK
56.18,83.88,1077.33,40.91,24.02,371.31,STAGNATION_PREDICTED
16.28,26.37,568.02,49.07,24.77,176.28,NORMAL
27.34,58.33,842.69,45.22,24.62,310.55,RISING_RISK
26.32,39.57,636.87,41.38,22.75,256.24,NORMAL
46.2,60.28,977.59,45.55,23.5,356.19,RISING_RISK
56.61,83.6,1063.08,41.43,24.19,368.31,STAGNATION_PREDICTED
17.78,29.91,616.31,49.49,25.1,175.22,NORMAL
26.59,59.22,867.18,44.87,24.48,312.95,RISING_RISK
25.03,36.59,631.03,42.87,23.01,253.73,NORMAL
47.98,61.97,989.23,44.09,23.17,356.78,RISING_RISK
58.63,79.84,1063.09,40.86,24.32,371.27,STAGNATION_PREDICTED
17.83,30.69,632.15,49.56,25.5,187.97,NORMAL
28.94,60.02,885.05,44.38,24.58,315.96,RISING_RISK
23.01,35.2,638.46,43.01,23.34,243.94,NORMAL
47.06,59.22,997.27,44.82,23.4,361.98,RISING_RISK
58.15,80.52,1075.73,41.11,24.27,370.26,STAGNATION_PREDICTED
17.98,31.71,651.27,47.63,25.57,198.14,NORMAL
27.89,63.0,895.1,46.14,24.4,314.78,RISING_RISK
21.93,30.84,626.48,44.1,23.89,235.84,NORMAL
49.56,55.52,999.14,42.45,23.39,362.1,RISING_RISK
58.61,81.08,1074.45,41.17,23.98,371.23,STAGNATION_PREDICTED
23.35,33.2,673.36,47.83,24.79,205.21,NORMAL
30.14,66.8,900.15,46.01,24.54,322.14,RISING_RISK
23.53,28.39,630.37,43.22,23.96,227.95,NORMAL
48.05,56.29,993.42,43.11,23.47,366.56,RISING_RISK
57.3,79.72,1083.76,40.36,23.71,379.83,STAGNATION_PREDICTED
24.0,34.06,694.84,48.7,25.22,210.36,NORMAL
31.87,62.0,904.77,45.56,24.43,318.25,RISING_RISK
23.92,25.91,613.28,43.95,24.05,228.44,NORMAL
49.18,56.78,994.13,42.84,23.05,367.23,RISING_RISK
54.73,80.58,1087.14,39.31,23.67,371.39,STAGNATION_PREDICTED
24.39,37.25,721.41,48.02,25.0,212.07,NORMAL
34.39,61.73,911.8,43.83,24.26,319.1,RISING_RISK
22.41,27.24,610.26,43.05,23.12,232.77,NORMAL
48.88,59.74,988.52,41.46,22.98,369.6,RISING_RISK
57.52,79.72,1092.51,39.28,23.39,378.24,STAGNATION_PREDICTED
24.89,40.72,731.64,48.83,24.98,221.51,NORMAL
35.35,61.46,925.3,43.12,23.58,318.96,RISING_RISK
21.71,24.42,597.02,44.52,23.98,222.42,NORMAL
47.83,56.53,998.73,41.81,22.79,370.55,RISING_RISK
55.35,79.66,1089.3,38.61,23.69,377.01,STAGNATION_PREDICTED
27.79,40.71,747.25,48.49,24.48,230.67,NORMAL
38.99,60.97,931.87,43.99,22.78,339.59,RISING_RISK
18.91,26.28,613.9,45.19,23.86,228.61,NORMAL
49.06,57.57,999.22,41.73,22.91,377.46,RISING_RISK
52.54,80.96,1080.53,37.46,23.53,374.34,STAGNATION_PREDICTED
29.55,42.09,756.48,47.76,24.53,228.06,NORMAL
37.62,59.81,948.84,45.01,22.87,349.26,RISING_RISK
19.68,26.51,613.27,43.6,24.53,220.42,NORMAL
49.15,58.01,1017.42,42.28,23.01,377.62,STAGNATION_PREDICTED
51.0,82.13,1073.58,38.11,23.55,371.36,STAGNATION_PREDICTED
28.78,39.29,777.8,45.73,24.96,228.36,NORMAL
38.51,61.42,941.12,44.84,23.19,354.42,RISING_RISK
16.98,24.5,606.91,44.67,24.88,218.76,NORMAL
48.04,57.86,1005.95,41.61,22.98,378.9,STAGNATION_PREDICTED
49.69,79.86,1071.03,38.36,23.69,378.07,STAGNATION_PREDICTED
28.65,39.19,793.33,47.56,24.76,238.76,NORMAL
37.61,60.93,942.48,43.24,23.24,369.06,RISING_RISK
18.91,25.71,600.3,45.59,24.57,219.47,NORMAL
47.9,57.7,1004.02,41.55,23.2,381.36,STAGNATION_PREDICTED
49.3,78.74,1076.44,38.84,23.76,382.2,STAGNATION_PREDICTED
31.82,40.65,795.98,49.96,24.7,247.64,NORMAL
38.66,60.91,964.34,43.25,22.85,385.61,RISING_RISK
18.78,21.49,607.97,46.65,24.05,227.99,NORMAL
50.11,57.41,1018.89,42.09,23.13,385.55,STAGNATION_PREDICTED
47.37,76.66,1077.0,39.67,24.0,396.36,STAGNATION_PREDICTED
33.31,43.81,821.36,50.39,24.2,269.7,NORMAL
38.32,63.85,977.44,43.02,22.76,380.57,RISING_RISK
16.64,24.51,596.15,46.01,24.11,225.62,NORMAL
52.48,58.32,1022.75,41.25,23.34,388.37,STAGNATION_PREDICTED
43.97,73.28,1039.14,40.16,23.47,392.01,STAGNATION_PREDICTED
35.56,45.1,837.41,50.33,23.8,259.14,RISING_RISK
38.43,62.46,987.61,42.62,22.42,373.4,RISING_RISK
16.72,20.66,588.08,46.67,24.22,217.82,NORMAL
54.87,58.31,1026.7,41.05,23.26,388.01,STAGNATION_PREDICTED
43.52,69.28,1010.75,39.85,23.77,384.84,STAGNATION_PREDICTED
35.42,47.0,833.75,50.63,23.76,268.92,RISING_RISK
38.9,64.61,985.67,43.2,22.44,374.28,RISING_RISK
18.66,22.21,599.29,46.15,24.18,206.9,NORMAL
54.59,59.38,1032.05,39.31,23.17,398.19,STAGNATION_PREDICTED
41.63,67.76,966.57,39.61,24.03,377.18,RISING_RISK
35.28,50.42,831.41,48.07,24.4,273.79,RISING_RISK
40.37,67.46,995.89,43.19,22.17,368.39,RISING_RISK
16.99,22.52,594.32,45.24,24.26,197.45,NORMAL
53.78,61.73,1022.94,38.01,23.16,398.58,STAGNATION_PREDICTED
42.55,64.33,931.66,40.21,23.75,370.37,RISING_RISK
35.85,52.98,828.18,46.37,23.78,281.43,RISING_RISK
39.91,67.94,997.26,44.53,21.73,364.4,RISING_RISK
16.18,23.2,592.86,45.07,23.79,198.5,NORMAL
53.56,64.88,1016.78,37.31,23.23,400.29,STAGNATION_PREDICTED
41.43,65.21,902.25,40.14,23.74,361.94,RISING_RISK
37.51,53.05,835.71,46.27,24.0,290.84,RISING_RISK
41.21,68.16,997.57,44.44,22.04,366.4,RISING_RISK
16.56,22.39,608.5,43.83,23.42,195.97,NORMAL
54.74,65.43,1019.86,36.35,23.13,406.26,STAGNATION_PREDICTED
39.03,65.2,883.93,40.27,23.69,351.1,RISING_RISK
37.09,53.96,851.38,46.52,23.76,303.93,RISING_RISK
40.43,69.86,1005.85,45.33,22.6,368.94,STAGNATION_PREDICTED
18.01,22.7,603.28,44.08,23.61,201.2,NORMAL
54.99,65.25,1021.52,36.21,23.06,405.45,STAGNATION_PREDICTED
36.99,62.23,876.42,40.07,23.71,342.29,RISING_RISK
38.96,56.22,857.46,47.4,23.96,317.41,RISING_RISK
40.71,71.44,1007.86,45.76,22.54,377.05,STAGNATION_PREDICTED
17.5,23.03,588.15,42.76,23.63,193.73,NORMAL
54.68,61.67,1019.4,34.91,23.16,394.63,STAGNATION_PREDICTED
36.24,59.16,861.57,38.92,23.36,326.24,RISING_RISK
37.33,56.9,877.6,45.81,24.22,319.57,RISING_RISK
42.21,70.13,1007.3,45.26,22.93,378.32,STAGNATION_PREDICTED
18.59,25.47,574.91,43.81,23.72,202.7,NORMAL
53.51,59.36,1029.19,35.0,23.31,386.51,STAGNATION_PREDICTED
33.62,56.42,834.05,38.04,23.73,317.65,RISING_RISK
36.3,59.67,877.42,46.21,24.17,323.7,RISING_RISK
44.69,71.16,1002.9,45.81,23.13,385.37,STAGNATION_PREDICTED
19.13,25.18,570.48,44.36,23.9,185.24,NORMAL
53.48,58.45,1021.81,35.44,22.86,391.09,STAGNATION_PREDICTED
31.15,56.69,822.02,37.4,23.54,322.87,RISING_RISK
37.41,59.16,891.99,46.57,24.18,322.04,RISING_RISK
44.99,73.38,1009.98,45.38,23.46,381.85,STAGNATION_PREDICTED
19.98,25.71,567.12,43.36,23.73,180.81,NORMAL
52.32,58.42,1023.81,35.64,22.39,396.14,STAGNATION_PREDICTED
28.68,52.93,805.3,38.08,23.8,306.83,RISING_RISK
37.54,58.43,906.05,46.15,24.49,318.79,RISING_RISK
44.32,72.52,1017.14,45.23,23.67,390.76,STAGNATION_PREDICTED
19.82,27.7,561.38,43.71,23.67,182.59,NORMAL
49.96,60.68,1026.65,34.4,22.5,398.23,STAGNATION_PREDICTED
28.65,53.01,782.12,39.8,23.52,299.5,RISING_RISK
39.44,57.15,910.85,45.59,25.06,314.05,RISING_RISK
41.87,72.57,990.14,46.84,23.78,383.15,RISING_RISK
19.44,26.65,539.0,43.09,24.14,180.51,NORMAL
51.36,60.06,1031.01,36.1,22.19,404.81,STAGNATION_PREDICTED
25.83,49.98,768.08,39.57,22.92,303.32,NORMAL
39.75,59.24,934.51,44.08,24.63,319.36,RISING_RISK
38.72,70.83,971.58,49.08,23.57,374.26,RISING_RISK
19.02,24.24,536.81,43.27,24.11,183.67,NORMAL
48.4,62.09,1043.33,33.85,22.39,403.79,STAGNATION_PREDICTED
25.43,48.48,758.11,38.15,22.94,298.64,NORMAL
40.77,61.25,948.3,43.23,24.63,319.92,RISING_RISK
37.41,69.72,955.07,48.22,23.12,355.61,RISING_RISK
17.17,24.99,538.97,43.83,24.03,173.03,NORMAL
46.02,61.49,1023.76,34.84,22.25,393.94,STAGNATION_PREDICTED
26.8,49.5,757.97,38.38,23.38,299.59,NORMAL
39.8,61.66,964.35,43.62,25.3,326.81,RISING_RISK
34.62,67.64,926.12,46.46,23.09,337.06,RISING_RISK
13.92,26.22,554.63,43.6,23.33,165.72,NORMAL
46.51,60.62,1004.9,35.15,22.58,376.1,STAGNATION_PREDICTED
23.45,47.89,741.95,37.99,23.85,293.69,NORMAL
39.33,61.88,969.67,43.0,25.17,335.83,RISING_RISK
32.03,63.28,909.14,44.8,23.47,324.33,RISING_RISK
14.89,25.86,554.34,42.89,23.22,171.47,NORMAL
47.24,56.37,981.51,34.98,22.55,360.23,RISING_RISK
22.05,45.63,730.16,38.16,24.2,284.43,NORMAL
39.23,62.24,983.15,43.04,24.94,346.68,RISING_RISK
33.74,61.71,888.65,44.66,23.74,318.9,RISING_RISK
16.96,25.76,564.73,42.69,23.7,175.32,NORMAL
45.73,50.69,938.27,34.93,22.92,358.06,RISING_RISK
21.19,47.33,713.59,39.3,24.49,276.42,NORMAL
39.68,66.41,1001.33,43.48,24.53,354.11,STAGNATION_PREDICTED
33.5,65.32,859.04,43.4,23.92,309.2,RISING_RISK
16.7,24.17,560.23,41.59,23.34,172.16,NORMAL
43.98,47.51,915.16,34.19,23.44,349.17,RISING_RISK
20.14,45.32,712.17,39.8,24.51,268.43,NORMAL
42.24,68.11,989.33,43.41,24.55,349.03,RISING_RISK
33.0,66.35,837.75,44.57,23.9,300.13,RISING_RISK
17.28,27.89,554.32,41.8,23.18,183.34,NORMAL
42.05,43.88,881.07,33.27,23.05,336.19,RISING_RISK
20.45,42.3,711.11,37.78,24.52,258.61,NORMAL
43.61,71.2,994.01,43.05,24.78,357.52,RISING_RISK
32.31,64.56,815.7,44.55,23.58,297.81,RISING_RISK
17.31,28.52,541.71,41.33,23.4,183.55,NORMAL
40.2,42.68,862.52,31.93,23.32,326.77,RISING_RISK
19.17,40.37,706.18,38.31,24.4,254.99,NORMAL
44.28,69.43,1001.11,43.17,25.1,361.56,STAGNATION_PREDICTED
30.66,60.04,789.86,42.7,23.34,300.43,RISING_RISK
18.44,29.0,521.93,41.0,24.11,179.72,NORMAL
38.17,41.29,839.58,34.53,23.6,308.38,RISING_RISK
18.77,38.28,701.34,37.92,24.14,265.56,NORMAL
45.97,68.92,1002.2,43.1,25.21,362.99,STAGNATION_PREDICTED
31.15,56.45,780.54,42.84,23.39,297.67,RISING_RISK
19.49,29.55,536.96,42.08,24.16,186.02,NORMAL
37.05,38.61,830.19,36.82,23.52,289.84,RISING_RISK
16.61,37.46,704.32,36.53,23.65,247.33,NORMAL
47.84,67.18,1011.54,42.16,24.79,362.43,STAGNATION_PREDICTED
29.51,52.1,777.26,41.89,23.29,282.61,RISING_RISK
18.87,27.99,542.73,42.63,24.38,183.37,NORMAL
35.11,40.13,794.4,37.05,23.47,275.87,RISING_RISK
18.04,36.69,700.58,35.91,24.03,246.52,NORMAL
47.08,65.46,977.74,41.33,24.99,351.68,RISING_RISK
28.28,51.2,750.86,42.03,23.77,279.36,RISING_RISK
19.62,27.93,530.74,42.23,24.51,180.66,NORMAL
32.15,36.24,777.92,36.75,23.48,271.74,NORMAL
18.78,36.44,680.6,35.8,24.26,234.47,NORMAL
45.49,60.24,959.1,41.76,25.16,340.67,RISING_RISK
25.83,52.36,745.45,41.14,24.08,270.25,RISING_RISK
20.06,27.93,535.03,41.88,24.83,175.42,NORMAL
35.04,36.65,793.38,35.53,23.18,280.66,RISING_RISK
20.11,38.14,673.13,36.79,24.53,227.97,NORMAL
43.11,58.95,930.97,40.21,25.12,335.38,RISING_RISK
25.12,50.53,738.2,41.04,24.57,269.29,RISING_RISK
22.23,24.06,543.38,41.5,25.02,167.76,NORMAL
35.8,39.64,811.14,37.34,22.55,280.22,RISING_RISK
19.18,40.03,663.91,35.88,24.65,239.56,NORMAL
41.25,57.03,923.49,41.77,24.69,318.41,RISING_RISK
24.76,50.95,724.04,44.13,24.65,267.26,RISING_RISK
19.97,22.05,541.11,40.17,24.61,150.28,NORMAL
36.52,39.23,821.14,36.62,22.77,290.13,RISING_RISK
19.68,40.02,661.63,36.59,25.2,236.84,NORMAL
38.45,54.98,898.14,40.37,24.62,309.01,RISING_RISK
23.32,48.97,707.9,44.52,24.64,262.19,NORMAL
20.08,22.41,557.04,39.06,24.23,148.33,NORMAL
36.99,41.57,829.53,36.77,22.53,300.98,RISING_RISK
20.43,38.81,650.42,35.99,25.56,226.28,NORMAL
37.67,52.16,874.88,41.69,24.45,303.13,RISING_RISK
20.94,51.06,702.9,44.34,24.61,252.69,RISING_RISK
17.04,18.86,563.89,39.73,24.21,140.36,NORMAL
36.6,39.74,835.39,37.13,23.31,304.51,RISING_RISK
22.42,37.91,642.97,37.19,25.34,215.68,NORMAL
35.85,50.66,854.19,42.26,24.24,289.74,RISING_RISK
22.82,50.9,697.89,44.44,24.42,248.91,RISING_RISK
17.65,17.78,542.29,40.16,24.47,141.0,NORMAL
37.47,41.96,848.85,37.12,23.17,303.92,RISING_RISK
21.4,37.82,613.0,37.33,25.25,217.58,NORMAL
34.6,50.75,838.62,42.91,24.2,299.05,RISING_RISK
22.33,47.86,681.78,43.33,24.49,246.8,NORMAL
17.86,16.72,541.53,39.4,24.58,149.55,NORMAL
37.3,44.5,846.6,36.31,23.3,310.28,RISING_RISK
21.39,35.19,618.44,37.88,25.05,212.0,NORMAL
31.51,52.18,824.04,42.67,23.87,301.42,RISING_RISK
24.75,48.55,674.74,42.77,23.99,238.96,NORMAL
16.08,16.5,528.73,37.67,24.35,152.31,NORMAL
38.01,47.95,858.34,36.0,22.96,316.96,RISING_RISK
21.09,33.46,601.39,38.51,24.97,213.04,NORMAL
30.63,52.32,803.11,42.42,23.83,291.27,RISING_RISK
24.22,45.65,683.68,43.74,24.49,229.03,NORMAL
12.86,17.95,539.53,38.03,24.47,157.97,NORMAL
39.81,49.59,868.17,36.36,23.11,319.2,RISING_RISK
20.59,31.87,585.9,38.35,25.27,211.06,NORMAL
29.18,53.88,793.4,41.61,24.24,282.17,RISING_RISK
20.61,45.98,668.21,45.05,24.24,221.24,NORMAL
15.36,19.07,535.56,37.97,24.86,155.31,NORMAL
38.59,48.48,888.33,35.19,24.07,309.02,RISING_RISK
19.28,33.41,587.6,39.03,25.54,203.86,NORMAL
28.25,51.05,781.49,42.58,23.79,281.1,RISING_RISK
18.0,46.07,655.19,46.33,24.14,215.06,NORMAL
14.1,17.49,522.42,39.1,25.04,161.96,NORMAL
40.22,50.79,904.84,36.41,24.29,328.34,RISING_RISK
20.31,34.78,579.24,40.69,25.31,192.05,NORMAL
24.54,48.8,766.32,41.69,24.1,275.01,NORMAL
19.56,44.93,658.0,47.11,24.6,216.86,NORMAL
11.72,14.24,524.73,40.32,24.99,163.93,NORMAL
40.32,50.04,928.93,37.43,24.37,321.37,RISING_RISK
22.14,34.56,590.18,39.96,24.86,204.7,NORMAL
23.18,45.48,752.84,41.08,24.02,263.94,NORMAL
16.8,43.19,659.59,45.46,23.86,212.55,NORMAL
13.09,11.08,513.43,41.02,25.16,159.46,NORMAL
41.77,54.18,937.91,36.88,24.38,330.98,RISING_RISK
23.25,33.4,586.29,41.65,25.19,197.46,NORMAL
22.6,40.29,751.84,42.78,23.37,258.3,NORMAL
19.14,43.27,635.58,46.32,24.15,205.9,NORMAL
11.52,13.38,507.51,40.03,24.7,161.43,NORMAL
41.3,54.76,946.92,37.0,24.59,335.62,RISING_RISK
20.96,32.12,598.78,42.65,24.7,197.32,NORMAL
20.49,40.09,731.85,41.37,23.79,245.73,NORMAL
20.65,44.5,626.26,47.56,23.47,207.63,NORMAL
13.11,10.59,520.34,38.76,24.58,150.24,NORMAL
42.13,58.62,949.37,38.26,24.89,343.13,RISING_RISK
22.19,31.66,603.07,42.19,24.94,193.23,NORMAL
18.58,38.19,722.46,41.92,23.74,236.39,NORMAL
22.27,42.81,621.16,46.41,23.48,206.9,NORMAL
13.04,10.07,510.84,39.19,24.77,144.34,NORMAL
43.22,59.3,959.13,39.23,25.45,343.19,RISING_RISK
23.43,32.14,618.7,43.31,24.66,205.75,NORMAL
14.49,33.47,704.45,42.33,23.59,233.59,NORMAL
21.45,42.1,623.04,44.38,23.87,198.19,NORMAL
15.51,9.75,520.94,38.0,25.01,140.89,NORMAL
45.77,61.54,957.43,40.72,25.02,344.82,RISING_RISK
25.07,32.87,650.89,44.11,24.48,211.79,NORMAL
14.78,33.9,692.01,41.47,23.49,229.56,NORMAL
17.87,39.03,606.91,45.84,23.49,199.08,NORMAL
16.96,10.27,523.9,38.84,25.13,148.81,NORMAL
43.97,64.72,970.71,39.16,24.86,344.48,RISING_RISK
24.62,36.33,664.85,45.15,25.13,222.15,NORMAL
12.26,36.8,674.91,41.64,23.25,212.34,NORMAL
19.29,40.62,627.82,47.78,23.32,217.45,NORMAL
17.95,13.57,531.52,38.47,25.02,144.83,NORMAL
46.14,62.05,986.26,39.67,24.74,336.5,RISING_RISK
25.0,39.19,684.4,46.07,25.84,231.66,NORMAL
14.63,36.81,653.19,42.03,23.43,202.45,NORMAL
20.93,44.02,649.88,47.79,23.59,226.51,NORMAL
18.6,13.67,535.7,38.55,25.01,150.89,NORMAL
44.88,63.96,986.21,40.48,24.82,338.95,RISING_RISK
27.22,40.3,714.18,47.34,25.41,242.01,NORMAL
13.27,31.83,651.62,43.74,23.67,204.84,NORMAL
24.25,46.02,671.38,47.53,23.73,242.72,NORMAL
16.6,12.31,541.59,38.17,25.6,155.66,NORMAL
42.91,65.32,994.5,38.97,24.55,344.3,RISING_RISK
27.43,42.76,727.65,48.64,25.74,252.23,NORMAL
13.01,32.33,652.94,42.98,23.71,192.91,NORMAL
23.84,46.28,685.38,48.51,23.55,249.87,NORMAL
14.16,12.67,527.52,36.59,25.65,149.71,NORMAL
42.25,70.47,995.94,36.85,25.27,347.93,RISING_RISK
29.23,42.59,746.79,48.19,25.88,263.53,NORMAL
13.47,33.54,641.04,42.97,24.0,190.67,NORMAL
28.69,46.12,697.05,46.11,23.6,253.77,NORMAL
15.25,14.64,538.2,35.57,25.29,148.19,NORMAL
42.1,70.58,999.64,38.27,25.09,345.91,RISING_RISK
31.77,45.08,764.09,47.98,26.03,276.69,NORMAL
13.91,34.81,644.78,41.91,24.12,194.04,NORMAL
29.4,45.67,713.53,45.45,23.2,261.84,NORMAL
16.16,12.68,552.7,36.07,25.73,155.76,NORMAL
40.18,69.17,988.17,38.74,24.9,343.55,RISING_RISK
32.97,44.41,782.6,48.04,25.7,276.83,NORMAL
13.98,32.33,636.52,39.9,24.32,192.44,NORMAL
29.18,46.87,745.53,43.47,22.66,267.03,NORMAL
16.99,15.82,541.55,35.69,25.41,155.22,NORMAL
40.32,71.7,993.6,38.51,24.8,343.41,RISING_RISK
32.31,46.36,782.43,46.83,25.51,273.87,NORMAL
17.18,34.03,654.32,39.34,24.13,196.01,NORMAL
30.68,48.17,765.28,43.17,23.29,265.78,NORMAL
16.61,13.05,541.44,35.78,25.04,165.45,NORMAL
41.26,71.01,1002.45,39.61,24.71,343.74,STAGNATION_PREDICTED
32.35,47.57,807.0,47.88,25.24,275.21,NORMAL
18.94,35.79,674.97,39.12,24.23,212.14,NORMAL
33.3,45.94,774.22,43.78,23.46,272.63,NORMAL
16.7,12.86,537.09,36.85,25.39,166.0,NORMAL
40.58,73.83,1013.34,39.57,24.7,338.68,STAGNATION_PREDICTED
34.52,48.98,817.49,46.77,24.88,279.72,NORMAL
22.66,39.82,686.47,39.26,24.81,223.63,NORMAL
32.39,45.25,788.67,42.6,23.81,275.21,NORMAL
15.36,15.2,537.07,36.63,25.11,154.22,NORMAL
40.33,74.25,1011.29,41.01,24.25,347.5,STAGNATION_PREDICTED
35.92,51.46,822.94,47.0,25.08,287.08,RISING_RISK
24.29,40.83,714.06,39.76,24.79,234.04,NORMAL
35.4,45.75,791.76,42.71,24.08,286.18,RISING_RISK
16.07,14.7,529.97,37.43,25.23,153.23,NORMAL
41.4,77.18,1017.53,42.63,24.29,358.67,STAGNATION_PREDICTED
37.08,53.45,828.83,46.85,24.89,283.34,RISING_RISK
27.08,47.5,738.02,39.48,24.71,247.27,NORMAL
36.88,43.75,807.56,43.26,24.16,297.91,RISING_RISK
15.83,12.4,525.32,38.72,25.22,158.21,NORMAL
43.59,80.16,1015.36,42.28,24.45,352.52,STAGNATION_PREDICTED
37.02,53.43,857.8,45.91,25.04,284.67,RISING_RISK
28.64,46.88,752.95,39.19,24.76,247.24,NORMAL
35.61,44.15,813.81,43.5,24.8,308.84,RISING_RISK
17.57,10.31,522.01,39.84,25.12,155.94,NORMAL
43.89,79.97,1020.41,41.65,24.17,364.85,STAGNATION_PREDICTED
40.12,53.83,882.77,45.08,25.17,290.36,RISING_RISK
29.46,48.11,762.36,38.78,24.65,257.08,NORMAL
36.13,45.78,820.53,43.85,24.39,313.4,RISING_RISK
16.58,13.66,527.92,39.63,24.9,154.92,NORMAL
43.68,77.48,1012.6,39.82,24.37,367.87,STAGNATION_PREDICTED
42.41,52.11,892.93,47.05,24.11,315.68,RISING_RISK
30.97,49.07,772.25,39.18,24.33,261.27,NORMAL
38.31,48.29,835.65,43.79,24.09,316.19,RISING_RISK
16.23,13.09,515.81,41.13,24.54,154.29,NORMAL
46.18,74.88,1007.38,41.2,24.43,368.88,STAGNATION_PREDICTED
43.24,52.57,897.14,47.74,24.3,328.03,RISING_RISK
30.39,54.55,790.57,39.51,24.3,269.16,RISING_RISK
37.54,47.34,864.58,42.88,24.57,313.97,RISING_RISK
18.89,15.42,510.83,42.16,24.66,144.59,NORMAL
47.39,72.8,1018.55,42.83,24.43,383.4,STAGNATION_PREDICTED
45.13,53.96,908.99,46.05,24.43,337.72,RISING_RISK
33.65,56.89,803.64,40.7,24.38,268.65,RISING_RISK
38.28,48.66,880.85,42.95,24.45,319.94,RISING_RISK
20.73,14.95,487.26,43.62,24.08,145.44,NORMAL
47.05,70.9,1040.2,43.39,24.53,382.73,STAGNATION_PREDICTED
47.64,51.12,914.45,46.81,24.59,345.87,RISING_RISK
33.65,55.64,807.35,41.96,24.07,272.09,RISING_RISK
36.82,49.91,896.61,42.7,24.63,327.9,RISING_RISK
19.88,13.73,489.38,41.57,23.43,147.64,NORMAL
45.37,72.68,1053.08,42.0,24.8,379.74,STAGNATION_PREDICTED
47.3,51.99,912.0,44.76,24.22,336.55,RISING_RISK
37.46,57.86,830.68,42.35,24.31,280.02,RISING_RISK
40.71,54.87,900.99,41.85,24.35,326.04,RISING_RISK
21.07,17.06,488.13,40.46,23.67,142.23,NORMAL
45.76,70.52,1029.05,42.95,24.52,381.09,STAGNATION_PREDICTED
45.98,55.18,920.67,45.86,24.08,336.61,RISING_RISK
39.64,61.35,837.42,42.39,24.4,297.24,RISING_RISK
39.87,58.4,888.35,42.8,23.84,326.35,RISING_RISK
20.59,17.43,474.44,41.8,23.39,138.35,NORMAL
45.52,70.79,1004.02,43.93,24.7,363.55,STAGNATION_PREDICTED
44.56,54.95,931.14,46.91,24.18,341.3,RISING_RISK
38.88,61.82,861.87,41.62,24.4,304.71,RISING_RISK
40.26,57.82,909.04,41.95,23.5,327.51,RISING_RISK
19.94,17.49,481.19,41.0,23.6,137.43,NORMAL
42.71,68.3,982.66,45.41,24.64,358.33,RISING_RISK
46.42,58.0,927.59,47.54,24.16,355.0,RISING_RISK
37.46,59.11,874.87,38.5,24.51,303.7,RISING_RISK
37.39,58.11,916.71,41.53,23.43,326.11,RISING_RISK
18.12,18.91,494.67,40.94,23.98,138.26,NORMAL
40.91,68.06,953.93,45.64,24.51,354.37,RISING_RISK
47.32,63.04,942.33,47.7,24.43,347.16,RISING_RISK
38.07,62.21,891.26,39.08,24.41,323.16,RISING_RISK
38.91,56.85,929.14,42.57,23.49,332.38,RISING_RISK
16.59,17.05,489.93,39.59,24.14,145.31,NORMAL
40.65,63.35,935.76,46.65,24.47,359.5,RISING_RISK
48.58,64.32,954.2,47.82,24.6,358.92,RISING_RISK
37.88,65.85,886.96,39.34,24.5,322.31,RISING_RISK
39.59,54.91,936.96,41.69,23.17,341.86,RISING_RISK
14.62,18.12,484.27,38.34,23.89,149.21,NORMAL
37.51,64.07,907.71,46.23,24.42,345.08,RISING_RISK
51.15,64.21,964.37,46.5,25.06,356.91,RISING_RISK
37.43,67.73,876.96,40.17,24.54,329.4,RISING_RISK
39.87,52.38,951.13,40.94,23.07,346.92,RISING_RISK
13.85,22.63,483.22,38.86,23.69,132.02,NORMAL
35.77,56.86,883.16,46.06,23.93,335.17,RISING_RISK
50.84,64.03,958.7,46.49,24.68,362.75,RISING_RISK
38.68,65.57,900.93,39.64,24.5,326.05,RISING_RISK
42.69,54.08,968.51,41.7,23.14,350.39,RISING_RISK
16.39,23.41,479.86,38.62,23.72,134.48,NORMAL
35.94,58.13,864.24,45.41,24.49,329.06,RISING_RISK
50.92,64.5,978.06,47.15,24.19,363.23,RISING_RISK
38.09,66.26,892.45,41.06,24.93,337.07,RISING_RISK
43.28,54.82,979.48,41.5,22.46,350.31,RISING_RISK
16.39,23.84,459.76,37.78,24.06,139.5,NORMAL
32.78,56.11,846.28,44.52,24.24,322.98,RISING_RISK
53.55,67.57,990.1,48.82,24.29,372.01,RISING_RISK
40.22,65.66,894.08,42.07,25.18,345.29,RISING_RISK
44.61,59.51,981.45,41.47,22.75,349.84,RISING_RISK
15.63,20.18,466.04,38.89,23.74,146.17,NORMAL
34.13,53.02,826.21,45.08,24.23,317.58,RISING_RISK
52.52,67.81,990.95,50.64,24.08,371.59,RISING_RISK
39.88,65.66,906.24,43.09,24.37,351.01,RISING_RISK
42.78,59.8,978.88,42.05,22.46,348.47,RISING_RISK
15.01,21.17,452.83,40.45,23.88,156.97,NORMAL
31.78,53.05,809.25,44.33,24.09,313.2,RISING_RISK
53.09,68.35,1003.38,50.35,23.92,373.5,STAGNATION_PREDICTED
42.76,65.32,920.87,41.68,24.57,352.21,RISING_RISK
44.64,56.92,985.27,41.84,22.66,353.97,RISING_RISK
15.51,20.2,450.01,42.7,24.0,160.16,NORMAL
29.09,51.11,790.68,44.47,23.97,307.36,RISING_RISK
52.79,69.78,996.56,50.63,24.37,375.01,RISING_RISK
42.25,65.29,932.85,43.14,24.65,349.71,RISING_RISK
43.35,56.59,992.09,40.59,22.76,361.45,RISING_RISK
14.99,20.0,470.17,43.76,23.97,157.16,NORMAL
26.03,51.25,747.95,43.98,23.61,300.68,RISING_RISK
54.79,69.73,1002.21,49.3,24.52,374.29,STAGNATION_PREDICTED
43.38,60.07,912.61,42.56,24.99,338.96,RISING_RISK
44.27,58.47,1008.43,41.68,23.45,362.29,STAGNATION_PREDICTED
12.83,20.68,477.06,43.73,23.64,164.09,NORMAL
25.71,54.69,767.56,44.9,23.49,310.74,RISING_RISK
53.23,70.74,994.23,49.85,24.1,381.0,RISING_RISK
42.08,55.13,893.55,42.02,25.1,332.75,RISING_RISK
43.93,54.6,1033.19,42.54,23.11,369.15,STAGNATION_PREDICTED
13.3,21.89,471.23,44.67,23.87,164.12,NORMAL
25.64,54.41,786.41,45.69,23.85,309.56,RISING_RISK
53.72,67.18,980.33,48.85,24.08,368.77,RISING_RISK
39.28,53.94,864.61,43.17,24.82,319.58,RISING_RISK
46.44,55.4,1043.15,42.97,23.63,373.15,STAGNATION_PREDICTED
10.25,20.65,480.85,43.52,23.9,157.77,NORMAL
26.52,53.92,809.59,45.2,24.08,320.71,RISING_RISK
50.15,64.36,947.74,49.97,24.24,361.65,RISING_RISK
37.92,54.68,846.83,41.41,24.35,313.72,RISING_RISK
45.6,56.04,1053.29,43.98,24.16,371.97,STAGNATION_PREDICTED
8.69,20.49,482.72,43.83,24.41,148.91,NORMAL
27.64,56.14,820.17,46.19,24.0,312.58,RISING_RISK
47.88,64.71,913.91,48.64,23.76,343.0,RISING_RISK
36.3,54.83,830.49,41.41,23.66,304.51,RISING_RISK
47.66,56.7,1049.06,43.57,24.51,366.47,STAGNATION_PREDICTED
9.61,21.09,484.34,43.09,23.98,149.55,NORMAL
29.8,58.58,839.38,45.79,24.31,318.51,RISING_RISK
44.91,61.86,891.78,47.76,23.48,333.43,RISING_RISK
36.12,54.22,809.61,41.63,23.68,296.0,RISING_RISK
48.48,58.06,1058.19,44.61,24.7,369.15,STAGNATION_PREDICTED
9.52,17.7,481.5,43.38,24.06,159.66,NORMAL
32.95,58.19,862.76,45.57,24.38,321.71,RISING_RISK
44.56,63.88,867.22,47.85,23.84,322.23,RISING_RISK
38.55,55.68,803.08,41.51,23.64,288.4,RISING_RISK
48.81,57.62,1076.77,45.38,25.29,386.13,STAGNATION_PREDICTED
10.81,14.02,484.69,41.57,23.89,169.13,NORMAL
33.65,61.3,865.51,47.74,24.53,323.44,RISING_RISK
39.53,61.79,850.49,47.23,23.73,314.69,RISING_RISK
36.32,54.45,782.03,43.11,23.55,278.4,RISING_RISK
51.36,57.36,1079.75,47.91,25.15,391.1,STAGNATION_PREDICTED
9.09,12.83,477.95,41.8,24.02,166.88,NORMAL
33.87,59.18,884.94,49.84,24.82,340.48,RISING_RISK
37.06,57.22,824.57,47.17,23.33,311.44,RISING_RISK
36.92,51.48,798.02,44.4,23.12,282.04,RISING_RISK
50.13,58.1,1077.59,47.62,25.64,391.37,STAGNATION_PREDICTED
8.14,11.79,494.99,42.68,24.05,155.43,NORMAL
31.6,62.92,893.13,49.01,24.86,341.91,RISING_RISK
37.5,53.03,799.52,45.05,24.02,292.02,RISING_RISK
39.03,53.16,823.01,44.37,23.18,292.16,RISING_RISK
50.7,59.46,1075.74,47.49,25.5,395.44,STAGNATION_PREDICTED
8.83,10.58,489.51,41.56,23.59,152.43,NORMAL
32.53,64.82,900.9,47.86,25.32,350.36,RISING_RISK
36.09,51.46,783.89,44.67,24.63,281.55,RISING_RISK
40.18,55.41,826.66,44.42,23.02,302.69,RISING_RISK
50.45,57.37,1076.22,48.12,25.18,398.94,STAGNATION_PREDICTED
8.51,8.71,489.44,42.29,23.67,150.86,NORMAL
33.18,65.8,913.9,47.25,25.19,346.51,RISING_RISK
38.0,54.44,761.04,45.56,24.64,270.67,RISING_RISK
40.51,57.58,843.78,46.23,23.5,301.5,RISING_RISK
52.21,60.5,1073.95,47.17,25.26,401.56,STAGNATION_PREDICTED
10.2,13.07,496.12,43.14,23.68,138.37,NORMAL
35.25,66.64,911.55,47.86,25.33,350.5,RISING_RISK
35.74,54.4,747.33,46.12,23.83,268.67,RISING_RISK
41.5,58.61,871.03,45.51,23.25,306.44,RISING_RISK
55.19,62.06,1069.83,49.14,24.89,402.99,STAGNATION_PREDICTED
8.01,12.68,500.84,42.76,23.96,136.12,NORMAL
33.54,69.09,906.6,47.51,25.93,352.72,RISING_RISK
35.02,55.14,726.85,46.56,23.99,271.05,RISING_RISK
42.77,54.38,880.9,46.0,23.07,321.81,RISING_RISK
54.07,63.04,1064.86,51.52,25.16,408.71,STAGNATION_PREDICTED
11.88,10.87,492.83,43.38,23.94,136.79,NORMAL
33.93,66.41,902.03,47.67,26.3,358.1,RISING_RISK
35.96,54.19,708.46,45.29,23.65,248.27,RISING_RISK
42.3,54.04,876.05,44.41,23.57,330.94,RISING_RISK
52.91,64.12,1069.22,52.94,25.82,417.52,STAGNATION_PREDICTED
11.93,13.5,492.66,43.51,23.95,135.43,NORMAL
33.74,67.44,915.18,47.13,26.22,360.15,RISING_RISK
32.49,51.2,701.33,45.84,24.44,242.09,RISING_RISK
41.03,54.62,895.92,45.34,23.78,336.31,RISING_RISK
52.3,67.79,1065.38,53.35,25.67,417.85,STAGNATION_PREDICTED
11.47,11.75,489.15,43.14,23.7,143.02,NORMAL
36.78,67.34,920.69,48.01,25.87,363.34,RISING_RISK
31.45,52.66,694.67,46.84,24.36,245.81,RISING_RISK
44.13,53.88,917.45,44.58,24.06,337.89,RISING_RISK
54.2,67.2,1070.89,54.63,25.36,427.64,STAGNATION_PREDICTED
10.9,13.31,487.8,42.0,23.98,138.88,NORMAL
36.82,62.93,936.62,47.21,25.25,362.83,RISING_RISK
32.78,49.29,687.81,47.31,24.44,258.17,NORMAL
42.4,54.99,928.02,43.54,24.7,340.43,RISING_RISK
54.81,69.06,1082.85,53.8,25.27,419.74,STAGNATION_PREDICTED
9.43,13.49,487.09,43.65,24.28,142.68,NORMAL
36.82,67.67,952.07,46.67,25.27,359.0,RISING_RISK
30.45,45.99,677.4,47.07,24.18,255.75,NORMAL
43.19,54.47,925.58,42.35,23.94,349.44,RISING_RISK
54.22,69.69,1099.31,53.7,25.38,418.85,STAGNATION_PREDICTED
9.68,16.54,496.36,43.78,24.42,145.55,NORMAL
39.91,66.75,967.32,45.7,25.38,350.73,RISING_RISK
30.19,45.53,666.01,48.07,24.02,253.24,NORMAL
43.68,57.95,935.57,43.1,24.25,355.48,RISING_RISK
53.44,71.42,1098.66,52.36,25.64,420.88,STAGNATION_PREDICTED
12.88,20.31,532.69,42.54,24.47,159.35,NORMAL
42.1,67.84,971.48,44.25,25.85,350.11,RISING_RISK
28.87,42.5,649.48,45.95,23.93,228.28,NORMAL
44.89,56.7,929.59,44.92,24.67,352.07,RISING_RISK
50.84,68.29,1108.54,53.35,25.51,423.02,STAGNATION_PREDICTED
14.54,21.53,558.88,43.2,24.44,168.9,NORMAL
41.41,72.27,983.4,44.07,25.62,350.03,RISING_RISK
29.75,40.35,645.1,46.8,23.83,217.26,NORMAL
47.15,57.47,941.95,45.89,24.57,352.96,RISING_RISK
50.86,67.69,1081.64,56.12,25.33,423.62,STAGNATION_PREDICTED
16.0,20.49,587.18,44.14,24.47,180.81,NORMAL
42.02,70.8,993.4,44.74,25.68,356.94,RISING_RISK
26.4,38.03,638.89,46.33,23.98,214.81,NORMAL
45.93,60.37,950.05,46.93,24.71,356.74,RISING_RISK
48.75,67.8,1066.18,55.29,25.28,412.43,STAGNATION_PREDICTED
17.17,19.69,610.9,42.75,24.52,191.3,NORMAL
39.62,72.13,1005.13,44.87,25.64,368.34,STAGNATION_PREDICTED
25.75,34.96,634.22,48.42,24.12,216.44,NORMAL
48.01,58.03,956.76,47.0,24.77,366.48,RISING_RISK
45.57,64.93,1020.35,56.0,24.49,401.64,STAGNATION_PREDICTED
20.37,19.98,630.08,44.76,24.66,201.47,NORMAL
38.0,70.0,985.39,43.22,25.45,348.38,RISING_RISK
26.63,31.42,634.06,48.99,24.41,218.63,NORMAL
46.78,58.33,961.56,47.19,25.07,369.96,RISING_RISK
43.26,62.21,990.37,55.15,24.32,389.68,RISING_RISK
20.85,25.72,666.46,44.24,24.63,203.12,NORMAL
37.48,65.88,966.59,42.52,25.86,339.75,RISING_RISK
25.61,28.41,616.4,49.94,24.58,231.18,NORMAL
48.56,58.15,976.52,47.86,24.78,372.48,RISING_RISK
42.4,59.28,965.56,54.41,23.83,386.12,RISING_RISK
23.79,27.95,682.85,44.52,24.18,212.6,NORMAL
38.05,67.9,957.6,42.56,25.45,329.75,RISING_RISK
25.09,28.0,609.11,49.51,24.72,223.98,NORMAL
51.12,56.93,979.24,46.88,24.86,369.45,RISING_RISK
40.37,59.07,934.99,53.11,24.07,375.94,RISING_RISK
21.37,29.91,708.99,45.37,24.42,219.51,NORMAL
39.31,63.33,927.53,42.4,25.03,325.47,RISING_RISK
23.89,27.33,607.59,50.0,24.91,228.99,NORMAL
51.58,60.03,972.1,47.72,24.91,373.71,RISING_RISK
40.64,55.63,911.35,53.82,23.71,371.23,RISING_RISK
21.8,28.63,728.01,42.55,24.21,221.84,NORMAL
36.93,59.3,910.71,42.72,24.8,314.5,RISING_RISK
22.9,24.35,603.53,48.96,24.58,213.39,NORMAL
51.13,59.15,970.55,48.61,24.98,374.66,RISING_RISK
40.38,50.55,897.3,53.48,23.37,357.11,RISING_RISK
22.43,30.31,737.8,43.94,23.67,241.37,NORMAL
36.81,59.68,880.38,43.12,25.09,295.98,RISING_RISK
19.44,21.7,601.67,48.9,24.45,211.32,NORMAL
49.81,55.36,930.71,48.89,24.8,359.74,RISING_RISK
38.2,50.76,880.97,53.49,23.09,339.47,RISING_RISK
27.04,31.18,746.25,45.24,23.76,250.41,NORMAL
38.43,54.7,868.68,44.49,24.98,290.63,RISING_RISK
22.05,18.05,606.11,49.37,25.08,204.08,NORMAL
47.58,54.55,907.92,49.73,24.71,358.53,RISING_RISK
37.0,45.12,873.09,54.46,22.59,344.19,RISING_RISK
27.53,34.18,763.86,46.24,23.98,259.15,NORMAL
38.03,52.33,847.05,44.28,24.74,278.5,RISING_RISK
20.32,17.75,585.15,49.88,25.01,195.05,NORMAL
47.33,52.77,886.46,49.47,24.78,365.94,RISING_RISK
38.04,45.05,853.76,55.52,22.59,341.41,RISING_RISK
29.65,37.53,768.36,46.31,23.83,266.23,NORMAL
37.67,53.87,811.51,44.36,24.6,279.1,RISING_RISK
18.48,18.88,581.03,50.98,25.15,206.5,NORMAL
46.05,49.36,866.66,49.73,24.06,362.08,RISING_RISK
37.68,42.82,840.89,55.49,22.57,325.29,RISING_RISK
29.45,38.4,780.06,44.53,23.65,274.76,NORMAL
37.72,53.01,791.3,46.07,24.37,284.3,RISING_RISK
16.27,20.31,581.1,51.18,25.19,206.5,NORMAL
44.54,47.97,844.16,48.81,24.12,350.65,RISING_RISK
36.31,39.63,834.75,54.91,23.23,315.71,RISING_RISK
28.62,40.96,782.94,45.49,23.89,285.3,NORMAL
37.0,54.12,770.15,46.2,24.07,287.29,RISING_RISK
15.62,17.99,578.19,52.21,25.17,208.63,NORMAL
44.18,48.62,819.68,48.06,24.03,329.63,RISING_RISK
35.23,43.17,839.84,54.08,23.74,310.35,RISING_RISK
28.89,45.81,792.51,46.25,24.29,293.36,NORMAL
36.34,48.86,753.23,45.54,23.72,272.07,RISING_RISK
14.57,13.97,565.6,52.01,25.22,207.36,NORMAL
42.45,48.31,804.06,48.28,23.94,332.11,RISING_RISK
33.24,42.03,826.63,53.87,23.91,303.53,NORMAL
29.78,47.58,814.99,46.01,24.35,295.5,NORMAL
37.53,47.62,739.07,45.66,23.11,260.64,RISING_RISK
13.17,15.61,562.05,51.02,25.49,194.06,NORMAL
45.17,49.55,818.86,49.09,23.69,337.55,RISING_RISK
31.96,36.68,814.17,54.08,23.45,296.03,NORMAL
30.35,51.67,830.26,45.02,24.22,295.33,RISING_RISK
38.26,42.97,736.3,46.94,23.42,264.07,RISING_RISK
12.5,16.06,569.31,52.1,25.53,195.15,NORMAL
46.56,50.58,826.58,49.39,23.51,351.89,RISING_RISK
32.87,33.08,808.97,50.6,23.49,278.63,NORMAL
31.67,54.64,832.89,47.67,24.14,314.83,RISING_RISK
36.76,37.71,725.28,47.59,23.21,271.72,RISING_RISK
13.51,19.51,558.62,52.64,25.42,200.59,NORMAL
47.48,51.67,826.23,49.18,24.03,353.12,RISING_RISK
30.41,33.13,796.74,50.54,23.63,273.41,NORMAL
33.66,55.7,841.45,48.49,24.15,312.77,RISING_RISK
35.97,39.39,717.15,49.0,22.76,258.65,RISING_RISK
12.85,15.68,563.05,53.58,25.25,205.22,NORMAL
46.14,54.22,846.38,49.5,23.91,357.6,RISING_RISK
29.97,35.28,771.9,50.18,22.9,264.8,NORMAL
35.37,57.16,844.95,48.37,24.61,314.4,RISING_RISK
35.6,34.37,706.9,50.58,22.88,245.99,RISING_RISK
10.84,16.24,571.12,53.29,24.3,210.73,NORMAL
43.94,55.96,859.67,48.88,24.02,364.86,RISING_RISK
29.6,35.68,743.32,51.45,23.3,266.98,NORMAL
36.35,55.03,851.99,47.44,24.67,317.49,RISING_RISK
32.63,34.79,679.43,49.16,22.72,228.42,NORMAL
12.35,16.09,581.18,53.34,23.95,211.26,NORMAL
45.83,55.69,873.32,50.62,24.37,369.51,RISING_RISK
29.16,31.97,722.71,50.46,23.05,265.54,NORMAL
37.12,56.01,864.16,46.98,24.46,317.28,RISING_RISK
29.64,34.8,686.21,49.09,22.6,216.63,NORMAL
13.21,14.44,570.38,53.76,24.27,208.19,NORMAL
44.24,55.81,891.68,50.14,24.02,375.78,RISING_RISK
30.32,31.78,712.48,51.01,22.99,255.08,NORMAL
38.88,55.56,877.44,49.07,24.19,323.37,RISING_RISK
28.15,32.5,675.09,48.51,22.83,213.52,NORMAL
14.21,15.44,565.81,53.36,24.17,206.59,NORMAL
47.73,60.56,907.63,51.63,24.21,379.28,RISING_RISK
31.96,30.07,708.02,51.04,22.71,252.83,NORMAL
42.83,56.81,892.98,48.69,23.68,340.27,RISING_RISK
26.73,33.02,677.07,48.39,23.06,212.64,NORMAL
15.12,11.96,562.44,53.13,24.29,207.19,NORMAL
48.62,64.16,919.04,51.56,24.12,385.0,RISING_RISK
32.52,28.2,700.75,50.82,22.26,255.83,NORMAL
39.88,54.41,870.82,50.73,23.2,336.66,RISING_RISK
27.37,33.88,694.84,49.09,23.51,224.16,NORMAL
16.59,9.28,565.06,54.54,23.83,208.23,NORMAL
48.19,65.59,927.39,52.01,24.35,393.39,RISING_RISK
32.11,27.71,698.38,50.53,22.49,246.61,NORMAL
37.28,54.13,849.56,50.04,23.41,329.01,RISING_RISK
27.47,35.11,706.39,49.97,23.3,242.24,NORMAL
16.33,10.32,570.94,54.66,23.78,210.97,NORMAL
48.24,69.12,924.06,51.93,24.5,391.26,RISING_RISK
31.77,27.12,684.01,49.59,22.98,235.5,NORMAL
35.78,52.35,831.52,48.91,23.28,306.47,RISING_RISK
29.89,35.25,721.5,50.21,23.21,260.76,NORMAL
17.55,11.55,558.3,55.27,23.47,217.68,NORMAL
45.63,71.58,936.42,52.0,23.96,399.27,RISING_RISK
30.63,27.14,685.83,49.8,22.81,233.96,NORMAL
34.5,52.47,820.44,49.68,23.53,307.06,RISING_RISK
34.02,37.87,739.05,50.03,23.47,263.77,NORMAL
20.54,11.96,572.7,53.76,23.72,207.17,NORMAL
46.55,70.29,936.64,52.17,23.95,393.61,RISING_RISK
31.34,28.15,675.17,49.11,22.63,223.47,NORMAL
31.96,50.6,800.89,49.16,23.4,300.87,RISING_RISK
34.56,38.12,742.91,52.08,23.07,276.52,NORMAL
19.9,15.46,562.11,53.85,24.0,207.39,NORMAL
46.9,73.9,954.32,51.63,23.95,399.88,RISING_RISK
29.02,28.71,674.65,48.76,23.21,222.28,NORMAL
28.18,49.85,791.06,49.88,23.3,293.51,NORMAL
38.08,40.32,768.03,51.72,23.23,287.88,RISING_RISK
20.56,15.79,545.9,52.86,23.99,211.47,NORMAL
48.33,73.63,958.34,53.75,24.13,400.74,RISING_RISK
28.43,30.73,663.29,49.29,23.74,227.89,NORMAL
28.0,45.59,774.1,49.59,23.09,288.57,NORMAL
38.13,41.7,784.98,51.51,23.43,288.29,RISING_RISK
19.06,17.62,547.61,54.41,23.83,208.07,NORMAL
49.51,73.69,964.85,55.62,24.09,413.82,RISING_RISK
26.21,31.28,645.26,49.02,24.08,219.95,NORMAL
28.13,40.04,762.03,50.64,22.52,294.34,NORMAL
39.63,45.34,801.83,51.94,23.42,280.47,RISING_RISK
18.98,18.23,537.14,53.75,23.98,216.16,NORMAL
48.97,71.68,959.77,54.06,24.16,407.65,RISING_RISK
28.62,34.4,634.18,48.49,23.66,210.64,NORMAL
23.81,37.33,761.29,49.79,22.54,277.91,NORMAL
40.69,48.94,822.94,50.49,23.35,279.16,RISING_RISK
18.85,16.55,527.09,53.93,24.0,220.54,NORMAL
47.94,75.24,982.14,54.7,24.31,399.06,RISING_RISK
25.56,33.99,633.07,47.05,23.95,200.86,NORMAL
22.99,37.2,748.56,51.1,23.13,271.25,NORMAL
39.02,51.95,836.83,50.52,23.28,288.02,RISING_RISK
16.89,12.54,519.21,54.06,24.13,223.79,NORMAL
48.63,76.74,988.22,53.93,24.7,389.74,RISING_RISK
22.62,33.13,626.62,48.35,24.41,201.0,NORMAL
24.56,38.12,766.86,50.98,23.34,281.5,NORMAL
38.24,54.23,858.94,49.48,23.77,295.13,RISING_RISK
19.94,11.37,526.19,54.77,23.92,224.25,NORMAL
48.57,74.19,990.87,53.03,25.04,394.83,RISING_RISK
18.8,32.53,621.69,48.06,24.51,200.19,NORMAL
22.93,42.22,772.47,52.09,23.2,291.39,NORMAL
40.7,56.27,864.52,50.5,24.27,308.21,RISING_RISK
19.07,13.09,513.13,55.35,24.24,227.22,NORMAL
46.24,73.57,990.97,52.6,24.94,386.38,RISING_RISK
15.98,34.19,619.63,49.38,24.15,202.62,NORMAL
25.86,43.13,793.08,51.29,22.93,290.41,NORMAL
40.87,60.39,882.28,51.38,24.84,325.53,RISING_RISK
16.07,14.83,504.08,54.65,23.83,227.53,NORMAL
44.62,72.42,994.23,52.79,24.58,400.4,RISING_RISK
13.97,38.47,610.28,49.43,24.29,204.16,NORMAL
24.21,41.38,815.96,50.8,23.33,289.15,NORMAL
39.36,61.65,888.17,51.26,24.69,325.88,RISING_RISK
15.48,15.09,500.15,54.26,24.16,218.17,NORMAL
44.36,70.29,1020.16,53.02,24.55,407.86,STAGNATION_PREDICTED
14.22,37.72,623.02,47.26,23.88,188.58,NORMAL
27.88,41.13,825.79,50.8,22.94,297.92,NORMAL
43.04,62.87,897.23,51.13,24.67,330.36,RISING_RISK
14.93,15.43,497.96,54.82,24.37,225.53,NORMAL
43.21,69.97,1036.15,53.1,24.69,409.68,STAGNATION_PREDICTED
15.83,36.48,623.88,47.68,23.95,186.55,NORMAL
28.94,43.97,826.83,50.58,22.8,298.67,NORMAL
42.03,68.54,923.67,50.67,25.09,337.36,RISING_RISK
15.14,16.05,503.13,54.76,24.12,231.89,NORMAL
42.51,67.0,1008.75,50.71,24.51,391.56,STAGNATION_PREDICTED
16.09,31.61,616.65,47.89,23.83,191.22,NORMAL
31.13,44.53,837.69,51.02,22.44,307.91,NORMAL
41.14,70.52,929.58,49.48,24.96,329.63,RISING_RISK
13.58,15.08,498.25,54.62,24.33,228.65,NORMAL
43.83,65.29,992.15,50.62,25.01,370.19,RISING_RISK
17.14,31.97,611.05,48.26,23.96,185.14,NORMAL
31.85,46.71,832.77,49.5,22.42,308.79,NORMAL
41.11,69.64,944.8,48.14,25.25,331.98,RISING_RISK
12.71,18.8,501.72,51.86,23.95,218.72,NORMAL
40.51,61.38,970.2,51.06,25.38,365.07,RISING_RISK
17.97,37.18,626.33,47.92,24.05,187.8,NORMAL
33.18,50.33,846.58,50.41,23.19,311.85,RISING_RISK
41.34,68.83,956.85,49.03,24.67,344.59,RISING_RISK
11.42,21.44,526.23,51.01,24.36,229.49,NORMAL
39.19,58.24,940.77,49.56,25.46,355.19,RISING_RISK
18.08,36.79,643.34,49.24,24.16,199.87,NORMAL
33.24,52.82,874.77,50.73,23.23,323.49,RISING_RISK
44.38,69.79,969.53,47.64,24.7,345.8,RISING_RISK
12.73,24.62,553.12,50.08,24.37,225.8,NORMAL
38.78,56.14,913.47,49.32,25.1,345.5,RISING_RISK
19.4,41.98,647.84,49.15,24.63,204.01,NORMAL
32.61,55.12,884.65,50.2,22.89,337.27,RISING_RISK
42.61,70.36,991.8,48.48,24.29,357.17,RISING_RISK
11.13,26.74,589.33,49.8,24.35,238.4,NORMAL
36.68,53.08,904.48,48.26,25.23,334.58,RISING_RISK
22.82,40.67,669.86,49.37,24.51,217.26,NORMAL
34.91,60.51,891.66,49.09,23.03,331.88,RISING_RISK
43.86,72.53,1004.36,48.25,24.11,367.11,STAGNATION_PREDICTED
11.7,30.14,617.87,48.89,24.19,246.07,NORMAL
34.1,48.36,885.56,50.01,25.66,337.72,NORMAL
24.98,45.1,681.88,49.66,24.73,231.84,NORMAL
35.82,62.82,903.54,46.98,23.03,335.95,RISING_RISK
43.07,73.75,995.56,48.2,23.96,371.82,RISING_RISK
13.78,33.0,640.49,48.22,23.98,249.6,NORMAL
34.43,47.0,859.27,50.63,25.7,335.5,NORMAL
25.74,46.52,706.0,48.37,24.62,244.08,NORMAL
36.73,60.11,916.63,47.81,23.61,341.79,RISING_RISK
43.34,71.5,1005.25,48.77,24.03,372.65,STAGNATION_PREDICTED
15.86,34.44,661.22,47.96,24.5,253.22,NORMAL
32.12,45.71,840.52,49.38,25.86,313.46,NORMAL
28.49,48.5,728.31,48.97,24.45,256.14,NORMAL
38.58,66.31,920.26,46.67,23.58,331.27,RISING_RISK
44.57,72.76,1014.7,47.72,24.33,369.48,STAGNATION_PREDICTED
19.07,32.72,685.52,47.98,24.51,250.1,NORMAL
31.62,42.96,839.97,50.92,25.6,315.43,NORMAL
29.29,48.9,749.33,46.88,24.73,255.75,NORMAL
37.81,70.45,935.02,46.9,23.97,336.06,RISING_RISK
44.02,76.56,1007.65,47.3,24.23,362.85,STAGNATION_PREDICTED
19.84,34.12,694.44,47.56,24.09,253.81,NORMAL
31.04,42.34,820.36,50.87,25.53,309.27,NORMAL
31.72,52.34,772.53,45.56,24.66,253.29,RISING_RISK
39.86,68.66,948.12,47.38,23.74,335.04,RISING_RISK
45.37,82.96,1007.67,47.0,23.99,362.09,STAGNATION_PREDICTED
21.84,35.86,713.69,48.26,24.42,261.01,NORMAL
28.0,40.77,788.82,49.99,24.84,294.71,NORMAL
32.59,57.19,782.29,46.58,24.97,266.05,RISING_RISK
41.61,70.82,962.47,46.92,24.07,334.15,RISING_RISK
45.65,82.17,1016.88,47.36,23.55,356.86,STAGNATION_PREDICTED
23.23,36.6,735.64,46.11,24.26,269.38,NORMAL
26.72,39.84,779.04,49.46,24.62,282.01,NORMAL
32.61,57.01,807.57,46.55,24.76,264.03,RISING_RISK
42.16,67.47,951.08,45.76,23.87,325.2,RISING_RISK
45.12,84.67,1024.46,47.94,23.35,353.94,STAGNATION_PREDICTED
25.24,37.93,756.0,45.01,24.39,271.75,NORMAL
25.83,38.46,762.57,50.23,24.66,278.5,NORMAL
33.1,58.76,817.72,46.46,24.71,268.56,RISING_RISK
40.17,65.75,916.28,45.45,23.98,311.53,RISING_RISK
45.75,83.5,1023.34,48.74,23.46,354.59,STAGNATION_PREDICTED
28.99,40.28,776.68,42.84,24.18,278.91,NORMAL
23.42,37.32,752.95,50.78,24.57,266.03,NORMAL
34.67,61.21,828.51,46.67,24.82,263.32,RISING_RISK
40.82,64.72,902.22,44.46,24.49,302.92,RISING_RISK
45.8,82.29,1021.64,48.17,22.92,367.55,STAGNATION_PREDICTED
29.52,43.88,804.3,43.4,24.81,279.32,NORMAL
22.07,35.25,736.27,51.75,24.76,271.72,NORMAL
35.05,62.39,844.29,46.53,25.54,272.48,RISING_RISK
38.41,65.29,874.17,44.87,24.57,292.01,RISING_RISK
43.91,76.45,983.21,47.7,23.14,352.01,RISING_RISK
28.97,48.44,803.51,41.69,24.63,283.07,NORMAL
24.05,34.73,711.65,50.98,24.49,253.64,NORMAL
37.16,61.77,851.79,46.61,25.71,280.63,RISING_RISK
36.74,64.66,850.57,45.24,24.23,278.65,RISING_RISK
41.36,73.53,958.83,48.06,23.38,342.16,RISING_RISK
30.12,48.54,815.4,40.07,24.52,290.23,NORMAL
22.95,36.37,695.73,50.04,24.4,247.97,NORMAL
35.72,66.05,858.0,48.65,25.79,295.96,RISING_RISK
35.46,60.01,827.36,44.69,24.29,273.6,RISING_RISK
41.72,69.73,918.02,46.03,23.22,318.32,RISING_RISK
32.7,52.43,834.21,40.16,23.78,294.34,RISING_RISK
23.76,36.96,672.91,50.81,24.52,244.68,NORMAL
36.35,67.13,884.43,48.72,25.75,319.21,RISING_RISK
32.66,55.86,808.29,43.57,24.32,257.22,RISING_RISK
37.41,70.31,908.86,45.12,23.11,301.83,RISING_RISK
32.37,53.66,845.27,40.12,23.63,299.32,RISING_RISK
22.11,35.72,662.37,50.6,24.23,230.84,NORMAL
35.8,68.53,893.29,48.52,25.83,330.18,RISING_RISK
31.82,53.22,802.01,44.96,24.45,251.2,RISING_RISK
36.61,63.83,893.21,46.02,23.44,300.03,RISING_RISK
34.28,55.12,862.22,40.08,22.9,312.96,RISING_RISK
22.42,35.71,655.03,49.66,24.13,229.32,NORMAL
37.03,68.05,889.62,49.08,25.53,336.32,RISING_RISK
30.61,52.62,785.51,44.18,23.94,250.68,RISING_RISK
35.1,61.89,879.45,43.92,23.55,296.43,RISING_RISK
37.75,57.79,875.23,42.35,22.94,323.02,RISING_RISK
21.62,37.2,647.51,50.26,23.85,227.5,NORMAL
36.61,66.09,896.48,46.31,25.45,338.07,RISING_RISK
31.03,52.59,776.16,45.87,24.62,247.24,RISING_RISK
33.71,58.56,852.37,43.23,23.59,285.42,RISING_RISK
36.5,59.67,896.95,42.92,23.11,322.01,RISING_RISK
18.37,40.5,645.62,49.11,24.03,211.53,NORMAL
36.3,69.92,907.39,48.47,25.47,357.06,RISING_RISK
29.92,49.42,773.22,47.15,24.37,241.91,NORMAL
30.51,57.1,827.8,41.75,23.4,285.17,RISING_RISK
36.56,63.34,910.89,42.23,23.05,329.46,RISING_RISK
17.62,38.92,633.41,50.82,24.13,219.9,NORMAL
36.82,68.13,906.36,48.71,25.37,356.55,RISING_RISK
30.68,50.11,762.92,48.35,24.03,242.59,RISING_RISK
29.85,57.44,817.34,42.17,22.99,270.81,RISING_RISK
38.56,64.17,924.76,44.01,23.17,327.85,RISING_RISK
16.95,38.92,632.52,50.8,23.81,219.05,NORMAL
35.33,69.18,919.49,48.65,25.61,357.79,RISING_RISK
27.55,48.92,754.92,48.51,24.52,238.62,NORMAL
28.19,59.21,795.61,42.5,23.19,260.68,RISING_RISK
37.31,67.49,945.08,45.02,22.99,328.14,RISING_RISK
13.14,37.06,624.47,52.41,24.05,216.08,NORMAL
37.2,68.5,917.05,48.0,25.24,355.06,RISING_RISK
27.51,47.64,740.24,48.0,24.37,242.59,NORMAL
24.43,60.4,775.16,41.79,24.08,248.28,RISING_RISK
39.06,65.5,963.46,43.49,22.87,334.77,RISING_RISK
14.64,36.51,614.56,51.08,23.9,208.69,NORMAL
37.13,68.32,923.6,46.76,24.89,350.94,RISING_RISK
26.9,47.88,729.64,45.86,24.61,220.21,NORMAL
25.78,55.63,758.15,41.15,23.88,243.0,RISING_RISK
39.81,66.48,973.99,42.95,23.07,336.84,RISING_RISK
14.31,33.49,621.67,50.39,23.53,208.31,NORMAL
38.06,68.0,938.87,47.81,25.45,369.33,RISING_RISK
23.74,45.89,726.07,47.1,24.92,220.46,NORMAL
22.93,52.99,747.44,42.37,23.26,230.34,RISING_RISK
40.83,66.76,975.99,43.57,23.23,335.51,RISING_RISK
12.25,32.92,615.61,48.49,23.2,202.36,NORMAL
35.27,72.71,965.47,48.71,26.18,373.1,RISING_RISK
22.05,42.82,709.28,47.14,24.83,226.52,NORMAL
23.06,53.91,742.46,42.55,24.04,242.28,RISING_RISK
42.7,68.83,973.6,43.2,23.56,330.89,RISING_RISK
13.94,32.01,617.44,48.6,23.4,200.19,NORMAL
35.25,66.83,933.88,49.41,26.42,352.53,RISING_RISK
20.08,42.19,704.67,47.24,25.34,224.55,NORMAL
21.05,51.68,729.34,42.18,24.35,238.94,RISING_RISK
42.86,67.44,982.65,42.65,22.81,331.12,RISING_RISK
14.04,31.51,606.56,48.65,23.17,193.34,NORMAL
33.91,62.79,919.1,48.56,26.76,349.58,RISING_RISK
19.89,40.95,710.9,47.09,25.25,229.22,NORMAL
20.71,50.08,710.0,41.76,24.39,235.74,RISING_RISK
42.45,65.01,994.24,42.22,22.98,331.52,RISING_RISK
14.11,28.12,602.7,48.06,23.25,189.33,NORMAL
33.02,62.8,911.97,46.78,26.29,339.51,RISING_RISK
18.87,43.12,701.76,47.77,25.32,225.98,NORMAL
19.39,51.44,689.01,41.53,24.27,224.95,RISING_RISK
43.98,63.99,1015.31,41.72,23.29,327.06,STAGNATION_PREDICTED
12.8,30.37,604.99,46.73,23.23,187.05,NORMAL
33.49,58.36,896.0,47.49,25.98,318.56,RISING_RISK
19.42,40.81,693.96,47.66,25.31,221.9,NORMAL
19.74,51.11,674.82,42.97,24.11,222.35,RISING_RISK
41.02,60.32,991.72,41.67,23.35,317.78,RISING_RISK
10.26,29.4,599.58,46.24,23.15,184.81,NORMAL
30.22,57.46,873.18,45.94,26.39,287.75,RISING_RISK
17.13,42.5,674.17,47.8,25.02,227.51,NORMAL
17.51,53.07,668.85,44.93,24.38,217.46,RISING_RISK
41.34,58.68,967.61,42.21,23.58,315.2,RISING_RISK
10.56,26.3,606.54,46.43,23.19,193.35,NORMAL
31.48,54.35,850.78,45.95,26.26,285.5,RISING_RISK
16.45,42.51,675.59,47.1,25.02,223.18,NORMAL
14.88,52.26,667.76,44.32,24.14,214.56,RISING_RISK
43.3,56.0,976.93,40.91,23.45,314.39,RISING_RISK
9.46,23.19,600.77,47.17,23.52,194.8,NORMAL
30.84,52.5,833.73,44.26,26.3,273.27,RISING_RISK
17.15,43.34,699.04,46.84,25.18,237.39,NORMAL
14.35,50.86,647.41,46.92,23.8,219.55,RISING_RISK
41.13,58.73,981.81,42.53,23.24,323.87,RISING_RISK
10.69,25.84,615.3,46.95,23.22,194.56,NORMAL
29.62,49.41,816.82,44.2,25.75,263.83,NORMAL
20.54,40.81,728.33,46.38,25.43,242.81,NORMAL
13.39,50.16,634.43,47.42,23.85,213.65,RISING_RISK
42.52,58.0,990.0,41.04,23.2,324.12,RISING_RISK
14.01,29.42,635.97,46.93,23.17,198.71,NORMAL
30.3,48.38,811.23,42.07,25.89,256.47,NORMAL
20.43,39.72,758.41,45.11,25.12,241.35,NORMAL
11.31,51.11,622.17,45.74,23.87,215.18,RISING_RISK
41.55,65.11,1004.61,40.19,23.16,327.27,STAGNATION_PREDICTED
14.67,31.92,662.59,46.71,23.52,215.68,NORMAL
29.77,46.49,797.21,41.26,25.75,246.17,NORMAL
22.88,40.07,784.75,44.47,24.86,249.72,NORMAL
9.76,44.25,613.65,43.8,24.13,212.04,NORMAL
41.21,66.27,1018.38,40.21,23.85,331.03,STAGNATION_PREDICTED
15.35,34.3,675.93,47.05,24.01,221.46,NORMAL
28.43,43.97,801.53,40.6,25.94,242.13,NORMAL
25.72,42.58,808.61,43.96,25.14,261.67,NORMAL
7.55,43.55,600.41,43.11,24.16,219.86,NORMAL
40.57,66.57,1028.94,39.64,23.65,331.6,STAGNATION_PREDICTED
19.83,40.4,685.11,46.92,23.92,227.41,NORMAL
28.45,39.91,803.73,38.77,26.04,240.81,NORMAL
28.27,46.38,813.28,42.14,25.06,271.41,NORMAL
6.55,43.96,592.52,44.85,24.49,225.31,NORMAL
40.05,67.95,1019.44,39.76,23.38,324.22,STAGNATION_PREDICTED
21.76,46.31,700.86,46.17,23.63,229.9,NORMAL
26.81,38.37,784.7,39.25,26.28,230.74,NORMAL
31.06,47.54,823.7,42.71,24.98,283.31,NORMAL
4.74,46.09,584.0,44.27,24.19,221.46,NORMAL
39.58,67.24,1021.97,40.28,22.82,332.74,STAGNATION_PREDICTED
22.92,45.18,714.59,45.09,23.9,232.87,NORMAL
25.82,37.48,768.27,38.05,26.6,218.75,NORMAL
33.06,49.74,832.52,43.99,25.23,283.29,NORMAL
4.83,50.67,607.26,44.07,23.6,231.97,RISING_RISK
41.27,72.5,1020.82,40.92,22.36,331.74,STAGNATION_PREDICTED
22.86,45.48,732.58,45.8,23.31,241.01,NORMAL
23.81,38.88,754.21,39.68,26.92,208.01,NORMAL
32.26,51.15,839.34,44.54,25.45,293.49,RISING_RISK
6.73,50.27,635.39,43.01,23.31,232.79,RISING_RISK
42.28,67.9,1023.35,41.55,22.7,334.46,STAGNATION_PREDICTED
26.51,48.82,761.6,46.84,22.97,245.81,NORMAL
22.01,36.26,752.26,39.49,26.45,197.62,NORMAL
33.36,54.83,859.58,43.58,25.78,303.8,RISING_RISK
9.21,50.11,666.21,42.97,22.82,247.75,RISING_RISK
44.14,70.13,1018.07,40.95,22.63,333.3,STAGNATION_PREDICTED
26.73,47.6,782.16,46.71,23.24,253.35,NORMAL
22.15,32.05,744.58,38.55,25.96,204.43,NORMAL
34.24,55.45,879.2,44.93,25.62,297.16,RISING_RISK
11.87,53.09,686.86,41.62,22.21,259.17,RISING_RISK
43.85,69.73,1008.53,39.94,22.5,340.3,STAGNATION_PREDICTED
27.94,49.64,808.41,44.11,23.01,261.87,NORMAL
22.33,31.34,740.29,38.12,25.41,200.75,NORMAL
34.94,52.63,885.62,44.01,25.42,306.45,RISING_RISK
10.62,53.54,707.67,39.75,22.07,258.16,RISING_RISK
43.62,66.7,1008.94,41.03,22.72,343.04,STAGNATION_PREDICTED
28.98,53.43,818.5,43.61,22.93,277.56,RISING_RISK
22.95,34.71,715.74,37.96,24.95,200.87,NORMAL
37.64,56.01,879.6,43.49,25.77,305.82,RISING_RISK
12.88,57.85,725.43,38.93,22.12,267.37,RISING_RISK
43.88,62.16,1013.4,41.63,22.83,342.34,STAGNATION_PREDICTED
32.16,54.01,819.51,43.71,23.33,273.98,RISING_RISK
21.2,37.86,706.41,38.0,24.53,182.81,NORMAL
37.88,57.55,876.74,43.0,25.02,297.18,RISING_RISK
12.88,57.63,742.2,39.17,22.56,269.59,RISING_RISK
45.5,60.7,1029.91,43.53,22.96,352.33,STAGNATION_PREDICTED
32.86,57.21,837.01,43.61,23.33,284.58,RISING_RISK
19.94,38.73,686.03,39.72,24.93,187.5,NORMAL
39.61,62.39,883.68,42.46,25.27,304.68,RISING_RISK
13.73,57.74,757.3,39.61,22.43,275.83,RISING_RISK
45.75,61.05,1021.16,44.09,23.38,357.42,STAGNATION_PREDICTED
34.58,56.01,841.4,43.72,23.47,290.77,RISING_RISK
19.64,40.37,684.32,40.31,25.36,174.65,NORMAL
40.45,60.9,895.21,41.57,25.35,317.07,RISING_RISK
14.6,59.25,768.2,39.33,22.59,281.19,RISING_RISK
44.85,61.42,1025.37,42.75,23.3,362.59,STAGNATION_PREDICTED
35.87,58.86,855.35,43.49,23.54,309.79,RISING_RISK
20.29,38.75,671.56,38.94,25.31,170.46,NORMAL
40.9,65.45,905.25,41.83,24.84,320.07,RISING_RISK
19.28,56.65,790.31,40.09,22.85,286.89,RISING_RISK
45.94,60.98,1028.17,42.1,23.01,348.77,STAGNATION_PREDICTED
34.92,55.47,876.74,42.83,23.22,313.61,RISING_RISK
20.92,39.88,658.04,40.27,25.3,165.59,NORMAL
44.06,64.85,912.0,42.59,24.52,331.62,RISING_RISK
21.28,59.62,816.03,41.07,22.75,283.56,RISING_RISK
47.33,61.59,1032.44,40.17,22.89,360.11,STAGNATION_PREDICTED
35.09,60.14,889.49,41.78,23.08,319.72,RISING_RISK
18.35,37.89,649.84,40.52,25.07,164.29,NORMAL
45.1,63.33,935.99,41.59,24.23,338.39,RISING_RISK
23.08,59.28,826.75,40.64,23.08,292.03,RISING_RISK
47.26,63.97,1034.02,39.07,23.35,365.51,STAGNATION_PREDICTED
37.07,61.62,896.19,41.72,23.3,314.78,RISING_RISK
18.15,34.63,641.19,43.53,25.12,168.77,NORMAL
45.55,63.38,937.81,42.1,24.16,352.45,RISING_RISK
22.97,60.57,856.96,38.19,23.94,290.54,RISING_RISK
49.12,64.3,1038.8,39.07,23.28,367.34,STAGNATION_PREDICTED
37.36,63.52,906.45,43.2,23.0,316.61,RISING_RISK
15.93,34.42,635.11,43.17,25.15,173.54,NORMAL
44.81,62.19,948.39,42.36,24.41,348.6,RISING_RISK
25.49,59.13,871.35,38.49,23.95,307.2,RISING_RISK
47.54,63.84,1045.66,39.13,23.41,374.06,STAGNATION_PREDICTED
36.96,60.52,921.72,42.29,23.01,319.72,RISING_RISK
15.72,31.79,624.54,42.12,25.22,181.55,NORMAL
45.27,61.44,947.93,42.54,24.44,359.78,RISING_RISK
24.76,60.54,893.97,40.86,24.03,316.99,RISING_RISK
50.95,63.74,1058.61,38.39,23.23,367.55,STAGNATION_PREDICTED
35.64,59.46,927.99,40.18,23.04,320.12,RISING_RISK
18.2,33.29,606.48,41.57,24.68,174.93,NORMAL
45.88,63.39,959.61,42.38,24.8,367.28,RISING_RISK
28.35,59.47,901.71,40.84,23.99,309.18,RISING_RISK
52.01,63.85,1049.78,38.75,23.38,375.23,STAGNATION_PREDICTED
37.2,56.88,935.47,38.53,22.63,319.55,RISING_RISK
17.96,32.81,608.16,42.26,24.99,163.18,NORMAL
47.55,65.28,974.61,41.38,24.24,362.39,RISING_RISK
31.18,59.39,921.83,41.31,24.08,317.76,RISING_RISK
51.57,63.29,1042.58,37.62,23.54,378.76,STAGNATION_PREDICTED
39.67,57.73,934.48,38.4,22.57,318.33,RISING_RISK
19.53,31.55,609.83,41.73,25.36,160.6,NORMAL
49.04,65.7,976.47,41.29,24.47,372.23,RISING_RISK
31.39,60.28,929.29,41.72,24.1,327.62,RISING_RISK
51.28,64.78,1057.58,38.57,23.39,377.03,STAGNATION_PREDICTED
40.46,57.8,947.36,39.99,22.39,319.46,RISING_RISK
17.85,30.98,604.48,41.87,25.09,165.91,NORMAL
50.86,66.73,983.99,41.0,24.35,369.43,RISING_RISK
30.71,59.49,936.48,43.55,24.01,338.25,RISING_RISK
48.46,65.69,1056.34,37.26,23.5,383.68,STAGNATION_PREDICTED
39.83,56.88,950.05,38.87,22.47,328.62,RISING_RISK
16.25,30.2,598.4,42.92,24.8,167.08,NORMAL
51.14,66.55,986.32,40.79,23.97,370.52,RISING_RISK
32.49,58.92,948.68,44.72,23.76,354.25,RISING_RISK
48.98,62.71,1057.05,36.4,23.41,383.65,STAGNATION_PREDICTED
39.02,60.57,961.0,39.91,22.63,330.75,RISING_RISK
15.86,33.57,589.74,43.94,25.54,164.45,NORMAL
51.1,65.74,991.85,40.21,24.22,380.25,RISING_RISK
33.57,59.94,944.74,45.41,23.83,352.8,RISING_RISK
49.16,65.38,1058.74,38.78,23.31,391.74,STAGNATION_PREDICTED
39.37,58.45,968.47,39.28,22.14,337.6,RISING_RISK
15.31,33.11,586.08,44.6,25.25,176.19,NORMAL
51.01,67.7,1001.27,41.09,23.95,379.21,STAGNATION_PREDICTED
36.11,63.46,948.2,45.16,24.24,357.76,RISING_RISK
44.33,69.15,1067.18,37.58,23.34,384.47,STAGNATION_PREDICTED
39.82,59.08,972.37,40.6,22.37,333.0,RISING_RISK
16.44,32.44,574.5,44.99,25.01,174.37,NORMAL
49.14,65.12,971.99,40.1,24.29,371.68,RISING_RISK
35.67,63.54,955.71,43.9,23.68,367.35,RISING_RISK
42.71,66.95,1059.1,39.46,23.03,385.77,STAGNATION_PREDICTED
37.78,62.03,984.08,40.44,22.56,328.86,RISING_RISK
15.61,33.43,574.65,45.12,25.16,170.18,NORMAL
46.01,62.3,941.36,39.58,24.26,363.45,RISING_RISK
35.62,62.13,973.53,41.47,23.47,361.12,RISING_RISK
44.42,68.57,1077.12,39.04,22.81,380.64,STAGNATION_PREDICTED
37.67,64.13,997.29,39.73,22.82,333.91,RISING_RISK
18.07,34.74,603.11,44.51,25.05,183.01,NORMAL
43.9,57.64,907.29,40.57,24.66,347.64,RISING_RISK
37.68,64.87,981.35,42.52,23.64,359.52,RISING_RISK
46.16,67.92,1075.96,40.39,23.32,386.34,STAGNATION_PREDICTED
36.97,63.45,998.08,39.56,23.21,336.78,RISING_RISK
21.06,36.55,646.35,43.69,24.94,190.94,NORMAL
44.25,56.19,890.49,38.55,24.86,334.28,RISING_RISK
37.9,67.78,993.22,41.6,23.69,361.92,RISING_RISK
45.16,68.53,1078.68,39.44,23.64,388.31,STAGNATION_PREDICTED
37.63,64.42,1006.97,40.34,22.91,331.65,STAGNATION_PREDICTED
22.48,39.41,674.4,43.11,24.92,200.09,NORMAL
43.13,53.24,887.07,39.5,24.93,321.05,RISING_RISK
37.39,68.04,993.77,41.46,23.88,365.39,RISING_RISK
44.33,66.57,1081.47,38.55,23.6,392.86,STAGNATION_PREDICTED
36.82,63.23,1011.55,41.08,22.93,333.32,STAGNATION_PREDICTED
26.96,43.72,694.79,43.55,25.28,222.05,NORMAL
40.09,51.55,879.93,39.31,25.29,317.28,RISING_RISK
37.95,69.21,1003.42,41.7,24.04,365.61,STAGNATION_PREDICTED
41.21,67.43,1048.24,39.43,23.04,371.18,STAGNATION_PREDICTED
38.06,61.17,998.85,41.89,23.08,333.71,RISING_RISK
31.49,48.32,708.75,42.68,25.16,240.2,NORMAL
37.85,48.56,861.26,37.77,24.73,311.8,RISING_RISK
39.56,70.87,991.04,39.98,24.19,369.03,RISING_RISK
40.97,65.27,1016.02,39.09,23.35,361.31,STAGNATION_PREDICTED
40.82,61.61,1005.82,42.22,22.79,335.32,STAGNATION_PREDICTED
30.75,51.05,727.93,42.8,24.84,235.87,RISING_RISK
35.48,45.3,838.93,37.8,25.11,302.98,RISING_RISK
38.93,72.46,993.77,40.04,24.51,360.67,RISING_RISK
40.4,62.21,986.59,38.95,23.6,351.89,RISING_RISK
42.16,61.21,1016.34,41.42,22.82,348.58,STAGNATION_PREDICTED
32.94,49.42,754.5,43.56,24.57,256.97,NORMAL
34.34,51.95,831.42,37.55,24.59,296.78,RISING_RISK
37.73,72.18,994.6,39.81,24.34,362.12,RISING_RISK
38.67,59.69,966.81,38.98,24.12,342.72,RISING_RISK
40.03,61.48,1019.44,41.45,22.98,334.97,STAGNATION_PREDICTED
33.85,47.93,774.02,43.73,24.23,271.84,NORMAL
31.83,50.32,805.7,38.21,24.72,283.04,RISING_RISK
39.12,72.62,1003.48,40.46,24.33,363.58,STAGNATION_PREDICTED
36.29,55.62,943.14,39.1,24.21,330.26,RISING_RISK
39.69,60.57,1024.31,40.96,22.66,337.04,STAGNATION_PREDICTED
36.96,47.58,794.54,43.33,23.74,282.88,RISING_RISK
31.28,47.07,788.4,38.07,24.51,272.63,NORMAL
38.65,69.22,1000.2,41.91,24.31,363.01,STAGNATION_PREDICTED
35.48,52.21,938.67,38.36,24.45,330.92,RISING_RISK
40.62,62.32,1013.29,40.08,22.63,349.6,STAGNATION_PREDICTED
39.2,50.46,809.72,44.71,23.08,292.68,RISING_RISK
30.24,46.7,774.2,36.34,24.6,269.26,NORMAL
42.53,73.27,984.54,41.99,24.23,365.63,RISING_RISK
35.28,55.78,920.16,40.33,24.31,311.01,RISING_RISK
42.89,61.72,1021.61,39.11,22.97,338.04,STAGNATION_PREDICTED
37.53,47.81,820.95,45.17,23.78,294.47,RISING_RISK
30.37,49.91,753.4,36.06,25.11,256.82,NORMAL
41.34,69.86,959.75,40.74,24.73,358.47,RISING_RISK
34.61,51.68,891.0,41.72,24.18,299.43,RISING_RISK
44.11,65.77,1023.56,40.66,23.2,347.78,STAGNATION_PREDICTED
36.06,45.59,829.43,44.78,23.24,302.04,RISING_RISK
30.34,47.17,741.59,35.68,25.07,247.27,NORMAL
42.26,67.98,941.15,40.96,25.06,344.94,RISING_RISK
32.99,48.26,850.16,41.48,23.75,290.09,NORMAL
43.74,65.58,1023.25,41.08,23.28,352.4,STAGNATION_PREDICTED
34.09,45.23,836.97,44.52,23.08,306.58,NORMAL
31.62,43.82,737.18,36.97,25.36,247.13,NORMAL
38.73,64.46,907.31,39.59,25.0,323.76,RISING_RISK
32.23,50.88,847.42,41.94,23.53,286.88,RISING_RISK
42.33,64.64,1027.77,42.95,23.73,346.66,STAGNATION_PREDICTED
36.07,45.26,853.48,44.68,22.86,311.15,RISING_RISK
31.65,43.29,718.01,37.28,25.52,241.5,NORMAL
37.71,61.11,903.1,39.58,25.48,306.41,RISING_RISK
29.41,50.55,845.98,40.87,23.87,278.09,RISING_RISK
43.52,66.59,1032.08,43.23,23.5,360.2,STAGNATION_PREDICTED
37.16,48.44,866.98,45.65,23.01,325.85,RISING_RISK
30.44,44.73,692.14,36.68,25.51,235.83,NORMAL
35.7,58.26,886.38,38.61,25.27,293.85,RISING_RISK
31.71,49.4,826.9,41.55,24.2,278.54,NORMAL
39.75,67.11,1027.38,42.95,23.34,358.15,STAGNATION_PREDICTED
40.07,48.87,878.48,44.23,22.27,325.93,RISING_RISK
28.69,42.5,688.79,37.62,25.29,233.38,NORMAL
34.4,59.61,875.25,37.56,25.22,275.87,RISING_RISK
30.67,50.1,812.08,41.84,24.09,264.22,RISING_RISK
40.21,66.9,1027.73,44.42,23.22,357.75,STAGNATION_PREDICTED
36.75,49.71,887.29,44.22,21.97,325.13,RISING_RISK
24.27,42.26,672.86,37.37,25.21,232.92,NORMAL
32.95,60.67,862.57,36.91,25.36,268.0,RISING_RISK
30.21,49.32,800.81,41.91,24.12,260.91,NORMAL
41.48,65.87,1028.82,42.37,23.74,365.48,STAGNATION_PREDICTED
37.23,50.38,890.04,43.97,22.08,328.99,RISING_RISK
24.48,43.17,660.97,38.47,25.51,224.75,NORMAL
34.88,59.97,881.1,37.74,25.46,271.01,RISING_RISK
28.3,48.19,787.82,41.67,23.64,252.29,NORMAL
42.93,67.98,1040.13,41.2,23.73,356.95,STAGNATION_PREDICTED
37.21,55.01,890.13,43.41,21.59,338.32,RISING_RISK
23.58,45.62,659.64,38.34,25.26,219.43,NORMAL
36.83,57.62,891.26,38.96,25.06,277.99,RISING_RISK
28.33,45.6,774.32,41.52,23.7,253.37,NORMAL
43.97,67.11,1039.34,42.86,23.69,357.83,STAGNATION_PREDICTED
38.37,50.48,896.47,43.86,22.12,331.49,RISING_RISK
20.72,43.13,661.96,38.9,24.52,220.58,NORMAL
38.91,57.52,913.76,38.6,25.08,275.64,RISING_RISK
28.68,43.16,758.69,42.39,24.01,247.81,NORMAL
43.26,69.01,1037.67,43.1,23.57,357.14,STAGNATION_PREDICTED
39.91,52.14,910.21,44.39,21.79,319.53,RISING_RISK
20.68,38.9,635.78,38.99,23.91,211.56,NORMAL
36.8,62.3,918.23,37.82,25.62,279.63,RISING_RISK
26.35,44.94,751.62,42.76,23.87,251.23,NORMAL
44.46,68.61,1039.07,40.61,23.23,359.62,STAGNATION_PREDICTED
40.2,53.44,922.83,45.06,22.15,327.55,RISING_RISK
22.3,37.17,626.22,41.19,23.88,203.56,NORMAL
37.44,63.22,919.88,37.53,25.75,282.36,RISING_RISK
24.74,43.29,734.89,41.91,23.91,256.87,NORMAL
46.75,66.51,1033.91,41.21,23.49,363.41,STAGNATION_PREDICTED
38.61,55.58,947.88,45.12,22.5,331.67,RISING_RISK
22.79,36.61,628.04,40.83,24.15,195.37,NORMAL
38.3,61.04,948.61,37.06,25.3,282.82,RISING_RISK
26.04,44.62,727.0,41.8,24.19,252.2,NORMAL
46.46,66.71,1049.72,41.32,23.24,378.46,STAGNATION_PREDICTED
38.06,56.27,952.83,46.26,23.21,345.34,RISING_RISK
20.51,36.04,622.25,41.68,24.32,184.62,NORMAL
38.83,59.74,961.7,36.35,24.94,293.25,RISING_RISK
21.88,43.8,707.77,39.51,24.36,242.88,NORMAL
49.86,70.41,1060.43,42.42,23.24,373.13,STAGNATION_PREDICTED
37.83,55.09,950.78,47.04,22.96,355.24,RISING_RISK
20.0,28.06,617.16,40.56,24.04,173.14,NORMAL
39.74,61.26,964.56,36.29,25.13,295.12,RISING_RISK
20.87,44.17,712.92,40.07,23.87,232.49,NORMAL
51.12,68.94,1060.87,42.61,23.78,387.57,STAGNATION_PREDICTED
40.03,52.67,969.75,46.91,22.75,357.6,RISING_RISK
18.95,27.4,599.42,42.27,23.9,175.77,NORMAL
37.2,60.12,962.64,36.58,25.31,308.06,RISING_RISK
17.54,42.48,699.43,40.57,23.98,231.14,NORMAL
49.08,71.27,1073.33,43.16,24.37,397.16,STAGNATION_PREDICTED
40.03,53.05,979.46,46.32,22.59,360.66,RISING_RISK
19.58,27.35,592.98,42.97,23.93,172.72,NORMAL
37.6,60.35,978.49,35.3,24.98,311.63,RISING_RISK
20.09,42.07,686.81,41.96,23.71,227.7,NORMAL
48.03,72.11,1086.61,43.03,24.3,393.79,STAGNATION_PREDICTED
39.43,53.94,976.83,44.16,22.81,365.45,RISING_RISK
19.84,29.61,587.3,44.09,23.85,153.96,NORMAL
35.39,59.1,983.68,36.48,24.89,322.61,RISING_RISK
16.16,39.72,669.13,40.8,24.02,232.7,NORMAL
45.82,67.13,1056.55,43.3,24.01,391.14,STAGNATION_PREDICTED
40.02,55.41,981.99,43.59,22.57,360.85,RISING_RISK
17.23,27.64,588.2,44.4,23.58,141.71,NORMAL
35.11,59.89,979.26,36.85,24.7,322.96,RISING_RISK
18.4,37.05,660.74,42.17,24.08,226.82,NORMAL
46.84,60.43,1030.01,42.51,24.27,384.99,STAGNATION_PREDICTED
38.3,59.66,981.95,43.27,22.53,362.22,RISING_RISK
18.31,30.21,586.41,43.63,23.25,136.8,NORMAL
37.26,60.78,980.89,37.09,24.48,339.56,RISING_RISK
17.92,35.62,656.07,41.48,24.1,215.87,NORMAL
44.63,60.09,995.3,42.36,24.61,373.45,RISING_RISK
35.26,62.72,980.95,43.58,22.18,364.92,RISING_RISK
16.69,27.2,571.69,43.76,23.03,146.6,NORMAL
35.58,58.94,981.49,36.6,24.15,342.98,RISING_RISK
17.2,36.43,639.47,42.22,23.78,205.48,NORMAL
45.01,56.82,962.54,41.14,25.32,356.57,RISING_RISK
36.87,63.66,984.44,43.01,22.23,363.95,RISING_RISK
15.27,26.6,572.54,45.32,22.7,149.04,NORMAL
39.65,57.16,985.93,36.64,24.3,345.67,RISING_RISK
15.89,35.55,628.91,41.16,23.51,200.97,NORMAL
42.85,54.58,933.15,41.62,24.99,345.45,RISING_RISK
38.39,62.42,1001.67,43.05,22.35,366.45,STAGNATION_PREDICTED
14.35,24.62,565.27,44.42,22.73,146.41,NORMAL
39.61,59.46,983.27,36.64,24.38,342.55,RISING_RISK
13.37,33.37,611.66,40.4,24.22,198.55,NORMAL
42.08,51.36,910.22,41.07,25.31,343.39,RISING_RISK
39.6,62.49,1011.21,41.87,22.21,357.93,STAGNATION_PREDICTED
13.59,26.94,572.08,43.62,22.67,149.34,NORMAL
38.98,61.42,991.57,36.98,24.14,344.66,RISING_RISK
15.53,30.61,605.29,40.16,24.69,190.6,NORMAL
41.41,52.23,881.78,41.17,25.21,341.55,RISING_RISK
37.18,68.85,1008.57,41.31,22.19,362.09,STAGNATION_PREDICTED
13.94,27.01,566.18,41.68,23.29,146.31,NORMAL
40.2,62.05,987.26,37.28,24.57,352.0,RISING_RISK
15.48,25.6,617.32,40.16,24.16,189.93,NORMAL
41.03,50.23,847.44,42.93,25.18,323.77,RISING_RISK
37.39,71.64,1015.64,41.73,22.11,363.18,STAGNATION_PREDICTED
12.82,25.93,564.04,40.17,23.58,161.92,NORMAL
40.61,68.28,977.09,35.82,24.95,350.67,RISING_RISK
16.41,27.01,619.06,39.66,24.19,188.96,NORMAL
39.45,51.3,834.96,41.29,24.68,305.62,RISING_RISK
41.77,70.37,1014.21,41.21,22.2,371.37,STAGNATION_PREDICTED
13.48,26.27,544.36,39.87,24.23,162.71,NORMAL
40.12,68.89,974.97,38.17,24.9,343.82,RISING_RISK
15.73,29.26,617.17,40.6,23.83,180.59,NORMAL
39.56,49.55,806.85,41.4,24.4,289.39,RISING_RISK
41.44,69.73,1020.25,42.43,22.02,364.01,STAGNATION_PREDICTED
11.8,28.8,541.96,39.72,24.69,172.59,NORMAL
42.55,70.14,964.91,40.48,25.27,361.92,RISING_RISK
14.47,27.67,609.73,41.39,23.61,176.98,NORMAL
37.99,48.1,788.07,40.98,24.23,288.98,RISING_RISK
42.02,72.13,1014.26,43.54,22.23,351.79,STAGNATION_PREDICTED
14.56,30.48,557.31,40.63,24.76,179.55,NORMAL
42.05,67.98,991.72,39.16,24.77,363.36,RISING_RISK
13.72,27.57,603.81,40.14,24.02,167.39,NORMAL
38.39,48.04,773.82,39.28,24.32,290.04,RISING_RISK
41.89,71.88,1039.47,43.6,21.58,347.5,STAGNATION_PREDICTED
17.79,35.63,579.39,40.7,24.22,198.51,NORMAL
46.3,66.48,1000.28,39.13,24.53,364.84,STAGNATION_PREDICTED
13.21,31.76,614.56,39.01,24.09,165.05,NORMAL
37.2,50.57,772.29,39.32,24.57,289.72,RISING_RISK
39.41,71.57,1008.06,43.56,21.51,340.87,STAGNATION_PREDICTED
20.17,33.83,616.41,42.36,24.05,207.38,NORMAL
47.81,68.29,1000.87,40.95,25.16,376.75,STAGNATION_PREDICTED
14.63,27.27,610.51,39.14,24.31,171.75,NORMAL
37.97,49.83,755.52,38.77,24.39,278.73,RISING_RISK
40.65,67.16,984.86,43.01,21.6,333.27,RISING_RISK
23.84,35.11,643.03,42.41,23.65,206.69,NORMAL
49.61,65.62,1009.93,40.46,24.83,383.85,STAGNATION_PREDICTED
11.66,29.04,623.7,37.89,24.46,161.78,NORMAL
36.26,47.25,750.21,38.45,24.53,272.38,RISING_RISK
37.88,66.05,968.18,42.9,21.73,312.95,RISING_RISK
26.37,36.01,664.83,41.25,23.75,214.94,NORMAL
49.77,67.06,1023.36,42.04,24.95,389.69,STAGNATION_PREDICTED
12.67,30.59,624.49,37.6,24.74,150.51,NORMAL
36.44,45.22,732.81,39.64,24.1,274.66,RISING_RISK
37.14,64.69,945.69,43.15,21.38,299.39,RISING_RISK
28.06,37.88,674.03,40.73,23.27,221.06,NORMAL
48.85,65.22,1039.5,41.13,24.94,390.68,STAGNATION_PREDICTED
12.87,32.72,621.76,39.37,24.55,157.35,NORMAL
34.72,46.86,714.49,40.58,24.11,264.73,NORMAL
37.82,62.14,946.05,42.7,21.39,309.88,RISING_RISK
29.89,36.26,695.22,41.1,23.65,230.53,NORMAL
49.17,65.75,1042.85,42.61,24.95,394.26,STAGNATION_PREDICTED
11.82,31.56,614.1,39.37,24.23,147.57,NORMAL
34.05,44.99,696.09,41.95,24.23,252.22,NORMAL
36.1,61.39,951.56,42.58,21.95,303.09,RISING_RISK
29.51,39.3,716.95,40.09,23.63,240.13,NORMAL
51.21,66.24,1048.54,44.32,25.09,391.64,STAGNATION_PREDICTED
13.09,30.66,618.95,39.13,24.06,143.87,NORMAL
33.65,42.21,687.85,42.23,24.17,242.64,NORMAL
36.17,61.75,949.02,42.05,22.48,304.87,RISING_RISK
29.37,38.38,734.14,39.33,23.71,252.42,NORMAL
51.15,65.96,1046.89,42.17,24.95,393.07,STAGNATION_PREDICTED
14.86,31.59,647.35,39.91,24.41,152.72,NORMAL
29.37,43.28,677.89,40.62,24.26,242.96,NORMAL
37.49,64.58,956.77,41.5,22.72,314.68,RISING_RISK
29.97,40.28,746.7,38.7,24.42,254.7,NORMAL
49.11,66.13,1054.52,42.06,24.86,391.93,STAGNATION_PREDICTED
15.87,33.45,668.62,40.89,24.25,165.89,NORMAL
31.35,43.02,675.05,39.56,24.32,244.58,NORMAL
38.47,69.09,949.65,41.32,22.9,320.24,RISING_RISK
30.03,40.73,759.08,38.64,24.05,255.73,NORMAL
49.74,67.49,1069.05,40.38,24.28,393.55,STAGNATION_PREDICTED
17.63,32.75,699.65,40.36,24.36,168.97,NORMAL
29.33,46.24,680.9,40.78,24.57,244.5,NORMAL
39.97,70.96,951.97,41.04,22.64,331.11,RISING_RISK
32.11,42.86,774.2,38.57,24.25,256.71,NORMAL
50.99,69.74,1064.71,40.07,24.37,396.26,STAGNATION_PREDICTED
19.07,33.84,708.5,41.19,24.29,180.75,NORMAL
28.68,46.0,658.14,40.57,24.45,241.0,NORMAL
41.65,70.6,966.28,41.39,22.99,335.5,RISING_RISK
31.78,48.4,771.94,38.1,24.14,262.08,NORMAL
50.66,72.03,1069.05,38.8,24.64,404.34,STAGNATION_PREDICTED
22.0,35.59,725.18,40.29,23.71,186.69,NORMAL
26.81,41.82,647.79,40.38,24.63,241.42,NORMAL
44.69,71.9,976.26,41.94,23.5,338.08,RISING_RISK
29.79,49.57,791.12,37.7,24.19,268.8,NORMAL
49.5,72.86,1061.01,39.09,24.77,408.72,STAGNATION_PREDICTED
24.81,38.64,732.21,41.38,24.15,198.14,NORMAL
24.15,40.48,644.07,38.66,24.63,239.84,NORMAL
46.52,71.07,977.29,41.14,23.31,347.08,RISING_RISK
29.05,51.48,787.0,38.41,24.45,277.86,RISING_RISK
51.54,73.04,1063.39,39.03,25.11,414.87,STAGNATION_PREDICTED
29.09,36.91,750.45,40.6,24.02,208.7,NORMAL
24.29,38.75,625.78,40.05,24.61,229.32,NORMAL
45.85,72.72,991.54,41.29,23.05,349.25,RISING_RISK
29.32,54.37,793.01,39.55,24.8,291.28,RISING_RISK
49.72,75.61,1063.33,39.33,25.07,417.2,STAGNATION_PREDICTED
28.53,34.58,777.0,39.95,24.02,209.85,NORMAL
22.24,34.83,612.16,42.57,24.86,223.45,NORMAL
46.01,70.53,1008.51,39.33,22.87,358.94,STAGNATION_PREDICTED
30.28,57.33,812.28,38.69,24.6,292.95,RISING_RISK
48.91,76.25,1064.51,39.83,24.47,413.94,STAGNATION_PREDICTED
29.45,35.03,788.58,40.65,23.88,223.89,NORMAL
22.83,35.15,647.24,42.69,24.64,226.13,NORMAL
45.62,70.79,1027.81,40.56,22.36,361.12,STAGNATION_PREDICTED
31.66,58.89,825.33,37.68,24.73,303.08,RISING_RISK
49.15,76.48,1045.3,40.13,24.11,410.57,STAGNATION_PREDICTED
31.53,38.42,802.69,39.52,24.17,226.8,NORMAL
26.02,41.0,660.46,42.12,24.99,237.44,NORMAL
46.22,71.26,1027.38,39.53,22.36,370.5,STAGNATION_PREDICTED
32.25,59.47,850.61,39.11,24.41,306.89,RISING_RISK
47.42,72.5,1025.54,39.58,24.11,387.87,STAGNATION_PREDICTED
31.27,39.36,811.84,41.46,23.26,227.14,NORMAL
26.69,42.87,676.75,44.1,24.8,247.26,NORMAL
47.21,71.07,1025.9,40.14,21.8,379.67,STAGNATION_PREDICTED
33.29,61.51,864.52,39.07,24.44,317.8,RISING_RISK
43.48,68.25,1002.86,39.54,24.51,373.34,STAGNATION_PREDICTED
33.0,40.59,836.94,41.88,23.17,240.23,NORMAL
27.18,42.69,703.76,44.76,24.92,249.83,NORMAL
48.19,70.7,1040.92,38.85,21.68,379.76,STAGNATION_PREDICTED
31.7,56.82,848.9,39.05,24.69,312.56,RISING_RISK
43.59,65.12,970.44,40.75,24.44,362.3,RISING_RISK
36.27,44.69,845.82,42.74,23.38,240.82,RISING_RISK
28.87,44.83,716.45,45.28,24.86,256.65,NORMAL
49.21,70.28,1053.01,38.4,21.91,376.24,STAGNATION_PREDICTED
28.34,53.36,818.06,40.64,24.64,307.79,RISING_RISK
40.62,62.86,931.44,41.93,24.65,352.53,RISING_RISK
37.12,43.39,862.65,43.64,23.0,235.85,RISING_RISK
29.68,46.42,730.92,46.11,25.45,262.62,NORMAL
48.9,70.41,1061.46,38.83,21.91,386.01,STAGNATION_PREDICTED
28.7,52.23,798.25,43.07,24.55,297.89,RISING_RISK
39.31,58.47,921.19,42.42,24.61,337.94,RISING_RISK
37.02,43.42,876.74,44.15,22.45,251.78,RISING_RISK
32.38,48.1,739.88,47.04,25.37,267.85,NORMAL
50.31,72.54,1070.81,38.25,21.69,378.89,STAGNATION_PREDICTED
29.03,51.1,780.09,43.51,24.94,289.27,RISING_RISK
40.28,56.05,896.52,41.95,24.61,319.8,RISING_RISK
36.02,47.9,880.64,43.01,22.32,263.76,RISING_RISK
31.06,48.61,755.39,46.7,25.21,275.98,NORMAL
52.65,72.73,1073.67,39.88,21.79,380.31,STAGNATION_PREDICTED
27.94,49.4,764.78,44.72,24.71,287.52,NORMAL
39.35,54.9,879.45,43.78,24.15,305.12,RISING_RISK
36.3,50.51,890.34,44.77,22.68,267.75,RISING_RISK
30.91,49.5,779.53,46.81,25.09,286.96,NORMAL
51.56,73.6,1072.38,39.45,21.52,381.42,STAGNATION_PREDICTED
27.67,53.07,746.6,44.71,24.86,289.17,RISING_RISK
35.61,55.36,864.55,42.86,24.0,308.18,RISING_RISK
35.17,49.59,896.19,46.49,22.81,275.5,RISING_RISK
32.35,48.37,802.7,46.11,25.03,285.84,NORMAL
52.21,71.95,1064.98,38.2,21.33,384.02,STAGNATION_PREDICTED
25.89,50.23,729.41,44.62,24.94,268.77,RISING_RISK
33.55,52.05,832.44,42.55,24.53,295.7,RISING_RISK
36.61,50.83,909.51,47.21,22.42,287.25,RISING_RISK
31.95,51.0,806.56,46.21,25.49,292.11,RISING_RISK
52.52,71.43,1066.46,37.48,21.59,383.72,STAGNATION_PREDICTED
24.93,47.67,711.89,43.97,24.69,257.38,NORMAL
32.5,53.29,810.75,42.26,24.95,293.66,RISING_RISK
39.87,51.81,917.26,46.98,22.64,298.02,RISING_RISK
34.63,53.63,815.79,46.16,25.19,291.74,RISING_RISK
53.24,70.79,1072.21,36.07,21.98,390.53,STAGNATION_PREDICTED
27.0,43.6,674.48,45.23,24.02,253.64,NORMAL
29.96,51.93,797.56,42.08,24.73,284.57,RISING_RISK
37.31,52.31,909.94,49.84,22.67,315.9,RISING_RISK
35.32,52.12,842.59,46.24,25.89,295.1,RISING_RISK
54.58,69.11,1073.57,36.55,22.24,379.47,STAGNATION_PREDICTED
24.27,42.16,666.24,46.58,24.3,260.42,NORMAL
28.92,50.72,784.97,42.05,24.88,272.18,RISING_RISK
40.81,52.54,909.33,49.75,23.16,317.74,RISING_RISK
36.17,54.46,856.14,45.75,26.03,311.61,RISING_RISK
53.35,72.65,1073.07,36.4,22.37,381.27,STAGNATION_PREDICTED
22.1,43.2,657.51,47.22,24.36,260.38,NORMAL
28.53,48.51,772.46,43.38,24.61,263.45,NORMAL
42.17,48.41,931.76,48.59,22.97,322.59,RISING_RISK
36.72,58.21,877.72,45.0,25.69,324.9,RISING_RISK
51.73,73.61,1053.04,36.9,22.6,367.57,STAGNATION_PREDICTED
20.04,44.84,662.13,46.7,24.28,255.48,NORMAL
24.69,48.3,754.97,43.93,24.76,259.41,NORMAL
43.15,50.85,928.92,46.63,22.59,313.94,RISING_RISK
39.64,58.48,879.65,45.49,25.39,328.59,RISING_RISK
49.09,70.72,1023.31,38.57,23.05,361.52,STAGNATION_PREDICTED
19.54,43.18,661.68,45.33,23.94,258.17,NORMAL
26.86,45.52,741.91,45.5,24.77,246.75,NORMAL
43.64,48.83,932.95,45.17,23.15,307.35,RISING_RISK
41.14,63.18,892.49,44.35,25.28,335.13,RISING_RISK
45.95,68.38,998.97,37.5,22.69,353.78,RISING_RISK
17.93,42.87,649.21,44.16,23.44,243.7,NORMAL
27.66,42.33,719.17,46.5,24.21,240.67,NORMAL
45.17,49.03,942.05,45.78,23.34,303.54,RISING_RISK
42.44,63.45,897.1,42.93,25.27,337.67,RISING_RISK
46.82,66.46,975.82,37.09,23.25,345.92,RISING_RISK
17.22,39.38,644.03,42.68,23.22,240.94,NORMAL
24.59,42.13,697.86,47.73,24.33,240.7,NORMAL
45.0,47.38,911.6,46.94,23.62,311.48,RISING_RISK
41.71,65.34,903.15,42.39,25.48,342.89,RISING_RISK
46.17,63.14,963.0,38.51,22.93,330.66,RISING_RISK
16.8,38.4,642.33,43.41,23.44,231.0,NORMAL
24.51,39.44,709.82,49.21,24.42,258.22,NORMAL
42.82,47.12,902.77,45.02,23.16,290.92,RISING_RISK
41.76,65.35,929.64,43.27,25.11,346.14,RISING_RISK
46.42,61.61,929.3,39.75,23.26,322.39,RISING_RISK
14.17,41.98,640.29,42.87,23.95,214.65,NORMAL
29.46,41.77,722.74,48.8,24.81,260.68,NORMAL
42.22,42.26,891.06,46.28,23.04,283.66,RISING_RISK
44.33,63.32,945.86,42.65,25.09,354.18,RISING_RISK
44.52,60.7,905.62,40.26,23.01,304.84,RISING_RISK
13.41,42.84,633.95,43.62,23.97,214.52,NORMAL
29.94,41.94,728.18,48.63,25.27,272.9,NORMAL
40.31,41.33,875.27,46.77,23.2,279.57,RISING_RISK
43.53,62.96,916.36,41.22,25.08,338.18,RISING_RISK
41.31,56.7,878.39,42.15,22.72,293.08,RISING_RISK
15.39,41.07,627.1,42.8,23.85,214.36,NORMAL
28.72,46.7,754.39,49.51,25.94,284.66,NORMAL
41.28,39.25,859.03,45.46,23.47,269.25,RISING_RISK
40.32,61.7,903.53,43.13,24.7,327.28,RISING_RISK
39.82,53.94,853.38,43.39,22.76,277.47,RISING_RISK
17.24,40.97,625.01,43.41,24.36,213.32,NORMAL
28.66,48.91,774.01,48.79,25.84,284.56,NORMAL
37.18,41.55,834.96,44.57,23.43,253.73,RISING_RISK
37.13,59.43,872.0,44.4,24.27,318.23,RISING_RISK
40.33,53.66,832.55,44.25,22.32,273.52,RISING_RISK
18.59,37.42,615.93,44.38,24.73,188.3,NORMAL
30.65,47.73,792.89,46.42,26.06,293.25,NORMAL
38.07,43.2,828.81,46.06,23.21,243.59,RISING_RISK
35.54,57.93,847.95,44.8,24.43,309.91,RISING_RISK
38.4,55.35,826.55,44.82,22.58,257.16,RISING_RISK
16.61,35.44,628.97,43.41,25.43,187.01,NORMAL
30.68,49.54,801.77,47.28,25.74,308.13,NORMAL
37.52,38.61,808.55,46.42,23.42,236.95,RISING_RISK
32.9,57.41,836.36,44.29,24.63,304.2,RISING_RISK
36.47,55.69,805.95,44.56,22.7,256.28,RISING_RISK
19.18,36.39,617.88,44.46,25.28,187.98,NORMAL
34.4,51.33,809.1,47.27,26.44,317.15,RISING_RISK
35.23,39.51,789.68,46.55,23.74,237.99,RISING_RISK
32.46,53.1,818.09,45.94,24.4,298.13,RISING_RISK
36.04,53.58,793.25,45.02,22.86,246.56,RISING_RISK
17.81,39.13,620.56,45.71,25.56,192.16,NORMAL
36.55,51.73,826.14,46.83,26.08,316.53,RISING_RISK
35.33,42.07,766.68,47.32,23.53,235.38,RISING_RISK
31.68,52.29,795.86,46.52,24.07,297.91,RISING_RISK
33.96,53.4,773.86,45.76,22.93,248.43,RISING_RISK
18.47,40.6,610.96,45.96,25.37,183.18,NORMAL
35.63,52.58,848.46,46.63,26.03,319.5,RISING_RISK
36.68,43.42,759.2,47.05,23.89,232.34,RISING_RISK
31.0,48.93,774.49,46.9,23.86,295.23,NORMAL
34.44,49.62,765.27,46.18,23.14,233.29,NORMAL
20.47,34.64,614.43,44.49,24.71,176.26,NORMAL
35.12,54.59,872.5,46.03,25.72,331.1,RISING_RISK
33.17,44.11,750.99,47.18,23.77,221.94,NORMAL
29.65,47.53,759.14,46.85,24.27,283.17,NORMAL
31.92,52.7,747.5,45.28,23.6,231.29,RISING_RISK
16.81,35.3,610.27,42.54,25.12,172.06,NORMAL
35.45,56.05,874.32,46.57,25.71,345.73,RISING_RISK
29.46,42.85,737.49,46.95,23.9,222.47,NORMAL
29.7,43.68,737.42,46.79,23.9,275.58,NORMAL
28.83,52.84,724.81,45.83,23.56,227.84,RISING_RISK
14.42,34.84,601.03,40.31,25.12,162.98,NORMAL
36.29,59.1,891.94,47.12,26.19,349.9,RISING_RISK
31.89,41.06,735.1,46.39,24.26,224.27,NORMAL
29.14,42.09,720.17,48.33,23.89,264.15,NORMAL
27.49,52.27,704.66,47.27,23.37,247.15,RISING_RISK
13.37,33.58,608.8,40.24,24.97,161.75,NORMAL
36.12,59.38,894.89,48.62,26.57,359.96,RISING_RISK
28.23,34.76,728.69,46.61,24.33,221.45,NORMAL
29.27,38.38,707.63,48.43,23.6,261.47,NORMAL
23.08,50.24,704.8,46.23,23.12,232.8,RISING_RISK
13.04,33.51,612.1,41.28,25.27,157.74,NORMAL
35.92,61.88,897.2,47.35,27.56,363.55,RISING_RISK
25.05,33.33,724.99,47.91,24.92,223.43,NORMAL
26.2,36.61,698.86,50.4,22.59,254.08,NORMAL
23.96,47.35,694.06,47.67,22.82,240.89,NORMAL
9.89,33.77,605.56,41.31,25.1,159.68,NORMAL
37.27,64.9,900.78,46.99,27.21,360.05,RISING_RISK
24.82,33.15,720.98,48.39,24.68,228.74,NORMAL
24.24,33.16,691.86,50.37,22.6,238.25,NORMAL
22.06,44.66,698.46,46.74,22.82,236.93,NORMAL
8.98,35.17,606.65,40.34,24.63,162.28,NORMAL
39.94,65.92,915.32,45.26,27.35,360.96,RISING_RISK
23.85,37.19,744.92,48.01,24.75,233.79,NORMAL
23.48,32.33,682.91,52.01,22.24,247.11,NORMAL
21.54,39.2,688.22,48.61,23.25,223.11,NORMAL
8.84,32.51,598.14,42.64,24.66,155.99,NORMAL
37.46,63.68,918.81,47.67,27.17,379.25,RISING_RISK
26.57,37.36,766.32,46.2,24.94,239.9,NORMAL
22.5,29.41,680.67,49.77,22.52,230.73,NORMAL
20.81,38.0,679.44,48.16,23.3,220.3,NORMAL
8.56,31.11,606.46,43.64,24.54,166.04,NORMAL
38.41,61.11,929.14,50.78,27.34,385.5,RISING_RISK
28.05,39.88,782.16,47.21,24.14,252.39,NORMAL
21.94,33.02,698.91,50.89,22.9,238.95,NORMAL
18.85,36.32,675.82,48.39,23.02,215.93,NORMAL
9.65,30.79,601.58,42.96,24.21,156.65,NORMAL
36.47,60.52,924.51,52.53,26.65,401.01,RISING_RISK
27.63,41.06,794.62,46.48,24.24,259.65,NORMAL
24.18,37.2,724.05,50.08,22.83,250.17,NORMAL
17.88,35.34,655.07,47.59,23.53,208.05,NORMAL
7.83,27.75,600.63,43.43,23.99,144.4,NORMAL
37.82,63.94,942.71,52.15,26.28,401.06,RISING_RISK
29.34,40.21,817.49,46.02,24.39,273.13,NORMAL
25.33,38.78,744.67,50.05,22.63,259.81,NORMAL
15.73,30.35,647.0,47.68,23.75,205.29,NORMAL
7.52,26.52,599.43,44.29,23.69,134.13,NORMAL
36.9,61.06,964.81,51.91,26.26,396.2,RISING_RISK
32.49,39.33,835.82,46.94,24.65,289.17,NORMAL
27.23,41.35,767.77,50.79,22.08,275.67,NORMAL
15.59,29.28,637.16,50.04,23.67,227.51,NORMAL
7.88,25.59,590.75,45.48,23.61,137.31,NORMAL
35.8,63.68,972.05,50.54,26.21,399.94,RISING_RISK
32.83,37.39,861.7,46.59,24.67,291.66,NORMAL
27.66,42.95,779.76,51.46,22.7,291.56,NORMAL
14.11,31.65,635.48,48.44,23.59,225.16,NORMAL
6.18,23.97,577.11,44.74,23.92,140.59,NORMAL
35.17,68.05,957.87,49.01,25.71,373.64,RISING_RISK
33.59,41.02,862.62,47.95,24.79,295.6,NORMAL
28.43,43.96,801.33,52.18,22.69,306.71,NORMAL
13.05,31.49,625.37,49.38,24.06,223.48,NORMAL
8.35,26.59,572.01,45.57,23.79,149.78,NORMAL
34.29,66.57,946.78,48.94,25.96,364.68,RISING_RISK
33.22,47.61,870.19,47.2,24.65,299.41,NORMAL
29.4,45.95,806.85,51.52,22.86,313.11,NORMAL
13.72,31.15,627.18,48.35,23.85,216.03,NORMAL
8.85,22.72,575.54,45.06,24.03,135.22,NORMAL
32.73,61.88,916.65,48.36,26.19,344.77,RISING_RISK
33.02,45.74,881.55,47.48,24.79,311.6,NORMAL
26.56,47.53,840.31,51.52,22.88,314.3,NORMAL
12.03,33.43,627.66,47.44,23.53,208.39,NORMAL
10.97,23.64,572.23,45.52,23.9,151.37,NORMAL
30.56,62.1,890.75,48.4,26.1,338.51,RISING_RISK
35.71,44.37,886.91,47.41,25.01,317.17,RISING_RISK
26.67,49.69,846.87,51.07,23.02,320.62,NORMAL
10.21,29.57,610.37,46.59,24.04,201.23,NORMAL
9.73,22.85,577.7,44.58,23.8,156.15,NORMAL
31.05,55.45,869.68,48.21,26.14,327.76,RISING_RISK
34.89,45.24,903.73,47.65,24.95,329.58,NORMAL
25.87,47.56,869.69,51.13,23.38,326.46,NORMAL
10.5,29.99,614.17,44.34,24.01,196.37,NORMAL
12.88,23.12,573.63,43.33,23.78,155.58,NORMAL
28.34,56.35,839.29,49.78,26.48,322.98,RISING_RISK
35.88,46.31,923.96,47.27,24.39,347.54,RISING_RISK
27.95,47.71,876.3,50.05,23.4,332.24,NORMAL
12.01,28.67,611.02,42.58,24.12,196.08,NORMAL
12.36,21.02,575.11,41.61,24.15,161.92,NORMAL
26.95,57.86,817.76,51.07,26.01,309.91,RISING_RISK
35.52,51.73,929.19,46.75,24.1,337.42,RISING_RISK
30.46,50.96,893.2,49.76,23.48,339.3,RISING_RISK
13.94,30.13,605.28,42.72,23.82,183.02,NORMAL
10.2,21.77,574.9,40.01,23.72,170.4,NORMAL
24.85,55.44,801.5,50.69,25.97,303.15,RISING_RISK
34.92,54.02,938.44,45.59,23.44,340.75,RISING_RISK
32.45,51.01,901.31,48.64,23.26,338.77,RISING_RISK
11.93,30.44,588.73,42.54,23.79,175.81,NORMAL
12.98,24.43,574.63,41.04,23.98,166.61,NORMAL
25.44,51.89,787.65,49.76,25.87,286.88,RISING_RISK
35.0,61.37,955.86,43.11,23.68,345.83,RISING_RISK
32.47,52.78,905.96,48.57,23.01,351.17,RISING_RISK
11.83,29.43,576.95,43.51,23.92,168.41,NORMAL
11.03,25.35,555.22,40.56,23.42,171.55,NORMAL
24.86,53.66,767.25,50.11,25.55,282.25,RISING_RISK
37.86,62.45,973.58,44.83,23.8,359.77,RISING_RISK
32.0,54.33,916.09,46.86,22.9,348.53,RISING_RISK
11.51,31.4,574.91,43.12,23.75,173.37,NORMAL
14.32,25.4,551.61,43.43,22.9,169.56,NORMAL
24.6,56.25,759.4,50.96,25.46,266.46,RISING_RISK
37.04,61.02,985.32,45.71,23.79,364.23,RISING_RISK
30.59,54.5,923.95,46.97,22.78,361.21,RISING_RISK
11.1,32.57,565.92,44.48,23.66,170.71,NORMAL
14.28,23.55,555.89,44.11,22.42,168.47,NORMAL
21.47,56.7,745.72,51.9,25.26,264.83,RISING_RISK
40.32,66.36,997.65,45.48,23.8,356.7,RISING_RISK
32.36,54.38,925.6,47.42,22.64,365.25,RISING_RISK
10.98,31.67,552.84,44.41,23.38,167.24,NORMAL
15.68,24.26,552.6,45.7,22.7,164.69,NORMAL
19.29,58.29,734.34,52.93,25.45,259.01,RISING_RISK
40.53,66.59,1004.77,45.18,23.07,363.68,STAGNATION_PREDICTED
32.29,54.53,939.95,47.15,23.09,370.23,RISING_RISK
13.71,33.1,552.3,44.77,24.14,159.15,NORMAL
16.88,22.12,548.02,44.94,22.74,161.46,NORMAL
19.91,55.72,728.35,52.73,25.56,257.8,RISING_RISK
39.91,69.19,1014.25,44.41,22.63,367.85,STAGNATION_PREDICTED
29.82,55.87,943.87,48.04,23.52,374.62,RISING_RISK
10.87,31.4,542.37,45.33,24.08,153.81,NORMAL
17.67,19.14,545.47,45.28,23.22,171.08,NORMAL
19.38,54.54,730.93,54.54,25.32,266.31,RISING_RISK
40.94,69.94,1024.1,43.69,22.39,359.41,STAGNATION_PREDICTED
30.04,51.87,939.01,50.27,23.57,390.24,RISING_RISK
10.58,28.58,539.25,45.52,23.74,158.2,NORMAL
17.35,19.53,525.03,44.8,23.57,172.38,NORMAL
21.43,55.66,717.43,52.44,25.3,256.47,RISING_RISK
40.06,70.05,1036.74,45.25,22.61,360.21,STAGNATION_PREDICTED
30.19,52.81,940.71,49.59,23.25,386.77,RISING_RISK
11.43,27.97,540.23,46.47,23.82,165.55,NORMAL
18.85,18.64,519.36,43.49,23.6,187.06,NORMAL
21.8,52.83,715.57,49.88,25.92,243.78,RISING_RISK
41.71,69.31,1051.39,44.66,22.55,367.11,STAGNATION_PREDICTED
30.9,54.94,944.62,48.45,23.42,389.36,RISING_RISK
9.41,27.84,539.76,45.15,24.21,157.76,NORMAL
19.21,17.3,525.18,43.16,22.84,184.68,NORMAL
21.89,51.83,694.68,49.13,25.76,233.49,RISING_RISK
43.22,71.87,1054.93,44.87,22.76,384.44,STAGNATION_PREDICTED
33.47,54.8,964.13,49.25,23.33,383.04,RISING_RISK
7.84,27.27,538.43,46.5,24.01,168.76,NORMAL
19.4,17.23,538.74,43.17,23.15,172.01,NORMAL
23.78,51.58,681.71,51.2,25.65,238.16,RISING_RISK
44.59,72.09,1044.68,43.86,22.88,383.6,STAGNATION_PREDICTED
32.14,56.84,957.35,49.78,23.84,382.87,RISING_RISK
9.85,25.5,568.91,46.6,23.78,181.82,NORMAL
19.56,20.02,534.25,43.34,23.24,166.13,NORMAL
21.26,49.94,676.99,50.65,26.08,231.14,NORMAL
43.47,72.36,1044.0,44.73,22.59,394.38,STAGNATION_PREDICTED
34.1,56.49,951.83,49.67,24.02,395.99,RISING_RISK
11.53,29.96,596.29,46.95,24.08,189.36,NORMAL
18.22,18.35,531.77,43.59,22.67,163.91,NORMAL
20.45,46.02,655.17,50.5,25.98,234.1,NORMAL
42.91,68.04,1020.99,43.55,22.73,382.73,STAGNATION_PREDICTED
35.62,55.07,943.6,50.62,23.88,397.07,RISING_RISK
15.06,32.66,630.92,48.06,24.16,203.08,NORMAL
15.39,18.05,542.65,44.04,22.88,173.68,NORMAL
19.59,43.76,659.47,51.52,26.6,235.02,NORMAL
41.88,65.46,987.05,44.35,23.09,365.46,RISING_RISK
37.59,57.88,944.58,50.09,23.95,393.2,RISING_RISK
18.17,35.34,645.11,48.16,24.33,215.43,NORMAL
16.11,18.36,551.4,45.06,22.73,175.34,NORMAL
17.56,44.89,644.53,50.35,26.55,231.18,NORMAL
40.7,64.4,954.26,44.86,22.57,354.67,RISING_RISK
38.08,61.04,939.12,49.65,24.0,384.61,RISING_RISK
21.22,37.09,654.56,47.12,24.35,224.3,NORMAL
16.49,20.05,550.21,44.08,22.53,176.63,NORMAL
17.87,43.32,641.4,50.72,26.41,230.32,NORMAL
39.72,58.87,942.98,43.34,22.81,347.37,RISING_RISK
38.67,65.55,940.2,50.77,23.93,386.89,RISING_RISK
22.58,41.76,674.04,49.48,24.31,242.4,NORMAL
14.8,16.41,546.7,44.61,22.81,181.49,NORMAL
17.43,42.56,661.48,49.2,26.72,216.21,NORMAL
39.38,55.74,928.08,44.99,22.9,342.96,RISING_RISK
39.29,65.71,916.51,50.25,23.91,364.65,RISING_RISK
20.92,43.14,688.6,50.8,24.09,264.31,NORMAL
15.94,17.3,549.76,43.66,22.94,182.43,NORMAL
16.51,38.27,633.77,48.83,26.44,200.95,NORMAL
40.01,54.76,905.21,43.0,22.97,343.96,RISING_RISK
38.73,65.57,902.74,48.99,23.58,353.36,RISING_RISK
22.44,45.1,712.08,51.09,24.37,275.61,NORMAL
18.24,19.06,554.73,44.48,23.01,182.92,NORMAL
15.47,40.49,626.14,48.39,26.5,193.2,NORMAL
38.67,55.14,883.1,41.58,23.18,340.74,RISING_RISK
36.62,63.59,890.46,48.81,23.73,337.16,RISING_RISK
23.83,49.79,733.21,49.2,24.97,278.71,NORMAL
16.28,20.78,546.16,43.56,22.99,177.67,NORMAL
11.59,38.62,604.69,49.85,26.21,197.14,NORMAL
36.12,53.79,863.62,42.33,23.3,325.0,RISING_RISK
34.25,61.1,858.35,47.64,23.5,327.61,RISING_RISK
25.35,49.16,760.07,48.56,24.76,285.29,NORMAL
15.95,20.18,538.33,45.62,23.32,172.23,NORMAL
12.19,37.66,604.59,49.07,26.27,199.95,NORMAL
36.66,52.17,849.91,42.63,23.27,321.51,RISING_RISK
32.34,59.41,835.45,47.82,23.61,317.86,RISING_RISK
25.66,49.41,760.15,47.48,24.55,296.38,NORMAL
12.86,20.23,552.17,44.61,23.38,172.16,NORMAL
12.27,34.17,595.34,49.1,25.98,218.7,NORMAL
36.99,51.65,833.35,42.94,23.43,320.15,RISING_RISK
29.97,58.33,839.62,48.02,23.44,315.91,RISING_RISK
27.74,46.47,767.63,44.91,24.64,293.31,NORMAL
14.93,18.12,549.24,43.16,23.18,175.48,NORMAL
15.12,30.59,589.0,50.21,25.89,219.93,NORMAL
33.95,51.45,810.0,41.78,23.46,308.55,RISING_RISK
29.38,55.48,823.37,47.44,23.36,297.07,RISING_RISK
28.05,52.09,781.6,44.87,24.31,297.23,RISING_RISK
14.56,15.99,559.06,43.83,23.34,175.69,NORMAL
14.68,31.54,595.09,51.2,25.9,220.78,NORMAL
30.94,50.89,784.62,42.88,23.17,304.72,RISING_RISK
27.18,53.96,800.19,48.53,23.81,297.81,RISING_RISK
28.5,51.38,806.46,46.6,24.41,314.87,RISING_RISK
12.71,16.55,541.93,42.85,23.24,171.63,NORMAL
12.18,31.48,585.63,51.15,25.61,219.55,NORMAL
30.21,46.4,767.1,42.71,23.64,288.35,NORMAL
28.48,55.19,790.26,47.49,23.57,285.34,RISING_RISK
25.51,50.17,819.62,48.93,24.2,331.61,RISING_RISK
11.49,19.36,531.53,42.75,23.03,170.63,NORMAL
13.1,31.57,581.67,51.66,25.62,222.59,NORMAL
29.66,41.7,750.13,43.31,23.53,279.24,NORMAL
28.84,55.28,775.67,48.39,24.01,282.29,RISING_RISK
28.2,48.99,837.51,47.92,23.71,333.78,NORMAL
15.58,18.42,531.08,43.99,22.64,166.81,NORMAL
10.5,31.32,575.42,50.2,25.24,215.78,NORMAL
29.67,44.66,735.63,43.38,23.41,271.41,NORMAL
28.49,51.45,761.93,48.93,24.14,272.36,RISING_RISK
29.54,48.15,860.39,45.76,23.74,331.72,NORMAL
11.69,19.21,522.1,45.19,22.23,173.19,NORMAL
12.76,33.08,580.65,50.28,24.89,213.8,NORMAL
27.39,40.82,720.82,44.7,23.75,258.72,NORMAL
24.03,52.55,741.37,48.67,24.45,274.92,RISING_RISK
30.69,49.46,876.29,46.16,23.97,330.65,NORMAL
14.23,16.77,530.18,48.48,22.41,186.85,NORMAL
11.62,34.82,568.46,49.62,24.91,208.61,NORMAL
27.39,37.1,699.28,45.1,22.97,254.39,NORMAL
22.57,48.56,733.72,49.96,24.69,267.06,NORMAL
28.89,47.55,848.58,44.26,24.21,317.57,NORMAL
14.07,15.62,527.09,47.02,22.85,176.62,NORMAL
10.0,34.37,557.99,48.66,24.94,195.25,NORMAL
26.04,35.1,688.93,44.39,22.92,240.0,NORMAL
23.33,45.52,722.12,49.95,24.21,260.24,NORMAL
28.66,47.1,832.15,45.0,24.16,311.43,NORMAL
13.29,16.13,529.09,46.4,22.91,181.75,NORMAL
9.03,32.55,547.55,48.69,24.53,198.87,NORMAL
26.75,34.09,679.09,42.74,23.28,235.74,NORMAL
20.84,44.76,719.84,51.31,24.72,257.93,NORMAL
30.22,42.34,812.3,45.48,24.13,306.84,NORMAL
17.47,19.78,575.56,45.52,22.73,190.37,NORMAL
8.94,31.08,541.94,50.43,24.82,207.89,NORMAL
24.96,34.13,674.2,43.23,23.65,232.14,NORMAL
20.86,44.99,727.36,50.97,24.41,247.35,NORMAL
30.81,39.62,800.68,46.27,24.71,310.77,NORMAL
19.17,22.42,594.09,47.13,22.85,210.0,NORMAL
11.34,33.33,533.92,49.68,24.53,201.42,NORMAL
23.01,30.39,664.78,43.91,23.51,232.0,NORMAL
20.8,43.04,722.86,50.71,24.2,251.68,NORMAL
30.74,39.15,791.37,46.49,24.26,297.57,NORMAL
19.72,25.78,624.56,46.98,22.55,226.83,NORMAL
14.18,33.51,530.39,49.75,24.7,201.04,NORMAL
23.88,32.24,656.09,44.57,23.08,220.4,NORMAL
21.47,41.15,725.95,51.26,24.4,254.67,NORMAL
29.98,36.47,774.77,45.91,24.48,289.55,NORMAL
21.07,25.44,646.44,45.57,22.58,233.57,NORMAL
14.14,34.88,533.91,49.63,25.16,194.1,NORMAL
21.57,31.06,636.08,44.24,23.05,213.21,NORMAL
22.52,38.16,720.37,51.01,24.38,261.52,NORMAL
32.32,39.97,793.58,45.75,24.47,292.48,NORMAL
24.0,28.0,663.73,45.85,22.73,251.75,NORMAL
13.83,34.64,526.12,50.16,25.15,192.3,NORMAL
21.35,32.31,639.02,45.02,23.11,218.49,NORMAL
22.29,37.37,692.66,48.72,24.45,250.5,NORMAL
34.66,41.48,809.44,46.14,23.95,295.09,NORMAL
26.37,31.3,701.27,46.36,21.93,264.37,NORMAL
13.91,31.6,530.79,49.83,24.84,193.01,NORMAL
19.31,33.16,620.41,44.57,22.89,227.44,NORMAL
20.81,33.55,685.59,47.04,24.42,240.41,NORMAL
36.05,43.68,822.94,43.73,23.83,287.38,RISING_RISK
29.63,30.59,730.43,48.25,22.26,280.7,NORMAL
16.77,29.32,526.58,50.36,24.8,199.52,NORMAL
21.11,32.79,626.22,45.36,22.97,208.59,NORMAL
18.05,31.45,674.58,46.05,24.5,234.63,NORMAL
38.16,40.57,833.46,43.27,24.03,295.55,RISING_RISK
32.2,35.71,742.56,48.92,22.24,292.15,NORMAL
13.48,29.72,541.34,51.75,25.25,209.75,NORMAL
17.5,30.38,603.1,46.5,23.15,210.82,NORMAL
19.2,32.58,658.07,46.63,24.63,221.66,NORMAL
39.67,41.24,847.54,42.91,23.97,289.58,RISING_RISK
31.65,36.95,752.19,49.47,22.2,314.44,NORMAL
15.09,26.23,521.33,52.69,25.68,214.54,NORMAL
17.33,31.45,584.78,47.98,23.55,204.82,NORMAL
21.61,30.27,644.78,46.73,23.99,226.37,NORMAL
42.93,43.2,868.91,42.8,24.2,289.32,RISING_RISK
29.24,40.49,781.69,50.59,22.4,323.5,NORMAL
15.77,25.11,519.18,52.91,25.32,217.57,NORMAL
15.73,31.3,591.25,47.02,23.87,194.96,NORMAL
22.43,30.55,642.11,47.46,23.81,223.89,NORMAL
43.29,46.82,875.83,42.14,23.87,282.76,RISING_RISK
28.03,41.89,802.57,50.76,22.63,327.96,NORMAL
12.39,24.07,505.37,51.8,25.41,210.79,NORMAL
14.07,30.85,600.95,45.6,23.8,193.79,NORMAL
19.68,31.07,635.48,47.51,23.96,216.21,NORMAL
41.91,50.47,888.14,42.43,23.99,294.51,RISING_RISK
31.13,43.99,819.06,51.29,22.88,326.07,NORMAL
11.89,23.54,511.01,51.44,25.3,215.23,NORMAL
15.22,31.27,589.44,46.18,23.56,192.04,NORMAL
20.37,28.95,620.05,46.99,24.06,209.02,NORMAL
41.1,50.73,892.53,42.06,24.39,306.52,RISING_RISK
32.21,43.04,851.74,51.29,22.84,339.97,NORMAL
11.07,21.24,527.71,50.26,25.04,216.0,NORMAL
13.52,32.21,581.42,44.93,23.22,192.03,NORMAL
18.91,28.92,611.76,47.18,24.28,200.95,NORMAL
38.66,53.78,919.31,42.36,24.69,304.57,RISING_RISK
34.11,44.34,865.79,50.02,23.17,331.66,NORMAL
11.67,24.83,525.22,50.21,24.65,222.7,NORMAL
13.65,32.36,574.99,44.36,23.48,184.97,NORMAL
19.32,26.08,602.35,46.78,24.14,201.77,NORMAL
37.63,53.81,921.02,42.56,24.9,310.76,RISING_RISK
33.33,43.84,866.14,51.43,22.93,343.95,NORMAL
11.95,25.57,520.59,49.37,24.49,221.61,NORMAL
14.67,28.64,561.46,44.37,23.33,190.69,NORMAL
18.32,25.87,587.74,47.38,23.85,201.98,NORMAL
37.72,55.52,933.32,44.17,24.93,312.9,RISING_RISK
35.07,47.44,877.29,51.4,22.59,350.38,RISING_RISK
13.52,25.7,516.85,50.43,24.18,213.93,NORMAL
14.44,28.78,557.56,44.88,23.08,189.22,NORMAL
19.91,25.1,600.02,45.2,23.36,196.74,NORMAL
40.82,59.02,939.74,45.12,25.14,313.56,RISING_RISK
37.77,48.43,885.42,49.87,22.7,347.85,RISING_RISK
12.69,22.45,512.91,50.0,24.53,215.54,NORMAL
16.96,28.18,547.99,45.81,22.84,185.27,NORMAL
21.17,27.51,599.24,42.87,23.44,176.58,NORMAL
43.01,60.93,948.76,45.27,24.78,317.31,RISING_RISK
38.66,50.46,889.67,49.74,23.59,339.46,RISING_RISK
11.78,26.88,521.25,49.37,24.55,211.87,NORMAL
17.35,30.36,545.63,44.93,22.96,191.53,NORMAL
21.57,29.1,587.53,42.58,23.67,180.54,NORMAL
45.6,65.12,959.63,45.28,24.64,322.97,RISING_RISK
37.23,49.61,897.8,48.12,23.61,340.88,RISING_RISK
10.31,27.31,521.4,48.8,24.42,202.37,NORMAL
16.09,27.91,547.83,44.94,23.17,207.24,NORMAL
20.88,32.35,591.48,41.67,23.34,183.97,NORMAL
47.01,66.69,963.44,46.0,24.16,329.98,RISING_RISK
38.87,49.51,902.39,48.23,23.04,354.13,RISING_RISK
11.92,27.26,500.83,47.8,24.44,196.34,NORMAL
16.85,29.54,553.46,43.63,23.34,197.8,NORMAL
18.15,30.17,599.24,41.51,23.37,173.96,NORMAL
48.58,68.3,964.75,46.84,24.11,344.85,RISING_RISK
38.24,47.65,907.35,47.34,22.85,346.55,RISING_RISK
12.84,29.33,510.83,47.45,24.34,184.33,NORMAL
14.75,30.77,547.6,44.65,22.95,203.14,NORMAL
21.13,34.99,587.28,42.68,23.54,178.17,NORMAL
48.98,65.35,976.71,48.19,24.02,362.32,RISING_RISK
38.94,48.61,919.12,49.4,23.19,346.49,RISING_RISK
14.86,28.35,509.1,46.5,24.11,165.67,NORMAL
14.17,30.42,544.22,43.33,23.84,200.5,NORMAL
21.3,37.56,607.45,41.53,23.72,186.98,NORMAL
50.71,61.87,974.32,48.36,24.36,368.88,RISING_RISK
38.89,52.48,930.45,50.24,22.96,360.31,RISING_RISK
16.15,26.84,504.12,47.53,23.71,163.8,NORMAL
14.69,30.84,541.52,44.64,24.1,192.61,NORMAL
23.33,39.1,623.11,42.4,23.84,200.6,NORMAL
53.46,62.69,998.03,48.24,24.04,379.05,RISING_RISK
41.2,52.4,935.46,48.14,23.01,363.95,RISING_RISK
15.39,27.3,509.23,47.72,23.64,161.71,NORMAL
16.46,33.39,558.97,45.28,24.38,210.76,NORMAL
25.25,39.42,632.67,43.31,24.25,196.31,NORMAL
55.07,65.99,1007.43,46.98,23.82,375.61,STAGNATION_PREDICTED
39.34,52.38,963.2,47.73,22.72,363.21,RISING_RISK
16.35,20.76,500.57,47.37,23.14,165.12,NORMAL
18.15,35.88,585.44,45.25,23.97,228.4,NORMAL
28.29,43.65,653.3,44.47,24.59,214.04,NORMAL
54.23,62.64,1007.04,47.12,23.6,375.53,STAGNATION_PREDICTED
37.93,53.82,975.28,47.22,22.61,359.36,RISING_RISK
14.99,17.59,502.68,49.21,22.96,182.99,NORMAL
20.24,36.83,623.29,43.95,23.84,237.75,NORMAL
31.76,44.09,676.93,43.02,24.99,221.6,NORMAL
53.99,61.48,1009.5,46.42,23.54,382.35,STAGNATION_PREDICTED
37.95,53.04,968.94,47.05,22.8,362.34,RISING_RISK
15.01,17.32,503.33,47.98,22.77,173.01,NORMAL
22.88,37.88,638.52,43.75,24.01,241.85,NORMAL
31.87,47.47,704.15,40.99,25.36,230.97,NORMAL
54.08,64.82,1000.17,47.07,22.97,381.2,STAGNATION_PREDICTED
39.65,55.07,973.57,47.44,22.95,363.33,RISING_RISK
12.61,16.26,507.97,46.34,22.84,167.21,NORMAL
26.79,38.96,661.85,44.37,24.15,247.5,NORMAL
31.45,48.51,723.86,40.7,25.44,244.17,NORMAL
52.47,66.26,997.09,47.56,22.95,370.8,RISING_RISK
40.27,57.52,992.62,48.24,22.99,370.44,RISING_RISK
13.44,14.38,491.5,46.17,23.15,163.16,NORMAL
29.52,42.1,681.95,44.37,23.71,260.4,NORMAL
34.03,52.03,737.88,40.11,24.8,265.2,RISING_RISK
52.42,67.2,1004.81,47.36,23.3,375.27,STAGNATION_PREDICTED
41.62,55.75,995.82,48.47,22.66,367.82,RISING_RISK
12.99,10.61,494.33,46.4,23.04,161.17,NORMAL
32.48,46.37,701.2,44.18,23.65,265.65,NORMAL
34.08,53.02,765.43,40.16,24.49,267.66,RISING_RISK
55.04,68.15,1000.8,47.07,23.4,377.94,STAGNATION_PREDICTED
39.48,59.28,1003.17,46.66,22.9,355.83,STAGNATION_PREDICTED
14.1,13.68,487.43,46.25,23.39,155.58,NORMAL
33.23,49.24,735.43,43.8,23.4,274.6,NORMAL
35.89,54.49,786.98,40.28,24.5,271.27,RISING_RISK
54.98,68.79,987.91,48.19,24.08,390.61,RISING_RISK
38.24,58.61,997.54,47.59,23.23,364.89,RISING_RISK
16.46,13.47,487.07,45.31,23.46,158.09,NORMAL
34.78,47.84,743.98,44.01,23.41,287.76,NORMAL
36.93,54.7,808.02,42.37,24.47,279.26,RISING_RISK
54.15,68.05,988.31,47.85,23.77,393.33,RISING_RISK
40.31,63.38,994.14,47.84,23.17,364.21,RISING_RISK
15.16,13.16,493.79,45.05,23.45,166.54,NORMAL
35.63,50.08,765.94,44.19,23.46,299.51,RISING_RISK
36.42,49.79,828.84,43.12,24.43,284.5,RISING_RISK
51.28,67.1,959.79,47.81,23.54,376.83,RISING_RISK
43.63,61.85,1001.47,50.16,23.32,379.62,STAGNATION_PREDICTED
14.37,17.29,503.62,45.35,23.39,171.32,NORMAL
35.51,52.2,785.56,44.19,23.84,302.86,RISING_RISK
35.14,54.43,838.8,42.32,24.1,299.84,RISING_RISK
50.42,65.23,939.84,47.79,23.16,365.8,RISING_RISK
44.61,63.14,1011.31,49.29,23.46,378.08,STAGNATION_PREDICTED
11.92,17.34,507.57,46.06,23.58,172.15,NORMAL
36.13,53.08,804.71,44.6,24.01,304.68,RISING_RISK
36.62,53.88,853.09,43.66,24.13,313.69,RISING_RISK
47.54,66.78,929.6,48.46,23.26,364.07,RISING_RISK
44.99,66.08,1015.58,48.9,23.63,377.61,STAGNATION_PREDICTED
13.92,15.0,512.74,46.19,23.44,165.84,NORMAL
36.39,55.67,810.87,44.09,23.99,318.07,RISING_RISK
35.31,52.45,851.86,43.48,23.87,319.41,RISING_RISK
45.82,65.45,905.88,47.46,23.26,352.22,RISING_RISK
43.95,62.7,1011.54,45.83,23.86,371.27,STAGNATION_PREDICTED
13.4,13.14,512.3,44.23,23.73,158.83,NORMAL
37.13,57.95,821.88,41.82,23.83,321.89,RISING_RISK
34.95,50.75,855.18,42.65,23.47,328.77,RISING_RISK
44.49,61.15,891.52,48.72,23.96,343.37,RISING_RISK
42.38,60.85,971.51,45.55,23.61,356.26,RISING_RISK
13.08,12.2,509.68,44.35,23.5,168.61,NORMAL
38.44,56.35,839.83,41.78,23.76,311.95,RISING_RISK
36.13,48.71,863.27,43.31,23.62,334.4,RISING_RISK
42.08,57.88,872.79,47.28,23.74,332.56,RISING_RISK
38.41,57.6,950.96,45.55,23.56,345.35,RISING_RISK
13.66,12.34,513.14,45.53,23.58,161.09,NORMAL
40.21,56.04,850.81,42.31,23.57,318.87,RISING_RISK
34.8,43.01,850.5,45.45,23.7,323.4,NORMAL
40.37,54.66,848.32,47.61,23.4,331.65,RISING_RISK
36.08,58.12,925.11,46.2,23.21,333.85,RISING_RISK
14.18,13.95,521.91,46.45,23.79,166.61,NORMAL
40.11,57.15,873.13,42.09,23.16,311.7,RISING_RISK
32.3,39.4,829.57,46.34,23.31,322.71,NORMAL
38.72,53.6,827.67,47.51,23.49,322.9,RISING_RISK
34.88,57.22,906.2,45.32,23.57,320.49,RISING_RISK
12.88,15.15,520.29,44.5,23.73,159.61,NORMAL
40.16,57.19,896.92,40.38,23.2,330.55,RISING_RISK
30.51,35.94,808.18,48.09,23.72,319.53,NORMAL
36.21,51.71,817.8,45.41,23.62,306.9,RISING_RISK
33.27,53.86,884.72,43.64,23.73,309.38,RISING_RISK
11.9,16.16,530.24,45.7,23.8,169.4,NORMAL
39.42,57.67,893.66,40.03,23.74,328.13,RISING_RISK
27.73,33.61,807.78,47.54,23.26,314.92,NORMAL
35.35,47.33,789.99,45.89,23.44,299.77,RISING_RISK
31.85,49.05,878.01,43.72,24.25,302.68,NORMAL
13.82,15.46,528.85,43.33,24.29,165.71,NORMAL
39.35,59.33,901.41,39.56,24.19,332.38,RISING_RISK
26.93,32.19,787.52,46.05,23.39,306.7,NORMAL
34.74,44.88,789.41,46.17,23.32,289.21,NORMAL
29.17,44.51,870.9,44.12,24.28,294.04,NORMAL
15.38,18.78,523.39,44.71,24.9,167.87,NORMAL
40.25,59.58,931.65,40.1,24.08,335.39,RISING_RISK
25.66,31.07,773.51,46.73,23.46,309.33,NORMAL
34.31,43.58,766.19,44.62,23.16,270.32,NORMAL
25.19,47.26,855.81,43.9,24.83,294.02,NORMAL
13.17,19.18,529.86,44.43,24.21,168.61,NORMAL
41.79,56.78,926.03,40.13,24.0,321.09,RISING_RISK
24.97,29.55,764.75,47.35,23.56,296.14,NORMAL
34.66,44.04,759.76,46.17,22.53,271.79,NORMAL
26.47,44.57,848.33,42.73,24.6,289.07,NORMAL
16.3,18.97,533.61,44.94,23.85,160.13,NORMAL
39.13,53.75,900.04,38.74,24.2,314.7,RISING_RISK
24.36,31.04,747.4,46.21,23.77,283.38,NORMAL
33.84,44.64,737.36,45.58,22.58,263.61,NORMAL
23.01,41.69,824.0,43.08,24.55,284.2,NORMAL
14.28,20.23,520.3,44.46,23.93,152.14,NORMAL
38.74,50.06,871.5,38.49,23.83,302.84,RISING_RISK
21.44,30.14,728.44,46.59,24.23,285.3,NORMAL
33.15,43.8,731.93,46.11,22.29,267.39,NORMAL
22.96,41.0,803.27,43.1,24.23,279.07,NORMAL
13.88,18.86,526.6,44.15,24.16,152.54,NORMAL
39.77,55.29,890.23,38.53,23.71,299.93,RISING_RISK
23.0,26.99,696.0,47.11,24.41,280.61,NORMAL
31.39,44.3,730.1,46.04,22.26,277.8,NORMAL
21.88,38.89,791.56,40.98,23.84,266.17,NORMAL
11.28,20.34,523.34,42.87,24.15,150.66,NORMAL
40.55,58.73,894.36,39.64,23.27,305.82,RISING_RISK
20.99,25.6,683.67,47.65,24.28,278.17,NORMAL
28.55,46.75,720.94,46.06,22.74,266.4,NORMAL
22.17,40.54,799.29,39.77,24.25,274.97,NORMAL
6.93,22.76,516.48,41.86,23.86,149.06,NORMAL
40.36,63.01,919.79,40.89,23.19,321.16,RISING_RISK
20.48,27.35,679.29,45.76,23.92,266.81,NORMAL
29.71,46.97,714.23,45.55,22.37,262.26,NORMAL
24.87,47.62,810.6,40.31,23.86,288.94,NORMAL
6.81,22.35,511.69,41.59,23.89,150.35,NORMAL
39.0,63.71,931.88,38.69,23.42,327.28,RISING_RISK
21.79,27.87,676.21,47.29,24.19,264.33,NORMAL
28.83,46.21,694.51,45.32,21.94,261.48,NORMAL
27.03,47.62,830.57,40.09,24.21,294.86,NORMAL
5.65,21.97,509.05,42.27,23.64,151.1,NORMAL
38.12,62.65,936.63,38.21,23.45,314.8,RISING_RISK
20.7,27.98,683.28,45.11,23.96,255.5,NORMAL
27.94,46.31,681.15,43.12,21.79,256.16,NORMAL
26.02,50.1,842.6,40.87,24.55,290.42,RISING_RISK
7.38,23.95,501.61,41.34,23.42,148.34,NORMAL
37.69,60.44,943.35,37.62,24.02,309.49,RISING_RISK
20.14,31.44,677.15,45.6,23.78,251.94,NORMAL
28.45,44.06,680.84,43.41,22.27,264.92,NORMAL
26.57,49.07,862.14,41.49,24.93,279.69,NORMAL
4.95,24.41,517.56,39.94,23.12,142.46,NORMAL
40.48,59.96,949.23,39.52,24.01,311.88,RISING_RISK
20.17,29.84,671.61,45.79,23.59,251.15,NORMAL
27.26,38.57,678.52,43.89,22.59,262.91,NORMAL
26.99,52.41,885.28,41.27,24.76,283.68,RISING_RISK
7.33,22.26,511.18,40.54,23.01,141.58,NORMAL
40.34,59.18,956.89,38.59,23.89,313.72,RISING_RISK
18.18,28.37,665.8,45.07,23.44,249.66,NORMAL
28.17,34.58,682.37,43.24,22.1,265.29,NORMAL
27.26,53.21,893.15,41.92,24.61,284.71,RISING_RISK
6.56,21.07,522.47,40.83,23.38,135.38,NORMAL
40.79,58.55,971.87,38.18,23.66,321.84,RISING_RISK
17.67,30.62,652.16,44.71,23.53,240.97,NORMAL
29.05,35.68,671.01,42.53,22.35,259.02,NORMAL
28.53,53.22,907.72,40.95,24.58,289.65,RISING_RISK
3.99,23.37,504.83,40.68,22.93,129.37,NORMAL
39.87,57.12,985.73,38.33,23.2,324.58,RISING_RISK
17.12,30.71,650.86,44.98,24.12,233.78,NORMAL
29.4,36.24,662.27,42.33,22.37,263.12,NORMAL
27.99,51.72,904.0,39.18,24.44,286.31,RISING_RISK
5.24,18.97,505.59,38.81,23.24,121.07,NORMAL
40.49,58.47,997.41,38.52,23.13,326.66,RISING_RISK
20.43,34.57,673.52,46.81,24.63,246.19,NORMAL
28.58,33.84,659.43,43.5,22.79,262.11,NORMAL
29.39,52.12,912.76,39.56,24.56,288.04,RISING_RISK
5.33,21.22,514.67,38.06,23.3,125.4,NORMAL
42.4,60.52,995.37,37.59,23.13,323.64,RISING_RISK
20.01,34.94,697.06,47.06,24.5,257.25,NORMAL
28.24,36.34,655.44,43.81,22.35,251.24,NORMAL
30.4,53.83,939.6,40.16,24.7,283.35,RISING_RISK
5.59,22.19,505.9,39.11,23.02,129.81,NORMAL
43.36,63.02,1011.23,39.12,22.87,324.03,STAGNATION_PREDICTED
22.97,36.13,722.15,45.28,24.18,254.18,NORMAL
28.7,37.14,632.35,45.23,22.15,242.74,NORMAL
32.32,53.33,950.84,39.87,24.45,288.73,RISING_RISK
4.26,23.28,499.99,37.67,22.7,135.58,NORMAL
46.19,63.0,1015.71,39.17,22.79,331.19,STAGNATION_PREDICTED
24.0,35.96,741.93,43.59,24.08,255.7,NORMAL
28.79,36.96,631.92,45.77,22.24,242.12,NORMAL
30.5,54.65,941.16,39.94,24.2,288.94,RISING_RISK
6.87,23.16,499.75,35.65,22.79,140.45,NORMAL
46.41,63.73,1019.05,38.26,23.03,342.12,STAGNATION_PREDICTED
28.36,35.62,758.0,43.76,23.67,271.14,NORMAL
26.61,38.99,634.75,45.99,22.54,237.34,NORMAL
30.09,59.98,951.53,41.08,24.19,291.7,RISING_RISK
8.14,26.06,493.02,34.93,23.18,139.17,NORMAL
46.96,64.42,1009.71,38.87,22.58,340.14,STAGNATION_PREDICTED
30.12,36.8,780.5,45.23,24.01,290.37,NORMAL
26.8,39.22,628.62,46.42,22.32,234.05,NORMAL
29.31,59.18,973.77,40.9,24.3,294.43,RISING_RISK
9.49,22.68,503.28,35.6,22.98,141.21,NORMAL
46.41,64.6,1002.45,39.5,22.69,348.23,STAGNATION_PREDICTED
33.38,35.95,803.51,44.97,23.77,302.14,NORMAL
25.97,35.56,614.67,46.01,22.2,233.81,NORMAL
29.83,58.96,966.84,41.22,24.21,293.01,RISING_RISK
11.63,21.56,500.84,36.55,23.57,140.99,NORMAL
48.36,66.45,1012.03,40.49,22.47,365.27,STAGNATION_PREDICTED
35.96,36.93,823.01,44.09,23.59,305.1,RISING_RISK
25.2,32.55,606.11,46.35,21.97,223.63,NORMAL
30.2,58.41,979.86,42.02,24.36,297.57,RISING_RISK
9.87,23.28,495.15,38.16,23.86,156.06,NORMAL
47.24,68.97,1019.36,39.14,22.91,373.5,STAGNATION_PREDICTED
35.15,39.99,828.18,43.5,23.52,308.95,RISING_RISK
23.56,28.01,607.57,45.83,22.37,217.89,NORMAL
27.43,56.99,958.82,42.59,23.73,284.23,RISING_RISK
9.36,23.23,494.25,37.72,24.21,151.3,NORMAL
46.98,65.42,1028.41,39.01,23.37,372.88,STAGNATION_PREDICTED
35.48,42.3,840.09,44.89,23.65,314.22,RISING_RISK
22.56,28.67,590.03,47.04,21.89,227.11,NORMAL
24.68,56.97,929.18,43.3,23.9,281.84,RISING_RISK
11.39,28.64,523.47,37.04,24.04,155.69,NORMAL
49.1,69.84,1028.41,40.09,23.23,371.98,STAGNATION_PREDICTED
35.48,45.17,846.06,43.45,23.88,315.1,RISING_RISK
23.41,25.44,589.6,46.53,22.2,224.28,NORMAL
22.76,54.52,886.56,43.39,24.02,280.34,RISING_RISK
12.14,33.22,554.64,38.47,24.03,167.25,NORMAL
48.05,70.54,1037.27,40.11,23.32,370.91,STAGNATION_PREDICTED
37.94,51.49,872.36,43.03,24.23,328.62,RISING_RISK
20.85,24.67,586.31,47.15,22.49,230.38,NORMAL
20.15,52.9,872.81,42.35,24.01,275.06,RISING_RISK
16.55,35.63,582.76,37.92,23.9,187.47,NORMAL
46.09,66.45,1014.78,41.49,23.15,363.61,STAGNATION_PREDICTED
40.11,52.67,872.9,42.57,24.45,328.85,RISING_RISK
20.94,20.61,592.59,48.4,22.42,237.87,NORMAL
18.49,54.0,861.45,42.14,24.54,273.9,RISING_RISK
18.16,36.15,609.41,35.79,24.27,202.91,NORMAL
45.04,62.11,988.32,40.47,23.09,345.76,RISING_RISK
40.44,54.44,877.05,42.69,23.93,334.0,RISING_RISK
21.19,19.84,587.07,47.71,22.94,232.02,NORMAL
18.43,49.85,851.58,41.89,24.22,267.02,NORMAL
22.85,36.96,626.0,35.89,24.29,209.66,NORMAL
43.07,55.87,971.43,40.21,23.19,339.42,RISING_RISK
40.29,54.73,899.3,41.78,23.86,328.95,RISING_RISK
21.3,19.67,573.28,47.04,22.41,231.48,NORMAL
21.7,52.43,861.76,40.43,23.8,270.81,RISING_RISK
25.26,36.83,648.23,38.02,24.27,220.29,NORMAL
41.34,53.2,948.86,38.55,23.49,334.39,RISING_RISK
42.39,54.78,902.43,41.26,23.66,335.58,RISING_RISK
23.89,24.1,602.54,47.85,22.43,244.94,NORMAL
23.66,53.41,873.84,39.98,23.48,285.2,RISING_RISK
28.76,35.61,668.94,37.76,24.43,231.52,NORMAL
40.43,52.64,932.14,39.48,23.2,332.83,RISING_RISK
43.71,54.93,920.15,42.37,23.66,333.66,RISING_RISK
21.79,26.45,633.73,47.92,22.61,250.73,NORMAL
23.13,56.67,886.31,39.41,22.87,282.92,RISING_RISK
27.66,37.26,698.51,37.99,24.5,231.8,NORMAL
38.15,52.82,919.14,38.98,23.27,330.39,RISING_RISK
42.88,57.39,920.25,41.76,23.5,345.6,RISING_RISK
21.33,28.37,660.31,46.02,22.53,251.75,NORMAL
25.95,52.41,895.31,39.23,22.29,294.05,RISING_RISK
26.5,39.1,724.54,39.42,24.86,231.4,NORMAL
36.82,51.25,911.44,40.19,23.72,323.7,RISING_RISK
41.39,61.2,938.22,42.96,23.36,349.85,RISING_RISK
19.74,30.03,677.1,44.76,22.44,261.97,NORMAL
24.93,52.39,902.28,38.83,22.07,311.61,RISING_RISK
27.72,42.9,743.66,38.23,24.63,243.83,NORMAL
34.6,50.58,896.76,40.2,23.81,307.1,RISING_RISK
41.01,60.89,936.12,44.75,23.79,347.71,RISING_RISK
21.96,33.8,696.27,45.25,22.66,274.06,NORMAL
28.55,52.28,905.02,37.56,22.06,319.16,RISING_RISK
27.46,47.79,768.73,39.77,24.08,253.2,NORMAL
33.11,49.62,890.71,39.12,23.62,309.73,NORMAL
43.13,58.83,941.56,44.94,24.36,346.36,RISING_RISK
22.53,35.97,716.92,43.8,23.1,275.8,NORMAL
31.16,55.69,927.22,38.08,22.41,315.93,RISING_RISK
26.87,47.64,795.29,40.42,23.61,265.06,NORMAL
31.33,46.7,868.11,38.81,23.91,303.24,NORMAL
43.27,59.31,952.74,45.97,24.14,349.27,RISING_RISK
24.75,40.5,737.17,42.48,23.27,279.18,NORMAL
32.94,53.8,928.83,38.8,22.31,322.25,RISING_RISK
26.15,46.42,800.08,39.95,23.88,271.12,NORMAL
30.5,47.17,851.34,40.14,23.8,289.51,NORMAL
43.56,59.06,959.81,44.61,24.08,346.82,RISING_RISK
27.09,43.52,748.21,42.59,23.51,300.55,NORMAL
33.48,53.61,935.21,39.07,22.21,316.23,RISING_RISK
28.02,47.77,815.92,38.91,23.89,270.45,NORMAL
30.09,44.72,835.74,41.29,24.12,290.21,NORMAL
45.84,57.58,968.75,44.08,23.74,345.01,RISING_RISK
27.26,42.61,775.68,44.87,22.99,307.58,NORMAL
34.93,50.57,955.19,37.54,21.89,318.92,RISING_RISK
28.76,49.06,835.47,38.14,24.12,272.65,NORMAL
30.32,47.31,816.49,42.42,23.93,285.61,NORMAL
45.47,59.75,982.28,44.45,24.09,353.63,RISING_RISK
30.03,44.31,795.94,42.56,22.89,309.05,NORMAL
35.5,52.14,966.82,38.64,22.25,323.3,RISING_RISK
30.86,49.58,853.0,38.11,23.7,278.38,NORMAL
28.87,43.6,789.2,43.49,23.7,280.81,NORMAL
44.14,63.38,995.49,43.37,24.19,356.27,RISING_RISK
32.8,42.76,815.37,42.91,22.89,308.32,NORMAL
35.82,57.42,963.77,37.17,22.04,333.67,RISING_RISK
33.27,48.98,873.11,37.82,23.78,281.8,NORMAL
29.13,42.74,776.27,43.71,23.09,273.46,NORMAL
46.77,66.29,991.63,43.14,24.36,363.82,RISING_RISK
32.62,44.14,817.41,44.54,22.88,315.25,NORMAL
34.05,56.25,982.09,38.19,22.5,336.28,RISING_RISK
31.99,48.03,885.92,36.77,23.82,289.05,NORMAL
28.83,41.93,768.13,44.28,22.84,257.43,NORMAL
45.66,68.4,994.55,42.77,24.31,369.78,RISING_RISK
31.59,44.52,847.52,45.89,23.03,323.38,NORMAL
36.45,55.96,991.86,36.86,22.59,336.1,RISING_RISK
34.52,50.74,895.47,36.93,23.67,290.1,RISING_RISK
28.41,38.59,769.9,42.68,23.23,251.1,NORMAL
44.01,69.01,980.89,43.12,24.46,362.21,RISING_RISK
32.77,44.12,865.53,46.17,23.72,330.66,NORMAL
41.91,57.16,1013.5,36.81,22.77,341.35,STAGNATION_PREDICTED
34.33,50.61,893.39,36.59,23.66,302.47,RISING_RISK
27.6,37.09,758.27,41.29,23.07,246.33,NORMAL
44.24,67.36,956.65,41.1,24.17,353.14,RISING_RISK
33.3,45.4,879.27,45.46,24.13,336.04,NORMAL
44.29,60.35,1014.72,36.99,22.85,338.42,STAGNATION_PREDICTED
32.71,53.05,899.4,36.49,24.09,305.95,RISING_RISK
28.87,38.33,746.82,40.69,23.18,238.99,NORMAL
44.17,66.96,920.83,39.83,24.15,347.41,RISING_RISK
33.51,43.72,892.12,43.9,24.25,333.85,NORMAL
43.81,62.74,1005.69,35.84,23.21,350.36,STAGNATION_PREDICTED
31.82,51.51,880.27,38.02,23.81,295.38,RISING_RISK
29.22,36.99,730.42,40.64,22.97,226.81,NORMAL
42.15,64.38,902.71,39.88,24.22,344.87,RISING_RISK
33.62,46.38,897.98,43.59,24.54,330.46,NORMAL
42.55,66.24,1014.27,34.4,23.12,347.01,STAGNATION_PREDICTED
31.97,51.48,875.94,37.35,23.78,289.33,RISING_RISK
27.76,31.76,716.7,40.48,23.06,224.32,NORMAL
40.05,63.25,879.9,41.97,23.85,343.4,RISING_RISK
31.52,44.36,884.52,42.73,24.24,323.87,NORMAL
43.05,67.76,1004.69,34.09,22.87,359.32,STAGNATION_PREDICTED
29.91,46.55,862.32,37.87,23.0,283.15,NORMAL
26.79,29.43,712.84,39.0,23.18,222.72,NORMAL
39.02,62.17,867.57,42.52,24.05,333.32,RISING_RISK
31.14,40.96,871.42,41.27,24.3,319.65,NORMAL
46.13,68.14,1013.88,33.45,22.82,363.6,STAGNATION_PREDICTED
27.2,47.51,831.01,38.39,22.78,286.97,NORMAL
27.44,28.09,706.25,39.4,23.45,221.93,NORMAL
38.82,58.02,868.06,42.72,24.15,325.5,RISING_RISK
28.81,36.6,862.44,41.24,24.32,321.27,NORMAL
46.38,67.88,1017.14,34.24,23.38,373.61,STAGNATION_PREDICTED
25.51,48.27,820.9,39.26,23.05,284.18,NORMAL
28.43,28.42,688.67,41.08,23.22,226.37,NORMAL
36.11,59.81,860.34,45.46,23.84,314.85,RISING_RISK
29.37,35.13,840.03,41.95,23.87,310.71,NORMAL
47.53,66.6,1016.37,36.52,23.29,384.24,STAGNATION_PREDICTED
23.09,44.39,813.65,40.07,23.01,276.33,NORMAL
26.87,26.85,682.29,41.89,23.19,227.08,NORMAL
36.35,57.48,834.58,46.03,23.75,309.91,RISING_RISK
29.79,31.93,828.34,40.47,23.71,300.72,NORMAL
46.12,70.96,1022.01,39.01,23.29,391.01,STAGNATION_PREDICTED
25.66,44.68,829.66,39.98,23.66,279.91,NORMAL
26.23,23.3,681.34,40.4,23.02,227.76,NORMAL
36.47,52.43,812.9,44.84,23.69,299.18,RISING_RISK
27.4,32.25,804.4,40.47,24.09,296.74,NORMAL
48.47,67.57,1033.74,39.31,23.39,400.03,STAGNATION_PREDICTED
25.21,47.51,832.97,38.88,24.03,285.01,NORMAL
26.1,21.96,674.61,42.2,23.3,217.21,NORMAL
34.75,50.01,793.02,45.57,23.7,300.35,RISING_RISK
25.96,30.35,802.57,40.92,23.82,292.58,NORMAL
48.67,67.26,1040.35,40.54,23.51,392.9,STAGNATION_PREDICTED
27.39,47.87,852.31,41.04,24.15,295.35,NORMAL
26.47,21.81,662.17,42.94,23.46,215.25,NORMAL
33.08,48.31,776.89,46.49,24.48,306.56,NORMAL
27.46,28.01,805.84,40.27,23.59,278.31,NORMAL
51.42,68.54,1050.75,40.65,23.64,398.17,STAGNATION_PREDICTED
29.83,47.14,859.05,39.55,24.05,294.44,NORMAL
24.18,20.15,648.54,43.56,23.26,212.3,NORMAL
31.81,46.02,758.73,44.77,24.14,292.98,NORMAL
26.17,28.24,784.85,40.71,24.18,278.47,NORMAL
48.27,72.63,1068.55,39.66,23.73,396.11,STAGNATION_PREDICTED
33.12,51.07,869.21,41.14,23.96,307.21,RISING_RISK
22.9,20.31,641.19,44.73,23.57,207.19,NORMAL
30.69,48.21,737.06,43.67,23.81,288.5,NORMAL
26.84,27.89,767.03,41.57,24.18,275.53,NORMAL
49.15,71.27,1069.09,40.19,23.75,402.08,STAGNATION_PREDICTED
33.37,53.75,867.67,41.57,24.36,314.46,RISING_RISK
20.86,25.68,643.4,45.39,23.82,213.9,NORMAL
28.93,47.35,732.07,42.76,23.52,284.48,NORMAL
28.04,26.67,749.23,41.74,24.24,260.15,NORMAL
47.96,71.42,1062.56,40.37,23.86,406.79,STAGNATION_PREDICTED
34.16,57.6,871.58,42.83,24.63,315.32,RISING_RISK
17.78,26.62,639.15,45.98,24.05,208.57,NORMAL
29.75,45.48,740.69,42.23,23.82,287.3,NORMAL
28.25,27.43,742.29,42.91,23.73,250.74,NORMAL
51.13,72.9,1081.1,39.32,23.83,400.99,STAGNATION_PREDICTED
35.19,60.68,879.52,42.89,24.04,317.62,RISING_RISK
15.24,30.22,636.42,44.27,24.17,204.44,NORMAL
29.78,43.65,734.57,43.87,24.37,285.94,NORMAL
27.79,28.68,736.25,43.52,23.42,231.67,NORMAL
50.34,75.78,1088.02,40.07,23.86,394.29,STAGNATION_PREDICTED
33.31,61.45,895.23,42.18,23.76,324.73,RISING_RISK
14.68,29.59,624.26,43.24,23.94,182.25,NORMAL
29.41,41.61,728.63,44.53,23.73,272.4,NORMAL
29.22,28.59,726.3,42.49,23.12,218.32,NORMAL
52.06,78.26,1087.71,40.49,23.97,397.47,STAGNATION_PREDICTED
34.08,57.35,907.04,41.16,23.72,327.74,RISING_RISK
15.42,29.07,623.39,41.41,23.59,191.1,NORMAL
27.92,39.92,727.85,44.51,24.25,262.23,NORMAL
29.99,26.17,715.63,42.69,22.83,220.48,NORMAL
51.86,77.74,1085.52,42.06,23.48,399.25,STAGNATION_PREDICTED
34.64,59.78,927.23,41.61,23.21,329.39,RISING_RISK
14.7,27.67,612.84,42.09,23.83,195.97,NORMAL
27.51,39.23,716.37,43.71,24.03,265.16,NORMAL
28.36,27.83,702.38,44.71,22.11,209.49,NORMAL
52.06,75.9,1086.52,42.31,22.82,390.22,STAGNATION_PREDICTED
38.84,58.9,916.2,41.64,23.25,337.7,RISING_RISK
16.98,29.14,603.76,41.68,23.87,190.9,NORMAL
26.27,38.45,682.29,42.72,24.18,251.02,NORMAL
26.31,26.26,693.31,42.66,22.16,213.71,NORMAL
51.16,74.06,1081.49,43.13,23.07,391.78,STAGNATION_PREDICTED
37.4,62.77,924.95,40.08,23.14,333.88,RISING_RISK
17.27,28.65,591.95,42.4,23.4,184.13,NORMAL
26.37,37.75,668.85,41.17,23.94,244.63,NORMAL
26.8,25.98,680.92,42.47,21.99,212.32,NORMAL
47.2,71.83,1082.48,43.72,23.28,394.64,STAGNATION_PREDICTED
39.36,65.64,940.12,41.35,23.14,339.1,RISING_RISK
18.33,25.23,585.21,43.09,23.33,177.36,NORMAL
27.95,35.46,644.78,42.61,23.73,242.2,NORMAL
26.33,27.52,665.36,42.54,21.95,213.52,NORMAL
50.42,73.18,1082.71,44.73,23.41,396.38,STAGNATION_PREDICTED
39.29,64.35,956.76,40.57,23.24,348.51,RISING_RISK
19.84,26.58,576.45,43.91,23.42,176.2,NORMAL
25.74,37.54,640.06,43.92,23.76,234.91,NORMAL
25.99,23.28,653.55,43.86,22.14,214.08,NORMAL
49.35,72.95,1071.67,43.96,23.44,402.8,STAGNATION_PREDICTED
41.07,63.41,971.51,41.28,23.6,352.3,RISING_RISK
18.71,27.02,573.51,45.48,23.08,178.16,NORMAL
21.01,34.95,634.04,46.68,23.69,243.74,NORMAL
27.16,21.71,643.29,43.39,22.37,209.21,NORMAL
47.25,72.96,1069.23,45.14,23.67,409.11,STAGNATION_PREDICTED
43.98,67.31,981.53,40.14,23.38,352.48,RISING_RISK
18.94,27.64,577.07,44.28,23.43,175.87,NORMAL
21.55,36.74,623.91,47.75,23.88,253.16,NORMAL
27.62,21.92,633.29,42.59,22.56,209.48,NORMAL
44.54,69.55,1037.89,46.64,23.8,396.83,STAGNATION_PREDICTED
45.14,67.8,989.41,41.85,23.81,350.47,RISING_RISK
21.49,29.07,612.78,44.57,23.3,186.54,NORMAL
19.79,32.61,625.08,46.79,23.94,246.61,NORMAL
27.38,20.28,633.21,41.11,22.57,209.69,NORMAL
44.11,69.42,1013.06,46.86,23.86,383.16,STAGNATION_PREDICTED
46.43,64.63,993.28,41.69,23.6,357.44,RISING_RISK
25.88,28.6,627.59,44.7,23.46,197.27,NORMAL
16.73,34.15,621.89,47.55,24.14,251.66,NORMAL
24.2,23.46,628.12,43.34,22.69,206.63,NORMAL
41.59,65.88,974.74,47.84,23.45,372.79,RISING_RISK
47.34,64.8,993.96,42.3,23.61,364.43,RISING_RISK
24.83,31.06,640.2,44.26,23.79,215.81,NORMAL
15.19,35.41,612.47,48.26,24.28,244.26,NORMAL
24.35,19.81,618.78,44.95,23.18,206.86,NORMAL
40.68,62.12,949.85,47.46,22.85,360.79,RISING_RISK
48.44,66.98,998.48,42.59,23.77,357.84,RISING_RISK
25.85,33.85,676.66,45.27,23.65,222.85,NORMAL
14.05,34.37,613.68,47.21,24.41,227.49,NORMAL
24.54,16.73,611.35,45.39,22.64,207.77,NORMAL
41.08,60.62,916.43,47.84,23.22,353.11,RISING_RISK
47.02,68.89,1003.57,42.2,23.98,356.26,STAGNATION_PREDICTED
31.98,31.02,701.06,46.61,23.61,242.5,NORMAL
14.4,31.52,602.77,46.73,24.35,219.37,NORMAL
25.33,18.27,618.3,47.31,23.06,219.58,NORMAL
41.34,58.02,893.47,46.89,22.86,336.71,RISING_RISK
46.48,72.48,1024.35,42.35,24.09,361.88,STAGNATION_PREDICTED
30.96,34.5,732.67,47.41,23.81,248.44,NORMAL
15.21,32.16,609.46,46.53,24.48,221.23,NORMAL
24.39,19.65,606.43,48.05,23.46,227.46,NORMAL
37.63,53.89,874.84,47.48,22.91,344.93,RISING_RISK
44.18,72.32,1015.73,44.35,24.08,367.16,STAGNATION_PREDICTED
33.66,35.87,755.56,46.85,23.81,252.96,NORMAL
16.68,30.91,611.81,48.33,24.77,233.94,NORMAL
24.4,19.18,594.51,48.28,23.46,231.61,NORMAL
40.24,56.23,841.3,47.66,23.09,332.22,RISING_RISK
45.04,74.54,1028.01,47.08,24.22,393.57,STAGNATION_PREDICTED
33.89,37.79,772.41,46.51,23.74,257.34,NORMAL
18.53,29.32,600.44,48.1,24.55,222.34,NORMAL
27.24,20.26,580.88,48.04,23.59,227.78,NORMAL
36.48,52.61,834.92,49.0,23.01,334.7,RISING_RISK
43.76,72.77,1021.34,46.63,24.31,381.92,STAGNATION_PREDICTED
32.13,39.87,794.8,46.54,23.84,259.89,NORMAL
19.67,30.32,610.11,48.58,24.71,219.94,NORMAL
28.03,19.86,568.77,48.5,23.57,220.94,NORMAL
36.74,50.85,820.19,49.7,22.66,328.74,RISING_RISK
45.19,67.75,1026.4,47.35,24.12,379.03,STAGNATION_PREDICTED
31.52,39.47,816.12,45.69,23.77,278.08,NORMAL
21.33,29.54,615.95,48.57,24.64,224.59,NORMAL
24.73,20.15,577.24,48.08,23.37,210.18,NORMAL
36.71,50.37,792.61,50.5,22.74,328.38,RISING_RISK
44.78,68.8,1038.07,47.83,24.21,394.71,STAGNATION_PREDICTED
30.63,42.63,830.14,45.55,23.56,291.6,NORMAL
20.03,26.1,602.06,49.32,24.22,221.94,NORMAL
22.95,20.05,576.09,49.46,23.19,213.34,NORMAL
36.06,50.29,775.48,49.48,22.32,317.52,RISING_RISK
45.16,69.91,1040.89,46.87,24.14,396.23,STAGNATION_PREDICTED
31.19,47.98,841.24,47.32,23.78,305.02,NORMAL
17.07,24.42,602.69,49.3,24.15,222.79,NORMAL
23.72,19.43,577.46,48.26,23.89,211.11,NORMAL
33.83,50.65,761.89,49.63,22.1,307.2,RISING_RISK
44.12,68.51,1043.77,46.65,23.98,406.6,STAGNATION_PREDICTED
27.85,52.16,854.52,46.84,23.29,312.35,RISING_RISK
18.44,24.21,577.67,48.76,24.06,225.17,NORMAL
22.87,20.23,573.93,49.85,23.71,209.47,NORMAL
33.43,50.52,743.79,49.92,21.84,297.17,RISING_RISK
45.46,67.85,1058.6,46.8,23.85,413.69,STAGNATION_PREDICTED
29.6,56.15,871.9,46.47,23.01,324.98,RISING_RISK
17.64,23.14,576.33,46.74,24.16,215.4,NORMAL
24.36,21.7,585.76,50.98,24.09,217.29,NORMAL
33.18,52.65,736.45,49.29,21.86,292.27,RISING_RISK
44.9,71.03,1065.97,45.34,24.01,416.65,STAGNATION_PREDICTED
30.35,60.86,888.64,47.43,23.6,334.66,RISING_RISK
19.44,21.59,566.48,46.08,24.35,194.7,NORMAL
20.56,22.19,585.25,49.62,24.7,210.85,NORMAL
31.84,50.59,720.97,50.04,21.97,296.46,RISING_RISK
48.46,71.34,1067.93,45.26,24.14,411.34,STAGNATION_PREDICTED
32.72,59.73,904.28,45.35,23.9,318.89,RISING_RISK
19.77,22.26,574.88,44.26,24.39,187.86,NORMAL
21.79,22.71,586.19,50.23,24.83,216.52,NORMAL
31.75,53.06,697.59,50.34,21.5,295.88,RISING_RISK
48.88,70.39,1073.75,46.33,24.27,418.39,STAGNATION_PREDICTED
32.18,58.09,923.08,45.88,23.77,325.53,RISING_RISK
19.52,23.13,563.92,44.43,24.14,197.34,NORMAL
20.02,22.33,576.85,50.98,24.95,206.55,NORMAL
32.28,54.09,686.69,48.99,21.92,281.67,RISING_RISK
47.59,72.79,1074.38,46.7,24.27,416.76,STAGNATION_PREDICTED
33.37,58.5,935.89,46.11,24.02,329.59,RISING_RISK
19.75,20.47,553.91,44.32,23.54,191.91,NORMAL
19.72,20.85,572.75,51.13,24.41,199.7,NORMAL
31.97,53.93,678.32,48.1,22.48,269.21,RISING_RISK
48.98,76.75,1070.33,48.16,24.66,420.86,STAGNATION_PREDICTED
33.8,61.18,942.99,44.39,24.08,338.3,RISING_RISK
19.28,24.75,557.47,44.11,23.32,195.59,NORMAL
15.45,22.91,567.34,51.99,23.83,198.2,NORMAL
32.0,51.82,663.34,48.97,22.94,263.84,RISING_RISK
51.08,75.22,1065.78,49.01,25.02,423.26,STAGNATION_PREDICTED
31.2,62.23,952.83,43.36,23.98,333.42,RISING_RISK
20.51,25.2,560.47,42.91,23.13,192.59,NORMAL
15.57,17.33,560.46,50.4,23.93,200.44,NORMAL
29.57,51.91,646.74,50.22,22.58,275.19,RISING_RISK
51.76,74.56,1075.55,50.19,25.22,435.62,STAGNATION_PREDICTED
32.74,61.87,966.14,41.7,23.4,342.84,RISING_RISK
18.66,25.76,571.22,43.87,23.57,195.83,NORMAL
16.04,12.77,566.3,51.19,24.33,201.61,NORMAL
31.85,48.52,646.2,49.62,22.56,261.92,NORMAL
52.07,79.16,1075.02,50.28,25.07,434.18,STAGNATION_PREDICTED
33.52,58.44,945.06,43.61,23.04,327.15,RISING_RISK
18.1,20.82,566.23,43.19,23.91,197.94,NORMAL
15.88,10.86,555.61,50.46,24.64,197.01,NORMAL
33.41,49.11,632.27,49.88,22.93,262.43,NORMAL
48.44,76.16,1045.88,49.54,24.78,415.41,STAGNATION_PREDICTED
30.37,57.8,925.08,42.53,23.15,321.1,RISING_RISK
18.07,19.13,571.39,42.38,23.44,194.22,NORMAL
14.18,10.34,558.27,52.1,24.77,208.5,NORMAL
30.86,46.54,628.36,49.7,23.32,269.44,NORMAL
46.56,73.8,1030.89,50.53,24.75,404.45,STAGNATION_PREDICTED
29.42,55.86,912.28,42.67,22.67,306.31,RISING_RISK
19.27,19.38,573.58,42.39,23.42,199.68,NORMAL
14.88,10.87,561.36,50.47,25.11,199.53,NORMAL
28.45,41.09,622.53,49.29,23.06,265.73,NORMAL
44.58,71.65,1004.61,49.13,24.7,390.34,STAGNATION_PREDICTED
29.44,53.53,911.53,41.33,22.5,299.81,RISING_RISK
18.4,21.08,568.61,42.66,23.73,191.84,NORMAL
13.66,10.78,539.11,49.81,25.61,195.93,NORMAL
27.32,41.31,623.9,49.34,23.37,263.05,NORMAL
41.73,69.23,975.9,49.06,24.56,387.81,RISING_RISK
30.09,54.2,896.05,43.03,22.32,295.11,RISING_RISK
20.04,21.01,558.75,41.43,24.28,196.93,NORMAL
13.78,12.42,552.47,50.51,25.68,190.76,NORMAL
24.72,37.57,603.96,46.14,23.43,241.34,NORMAL
41.71,66.78,952.48,49.14,24.28,372.35,RISING_RISK
28.95,55.04,883.38,41.21,21.8,283.44,RISING_RISK
21.59,21.15,544.09,42.88,23.93,177.25,NORMAL
14.9,11.4,544.07,48.3,25.57,184.95,NORMAL
23.6,36.88,590.14,48.22,23.76,246.73,NORMAL
39.79,63.11,921.41,48.26,24.01,358.18,RISING_RISK
26.97,54.73,878.95,41.98,22.28,276.66,RISING_RISK
20.55,21.64,550.24,43.24,23.68,179.22,NORMAL
15.33,10.54,541.29,48.25,25.81,185.17,NORMAL
23.5,35.84,580.84,48.21,23.89,246.24,NORMAL
39.05,59.78,937.19,49.8,23.56,365.01,RISING_RISK
25.76,51.46,852.2,44.03,22.37,267.41,RISING_RISK
20.55,19.28,548.1,43.28,23.77,174.57,NORMAL
15.96,9.58,528.13,47.63,25.35,188.08,NORMAL
23.51,34.04,564.26,49.86,23.61,241.74,NORMAL
40.59,56.28,945.42,49.87,23.28,364.82,RISING_RISK
27.06,53.77,845.17,44.67,22.73,258.93,RISING_RISK
16.91,23.08,564.1,42.98,22.95,175.64,NORMAL
16.59,8.44,528.84,47.66,24.97,193.74,NORMAL
22.41,34.55,549.41,48.08,23.4,229.41,NORMAL
39.2,54.69,962.78,49.82,22.98,367.29,RISING_RISK
27.11,48.8,839.53,44.27,22.91,245.49,NORMAL
16.17,19.94,567.6,43.35,22.99,164.93,NORMAL
15.09,8.87,523.83,48.8,24.98,192.37,NORMAL
21.69,34.23,535.91,47.82,23.61,215.14,NORMAL
39.93,57.09,981.89,48.61,22.93,361.93,RISING_RISK
26.66,47.13,815.51,45.21,23.24,251.03,NORMAL
14.42,19.47,554.0,43.16,22.75,172.12,NORMAL
18.63,7.5,523.16,46.42,25.26,181.7,NORMAL
20.69,31.76,536.71,49.9,23.19,228.85,NORMAL
39.64,60.48,985.93,47.98,22.95,363.35,RISING_RISK
26.79,45.66,782.19,44.13,23.59,240.86,NORMAL
16.48,21.8,569.01,42.29,22.15,191.84,NORMAL
20.83,9.31,520.49,45.98,25.11,173.37,NORMAL
18.3,27.65,524.95,50.08,22.61,223.35,NORMAL
39.09,62.26,999.62,47.56,23.28,366.47,RISING_RISK
27.66,43.35,763.18,46.14,23.93,247.39,NORMAL
17.75,24.45,573.12,41.03,22.27,195.77,NORMAL
18.19,6.88,523.72,45.61,24.9,172.17,NORMAL
17.02,28.37,518.93,50.19,22.74,227.22,NORMAL
38.97,61.58,998.04,46.04,23.77,373.36,RISING_RISK
26.67,40.21,752.45,44.88,23.55,231.03,NORMAL
19.22,26.4,587.15,41.98,22.19,199.19,NORMAL
18.79,10.59,519.39,46.49,25.21,171.23,NORMAL
17.89,25.46,524.87,49.96,22.72,222.28,NORMAL
38.43,63.18,995.78,46.37,24.16,380.24,RISING_RISK
26.82,42.35,744.53,44.08,23.26,231.2,NORMAL
19.93,23.18,612.62,41.9,22.38,217.99,NORMAL
17.49,11.54,518.17,45.25,24.8,160.82,NORMAL
19.25,27.96,515.47,50.84,23.06,216.9,NORMAL
38.21,63.98,1002.57,46.43,23.92,370.27,STAGNATION_PREDICTED
26.9,42.4,739.79,44.1,22.7,228.04,NORMAL
18.34,28.86,644.9,42.25,22.28,227.68,NORMAL
16.96,10.35,525.89,44.9,25.02,150.92,NORMAL
18.42,30.23,502.39,51.08,22.86,202.9,NORMAL
41.63,65.31,996.07,48.5,23.94,373.32,RISING_RISK
27.52,42.41,731.21,43.76,22.62,221.97,NORMAL
18.54,29.48,667.07,42.04,22.48,237.66,NORMAL
15.71,8.04,531.03,44.71,25.25,146.34,NORMAL
17.56,28.03,517.89,48.69,22.85,207.06,NORMAL
44.38,67.74,1020.07,50.94,23.2,380.98,STAGNATION_PREDICTED
26.27,40.49,708.09,43.58,22.75,220.31,NORMAL
21.04,32.49,673.8,42.27,22.67,248.69,NORMAL
13.73,9.25,530.48,45.77,25.07,149.88,NORMAL
17.89,27.79,512.8,48.73,22.23,212.61,NORMAL
43.06,69.55,1047.06,50.99,23.13,381.73,STAGNATION_PREDICTED
26.29,38.54,701.43,44.69,22.93,228.62,NORMAL
22.11,36.74,699.05,41.53,22.13,255.91,NORMAL
12.1,10.66,524.31,45.35,25.0,150.65,NORMAL
14.92,28.26,519.18,49.98,22.06,212.17,NORMAL
42.42,66.5,1051.84,51.25,23.34,382.81,STAGNATION_PREDICTED
23.17,38.19,699.48,45.68,22.83,239.89,NORMAL
24.28,36.89,714.22,42.03,21.7,264.11,NORMAL
11.59,7.34,509.84,44.66,24.94,150.98,NORMAL
13.71,29.36,514.29,49.45,22.56,210.23,NORMAL
41.13,72.25,1054.75,50.77,23.05,393.34,STAGNATION_PREDICTED
23.29,38.06,691.05,45.54,23.09,240.9,NORMAL
27.3,34.7,740.65,43.16,21.72,259.96,NORMAL
11.81,5.38,520.4,44.34,25.09,153.61,NORMAL
14.5,28.72,514.43,50.37,22.86,209.06,NORMAL
42.1,73.84,1037.34,51.51,23.27,408.65,STAGNATION_PREDICTED
23.88,38.13,679.91,46.63,22.9,246.52,NORMAL
29.43,37.92,762.95,43.93,22.23,268.32,NORMAL
11.61,8.4,513.14,43.73,24.53,159.6,NORMAL
12.86,26.79,532.63,50.66,22.78,195.36,NORMAL
42.38,70.65,1038.06,52.24,23.65,399.93,STAGNATION_PREDICTED
22.61,33.54,665.33,46.17,22.73,245.38,NORMAL
31.72,38.07,788.67,43.43,22.44,277.01,NORMAL
12.22,6.94,508.95,42.72,23.99,158.9,NORMAL
13.03,28.53,539.33,50.45,22.79,202.63,NORMAL
41.88,73.18,1037.59,51.95,24.18,400.73,STAGNATION_PREDICTED
22.99,35.89,675.28,44.18,22.93,241.27,NORMAL
34.75,41.79,799.51,42.37,22.75,286.17,NORMAL
12.71,9.0,505.38,43.11,23.77,155.55,NORMAL
12.59,25.72,515.98,50.0,22.58,206.59,NORMAL
41.75,74.25,1048.07,52.28,24.43,404.17,STAGNATION_PREDICTED
26.25,38.56,696.33,44.27,22.83,252.82,NORMAL
36.06,47.21,835.18,42.04,22.56,279.24,RISING_RISK
11.64,8.62,499.08,43.12,23.76,150.1,NORMAL
10.76,28.8,518.82,48.63,22.59,194.13,NORMAL
41.07,71.37,1021.57,54.49,24.56,399.09,STAGNATION_PREDICTED
26.14,41.73,717.68,44.33,22.5,262.84,NORMAL
36.97,45.17,858.76,44.5,22.73,279.08,RISING_RISK
11.85,6.47,499.88,43.85,23.73,150.69,NORMAL
11.26,30.11,530.13,50.47,22.37,198.95,NORMAL
40.1,66.15,995.24,53.47,24.58,391.3,RISING_RISK
25.67,39.79,743.48,43.29,23.06,263.93,NORMAL
38.66,48.02,875.29,44.59,22.67,275.65,RISING_RISK
12.0,4.9,504.89,43.24,23.63,145.96,NORMAL
14.48,30.98,526.15,50.84,22.24,206.17,NORMAL
36.71,62.7,972.76,53.01,24.26,383.96,RISING_RISK
28.34,40.74,756.34,45.56,23.11,271.75,NORMAL
38.38,50.27,867.9,45.09,22.65,266.76,RISING_RISK
13.83,7.39,504.29,42.13,24.01,153.5,NORMAL
11.96,34.08,520.01,51.67,22.14,202.2,NORMAL
34.51,58.71,941.41,54.11,24.12,374.79,RISING_RISK
30.66,46.52,758.88,45.77,22.95,282.92,NORMAL
36.78,49.96,856.0,45.54,22.86,263.42,RISING_RISK
12.65,9.12,518.93,42.3,24.12,153.8,NORMAL
13.63,33.85,531.38,53.23,22.13,200.01,NORMAL
31.87,58.31,916.94,53.21,24.29,367.34,RISING_RISK
31.8,50.36,784.54,45.23,22.98,287.23,RISING_RISK
37.26,48.72,828.98,47.27,22.44,260.49,RISING_RISK
12.59,7.9,506.58,43.08,24.38,156.61,NORMAL
10.21,33.63,535.7,51.65,22.08,198.66,NORMAL
31.56,59.84,893.62,51.05,24.49,356.85,RISING_RISK
29.68,51.31,814.64,45.5,22.67,292.27,RISING_RISK
33.93,46.49,815.4,47.04,22.93,248.02,NORMAL
12.67,6.91,503.62,43.25,24.16,150.29,NORMAL
9.21,31.0,550.84,51.74,22.22,190.83,NORMAL
30.96,57.25,886.94,50.39,24.95,336.19,RISING_RISK
33.3,54.93,820.94,45.35,22.6,303.08,RISING_RISK
31.65,42.88,797.49,48.07,22.85,250.39,NORMAL
14.69,8.63,502.22,44.64,24.18,148.96,NORMAL
9.02,30.99,553.54,50.6,22.6,180.85,NORMAL
31.39,52.79,871.94,49.32,24.75,321.56,RISING_RISK
36.71,56.36,845.13,44.3,23.12,308.04,RISING_RISK
29.26,39.02,781.41,48.07,21.97,246.46,NORMAL
14.9,7.85,511.82,43.62,23.94,145.63,NORMAL
9.14,29.9,542.78,49.72,22.42,173.72,NORMAL
32.16,57.44,858.43,49.1,24.48,311.26,RISING_RISK
37.07,56.02,858.81,44.21,22.66,311.69,RISING_RISK
28.76,39.03,782.97,47.56,22.01,244.01,NORMAL
14.98,5.21,521.81,45.32,23.94,155.64,NORMAL
10.9,29.59,538.73,49.86,22.45,177.96,NORMAL
32.71,56.38,843.77,48.53,24.22,310.77,RISING_RISK
36.85,56.81,889.18,44.98,22.51,325.85,RISING_RISK
27.38,35.74,770.98,47.87,22.15,242.98,NORMAL
16.8,7.94,518.02,45.23,24.27,153.26,NORMAL
12.81,32.25,539.84,49.32,22.38,174.58,NORMAL
32.8,56.84,835.51,48.01,24.42,300.62,RISING_RISK
36.78,57.71,901.17,43.8,22.86,319.05,RISING_RISK
24.84,37.64,756.44,48.41,22.56,244.41,NORMAL
19.09,7.65,508.67,46.27,23.9,162.66,NORMAL
13.53,30.4,543.22,49.96,22.75,169.76,NORMAL
32.59,55.75,824.15,48.58,24.6,291.11,RISING_RISK
38.6,57.0,916.57,44.34,22.69,331.65,RISING_RISK
24.94,36.21,754.48,49.61,22.85,247.72,NORMAL
16.92,7.89,499.66,45.78,23.78,149.48,NORMAL
14.27,29.17,545.75,47.81,23.02,159.92,NORMAL
31.53,53.76,800.06,48.36,24.59,288.49,RISING_RISK
41.73,56.48,931.82,46.04,22.73,338.91,RISING_RISK
26.08,34.65,750.33,49.17,23.31,236.62,NORMAL
19.32,12.92,502.86,46.64,23.75,143.98,NORMAL
17.32,31.42,556.31,48.85,22.91,154.4,NORMAL
29.54,52.09,790.98,49.53,24.65,281.79,RISING_RISK
44.67,57.39,960.76,43.93,23.27,352.24,RISING_RISK
26.92,33.1,731.46,50.05,23.41,235.22,NORMAL
21.52,17.74,535.51,47.07,23.67,153.43,NORMAL
15.72,28.26,557.36,47.53,22.89,162.63,NORMAL
29.91,48.56,773.57,49.8,24.35,281.19,NORMAL
42.88,52.39,928.85,45.01,23.35,338.12,RISING_RISK
27.39,33.03,718.37,50.92,23.59,236.54,NORMAL
21.74,21.65,566.37,46.83,24.0,166.3,NORMAL
16.58,29.43,550.35,48.0,23.02,170.06,NORMAL
32.23,44.93,751.09,48.08,24.73,272.25,NORMAL
40.41,51.09,903.36,45.69,23.79,337.68,RISING_RISK
26.37,35.58,700.91,51.13,23.77,244.81,NORMAL
23.35,25.86,585.41,47.37,23.78,176.66,NORMAL
16.91,30.67,546.18,48.38,23.05,171.23,NORMAL
30.27,38.87,733.91,48.21,24.48,278.62,NORMAL
39.87,49.97,878.37,45.83,24.04,331.83,RISING_RISK
28.48,33.65,687.67,51.77,24.04,244.9,NORMAL
28.37,27.92,601.29,48.69,23.6,191.56,NORMAL
17.38,28.93,540.78,48.38,23.73,162.59,NORMAL
29.87,38.11,722.53,49.57,24.27,267.79,NORMAL
39.91,49.19,858.26,46.78,23.84,323.12,RISING_RISK
26.34,29.11,662.24,51.9,24.46,235.55,NORMAL
26.59,32.92,613.68,47.61,23.86,199.85,NORMAL
17.58,27.26,535.41,48.12,23.62,163.63,NORMAL
29.16,37.93,701.36,49.68,24.43,260.86,NORMAL
40.59,48.08,846.98,46.63,23.89,308.54,RISING_RISK
25.1,31.76,651.34,51.05,24.35,237.36,NORMAL
27.94,34.48,630.61,46.63,23.09,197.24,NORMAL
17.82,27.27,540.1,48.02,23.83,161.35,NORMAL
27.09,32.26,689.1,49.47,24.35,244.89,NORMAL
38.87,43.0,824.91,46.38,23.67,298.24,RISING_RISK
24.39,28.85,640.68,52.77,24.49,236.38,NORMAL
29.18,35.8,641.77,47.2,23.44,211.39,NORMAL
17.62,23.63,518.49,49.0,24.17,162.06,NORMAL
29.28,30.86,686.07,51.65,24.56,244.15,NORMAL
36.62,40.73,813.75,45.88,23.77,280.99,RISING_RISK
24.78,31.7,637.5,53.27,24.99,227.97,NORMAL
31.41,37.03,671.18,48.7,23.27,223.14,NORMAL
17.38,24.28,511.04,47.89,24.31,171.29,NORMAL
29.83,31.3,680.87,52.82,24.54,241.52,NORMAL
34.95,40.93,804.76,45.66,23.67,281.07,NORMAL
22.93,31.42,629.84,52.45,24.87,213.59,NORMAL
32.07,38.09,695.15,48.44,22.68,233.37,NORMAL
18.24,25.81,486.84,48.74,24.21,167.51,NORMAL
30.39,31.62,676.71,53.53,24.72,235.65,NORMAL
36.09,41.62,782.75,45.11,24.28,276.63,RISING_RISK
18.64,31.23,621.06,53.87,24.78,210.81,NORMAL
31.5,37.72,721.8,49.17,22.61,250.08,NORMAL
17.95,24.62,478.41,47.8,24.53,164.98,NORMAL
28.83,31.14,669.76,54.0,25.13,234.57,NORMAL
34.79,40.98,758.28,46.14,24.64,268.57,NORMAL
16.24,33.26,614.78,51.93,24.36,207.17,NORMAL
34.54,41.21,734.92,49.68,22.51,265.2,NORMAL
18.59,26.79,475.95,47.47,24.71,157.29,NORMAL
27.83,31.57,665.03,55.0,24.89,232.89,NORMAL
33.13,39.56,751.13,47.17,25.26,274.1,NORMAL
15.02,35.53,612.79,52.2,24.31,204.25,NORMAL
34.01,43.31,742.1,49.54,22.65,279.0,NORMAL
20.2,26.88,478.78,47.12,24.47,165.61,NORMAL
27.0,33.2,651.35,55.83,25.72,230.38,NORMAL
30.83,38.83,749.56,48.19,25.53,265.66,NORMAL
15.22,35.91,623.9,51.99,24.22,201.85,NORMAL
35.32,43.56,752.45,49.82,22.42,288.75,RISING_RISK
22.23,28.42,479.38,48.4,24.51,171.99,NORMAL
25.14,32.62,642.66,54.91,25.93,225.96,NORMAL
28.04,36.99,740.43,50.07,26.05,270.59,NORMAL
15.74,37.36,618.48,50.4,24.3,186.34,NORMAL
33.99,45.42,790.22,50.63,23.47,300.62,NORMAL
20.43,27.79,490.55,49.24,24.25,168.68,NORMAL
26.16,32.53,641.3,54.87,25.35,220.55,NORMAL
25.75,34.68,711.12,50.53,25.91,255.72,NORMAL
16.09,31.72,629.2,50.19,24.53,193.86,NORMAL
35.04,49.45,792.92,50.06,23.79,302.57,RISING_RISK
21.16,29.44,504.44,50.72,24.06,178.13,NORMAL
24.33,31.51,625.82,52.57,24.9,206.49,NORMAL
24.69,33.36,691.15,49.4,25.9,248.95,NORMAL
14.59,30.7,621.73,51.12,24.01,190.73,NORMAL
34.77,49.2,802.15,49.49,24.11,314.45,NORMAL
23.76,27.74,517.49,49.49,24.17,181.36,NORMAL
23.66,28.62,625.34,52.08,24.88,203.53,NORMAL
24.38,34.94,688.06,49.99,26.25,238.4,NORMAL
16.13,35.19,652.98,51.1,24.47,201.09,NORMAL
33.92,49.84,823.98,49.73,24.02,319.39,NORMAL
21.42,31.87,523.27,51.19,24.1,178.05,NORMAL
24.36,30.74,614.01,51.33,25.06,196.46,NORMAL
19.99,33.2,700.86,50.64,26.59,230.25,NORMAL
21.43,35.96,671.09,51.89,24.32,209.03,NORMAL
36.8,48.46,842.25,50.02,23.89,324.56,RISING_RISK
22.21,34.61,522.48,51.56,24.03,174.38,NORMAL
25.38,33.76,642.5,50.63,25.07,205.7,NORMAL
20.71,30.02,686.47,51.55,26.34,236.27,NORMAL
23.83,39.73,682.25,51.84,24.64,230.35,NORMAL
37.13,48.35,847.04,48.41,23.32,333.23,RISING_RISK
21.13,32.41,540.13,52.36,24.2,175.68,NORMAL
24.25,34.6,658.03,49.66,25.28,209.45,NORMAL
21.14,34.69,689.97,49.54,26.09,243.05,NORMAL
23.34,40.22,689.6,50.3,24.95,238.92,NORMAL
39.74,50.07,859.15,47.8,23.54,331.59,RISING_RISK
23.59,36.32,528.0,51.63,24.62,166.96,NORMAL
24.41,37.26,679.72,51.4,25.31,227.41,NORMAL
20.62,34.32,723.13,49.39,26.06,256.41,NORMAL
24.22,40.24,715.51,49.29,24.88,237.59,NORMAL
40.29,52.94,857.16,49.06,23.88,346.28,RISING_RISK
22.54,31.23,531.46,52.29,24.73,165.83,NORMAL
27.79,37.91,706.62,49.65,24.7,228.63,NORMAL
22.53,35.65,739.82,50.18,26.32,268.89,NORMAL
26.57,42.38,732.96,49.81,24.59,250.73,NORMAL
39.34,54.07,877.18,48.98,23.8,345.66,RISING_RISK
22.05,33.73,534.61,52.94,25.24,168.46,NORMAL
27.2,39.61,717.84,51.08,24.77,244.41,NORMAL
21.59,38.88,759.38,48.69,26.56,272.8,NORMAL
28.29,43.05,740.29,51.26,23.99,264.27,NORMAL
40.65,54.08,882.7,49.09,23.93,340.64,RISING_RISK
22.67,35.0,536.72,51.77,25.06,161.42,NORMAL
29.81,42.99,736.86,50.52,23.83,242.44,NORMAL
24.36,41.86,782.04,48.56,26.72,276.13,NORMAL
29.95,46.6,762.28,50.79,23.95,280.18,NORMAL
42.85,53.38,895.36,50.18,23.39,346.65,RISING_RISK
22.59,35.11,547.46,51.15,24.53,174.86,NORMAL
32.11,44.62,743.59,49.62,23.78,242.89,NORMAL
24.65,44.34,787.19,50.1,26.22,287.34,NORMAL
28.57,49.99,778.14,50.45,24.48,291.83,NORMAL
44.37,56.72,897.1,52.57,23.11,363.08,RISING_RISK
24.04,34.2,542.89,52.52,24.56,183.57,NORMAL
32.39,42.27,764.19,48.52,22.93,247.96,NORMAL
24.31,46.06,819.31,50.88,26.37,299.87,NORMAL
29.9,49.99,779.93,49.12,24.23,293.53,NORMAL
45.72,57.78,894.77,54.3,23.2,373.23,RISING_RISK
22.28,33.01,545.7,52.18,24.94,180.47,NORMAL
33.85,46.66,784.47,49.09,23.19,257.03,NORMAL
26.35,46.88,835.7,50.38,26.28,303.28,NORMAL
30.9,55.08,801.74,47.31,24.36,302.95,RISING_RISK
46.37,59.38,904.67,53.89,23.89,381.25,RISING_RISK
22.05,32.32,544.27,52.55,25.18,182.17,NORMAL
34.82,49.57,791.27,49.56,23.23,264.04,NORMAL
28.74,49.86,853.86,50.79,26.36,304.88,NORMAL
33.39,55.65,809.97,48.63,24.0,316.61,RISING_RISK
45.07,59.87,884.12,54.83,23.6,373.1,RISING_RISK
24.29,32.2,566.06,50.86,25.4,188.29,NORMAL
38.33,49.77,793.46,48.6,23.44,268.32,RISING_RISK
30.25,48.23,858.84,48.81,25.87,300.55,NORMAL
34.73,58.09,822.94,48.09,24.17,314.02,RISING_RISK
42.49,57.24,855.52,53.76,23.93,367.51,RISING_RISK
25.26,34.43,590.72,52.18,25.55,212.25,NORMAL
39.01,52.07,792.28,46.9,23.14,263.87,RISING_RISK
32.26,48.49,872.35,49.86,25.74,311.85,NORMAL
35.13,59.86,842.79,47.69,24.1,316.36,RISING_RISK
42.99,58.45,869.11,53.68,24.33,375.47,RISING_RISK
26.25,35.24,613.41,51.07,25.52,214.76,NORMAL
40.87,52.94,800.0,45.1,23.08,263.95,RISING_RISK
33.56,49.97,886.4,49.94,26.02,316.11,NORMAL
33.87,59.78,849.98,46.71,23.84,316.34,RISING_RISK
42.63,59.92,877.6,53.35,24.43,370.61,RISING_RISK
27.91,38.12,640.41,49.61,25.56,218.31,NORMAL
40.4,52.24,817.87,45.53,22.87,267.88,RISING_RISK
32.01,50.77,895.53,49.04,26.03,324.26,RISING_RISK
34.94,61.64,879.23,45.73,23.1,324.82,RISING_RISK
42.4,60.14,893.47,53.59,24.7,373.02,RISING_RISK
29.21,43.3,666.17,48.99,25.48,230.86,NORMAL
37.97,54.33,823.08,47.08,22.61,283.44,RISING_RISK
32.98,52.87,910.6,48.19,25.57,325.2,RISING_RISK
34.71,63.1,887.74,46.53,23.08,326.5,RISING_RISK
41.92,59.86,904.32,53.89,24.26,372.22,RISING_RISK
28.4,42.23,685.77,47.95,24.41,237.84,NORMAL
34.69,52.86,853.16,46.21,23.26,287.02,RISING_RISK
36.27,52.43,914.79,48.37,25.7,325.53,RISING_RISK
35.38,64.02,897.4,46.08,23.55,329.45,RISING_RISK
40.93,59.02,907.53,53.08,24.06,378.76,RISING_RISK
27.44,42.1,704.92,47.54,25.14,252.38,NORMAL
36.59,51.95,873.13,44.48,23.52,289.58,RISING_RISK
36.87,54.3,923.11,49.74,25.2,329.49,RISING_RISK
36.1,67.02,909.77,48.27,23.52,353.3,RISING_RISK
44.87,58.72,905.68,52.51,23.83,373.76,RISING_RISK
27.04,43.01,712.63,47.0,25.46,262.09,NORMAL
35.61,48.84,890.29,44.62,23.51,295.45,RISING_RISK
33.51,56.76,896.36,49.51,24.82,326.98,RISING_RISK
36.27,67.41,914.3,46.89,23.91,353.3,RISING_RISK
48.73,62.42,932.32,52.13,23.97,366.35,RISING_RISK
32.5,46.39,735.87,47.89,25.3,276.46,NORMAL
36.26,49.35,918.9,43.83,22.94,304.18,RISING_RISK
34.53,54.98,879.98,47.66,25.1,314.05,RISING_RISK
36.17,64.97,934.97,44.38,23.49,350.41,RISING_RISK
47.91,61.32,932.29,50.48,24.24,367.32,RISING_RISK
30.2,47.26,756.64,48.06,25.7,286.63,NORMAL
34.1,46.84,935.24,43.73,23.34,308.75,NORMAL
33.4,49.4,870.02,45.69,24.86,293.37,NORMAL
37.85,68.36,937.25,44.79,23.03,353.57,RISING_RISK
49.11,65.34,939.14,52.1,23.8,376.36,RISING_RISK
33.86,48.5,770.39,47.94,25.4,296.02,NORMAL
33.22,48.25,942.06,43.7,23.15,314.51,NORMAL
32.55,46.71,860.07,47.07,25.11,279.97,NORMAL
39.75,67.31,946.89,44.1,23.39,349.83,RISING_RISK
50.44,68.23,943.08,50.76,23.93,376.2,RISING_RISK
34.61,53.0,790.29,48.22,25.18,287.77,RISING_RISK
33.04,47.64,943.97,45.38,23.34,319.71,NORMAL
28.25,43.0,830.3,46.64,24.62,276.5,NORMAL
40.38,69.06,962.14,45.56,23.29,351.59,RISING_RISK
50.6,69.93,962.58,49.71,23.82,378.52,RISING_RISK
36.48,56.6,792.86,49.01,25.21,300.06,RISING_RISK
32.93,47.93,940.05,47.53,23.6,326.05,NORMAL
27.88,43.42,818.74,46.34,24.05,263.51,NORMAL
44.36,69.11,961.65,44.71,23.31,351.43,RISING_RISK
50.69,67.1,954.66,51.3,23.42,373.47,RISING_RISK
38.51,55.62,810.56,48.03,24.82,310.25,RISING_RISK
32.34,48.75,951.31,47.96,23.65,336.13,NORMAL
27.29,42.8,802.28,46.77,24.11,267.84,NORMAL
45.15,66.97,963.33,44.94,23.08,355.1,RISING_RISK
48.3,66.16,958.46,49.26,23.12,379.84,RISING_RISK
40.25,59.54,829.73,47.72,24.72,307.98,RISING_RISK
32.19,52.3,963.25,48.79,23.37,353.96,RISING_RISK
23.9,42.16,775.92,46.57,24.17,262.07,NORMAL
45.72,70.95,979.01,46.1,23.1,360.03,RISING_RISK
50.11,68.26,968.89,48.21,22.89,381.87,RISING_RISK
41.5,58.42,837.39,47.83,24.61,309.85,RISING_RISK
33.23,53.81,974.31,48.16,23.2,357.3,RISING_RISK
24.25,41.91,766.78,46.53,24.26,261.85,NORMAL
45.6,74.5,984.37,46.62,22.99,366.02,RISING_RISK
49.04,69.92,979.8,46.75,23.11,377.75,RISING_RISK
43.76,60.28,846.55,46.71,24.55,302.89,RISING_RISK
34.06,54.0,977.34,48.22,23.34,365.85,RISING_RISK
20.87,39.12,763.39,46.89,24.0,255.02,NORMAL
46.28,76.6,982.53,47.04,23.11,371.2,RISING_RISK
48.41,69.67,976.81,46.71,22.92,377.97,RISING_RISK
46.2,61.0,859.21,47.88,24.89,312.08,RISING_RISK
35.63,56.27,974.39,48.3,23.45,376.61,RISING_RISK
22.1,34.34,747.26,44.49,23.62,238.05,NORMAL
46.22,77.21,985.56,46.63,23.35,377.4,RISING_RISK
48.32,70.22,995.96,46.14,23.42,383.1,RISING_RISK
46.97,60.01,865.16,47.48,24.91,317.27,RISING_RISK
34.58,58.16,988.25,48.49,23.75,376.15,RISING_RISK
20.02,32.61,731.97,43.55,23.71,240.59,NORMAL
48.89,79.45,996.92,45.64,23.7,375.06,RISING_RISK
50.39,72.72,1001.88,44.35,23.14,372.51,STAGNATION_PREDICTED
47.01,59.19,877.82,46.12,25.01,318.9,RISING_RISK
33.3,59.84,1006.24,46.99,23.5,367.97,RISING_RISK
19.26,26.06,729.63,42.47,23.56,229.36,NORMAL
49.04,77.33,1020.17,45.56,23.61,386.88,STAGNATION_PREDICTED
51.33,72.71,998.18,43.07,23.07,366.96,RISING_RISK
49.0,57.19,880.83,45.74,24.7,316.25,RISING_RISK
35.61,60.58,998.84,46.93,23.97,368.08,RISING_RISK
17.44,26.65,720.38,42.58,23.71,223.8,NORMAL
46.07,70.21,990.65,45.41,23.42,386.37,RISING_RISK
52.9,70.62,996.81,42.66,23.21,369.88,RISING_RISK
48.35,56.24,860.57,47.16,24.69,315.23,RISING_RISK
32.06,56.01,973.14,44.58,24.46,350.12,RISING_RISK
18.13,25.19,711.85,43.19,24.19,222.56,NORMAL
43.62,68.16,973.78,46.47,22.86,378.39,RISING_RISK
50.34,71.65,1003.76,42.46,22.97,378.76,STAGNATION_PREDICTED
47.36,54.14,841.02,47.5,24.82,297.5,RISING_RISK
29.39,53.17,959.53,44.77,24.22,343.47,RISING_RISK
16.82,27.16,697.56,43.05,24.59,212.88,NORMAL
42.4,66.97,941.08,45.87,22.8,370.65,RISING_RISK
53.01,71.04,1019.63,42.63,23.27,382.65,STAGNATION_PREDICTED
47.04,55.21,826.12,46.81,24.65,286.91,RISING_RISK
24.95,51.56,938.62,42.91,23.79,329.03,RISING_RISK
15.81,25.68,683.32,43.12,24.89,209.12,NORMAL
42.09,66.6,934.47,44.65,22.58,362.16,RISING_RISK
52.34,71.4,1012.9,43.78,23.35,378.76,STAGNATION_PREDICTED
45.6,53.47,810.48,46.12,24.89,288.41,RISING_RISK
23.81,49.25,923.39,42.08,23.53,327.05,NORMAL
17.21,27.08,673.81,42.03,24.55,194.51,NORMAL
40.49,61.65,916.47,45.87,23.07,363.87,RISING_RISK
52.4,69.6,1008.0,44.07,23.73,392.28,STAGNATION_PREDICTED
44.62,54.15,813.08,45.42,24.67,278.33,RISING_RISK
23.09,49.87,906.49,39.93,24.16,327.81,NORMAL
17.78,22.99,659.24,41.93,24.66,194.89,NORMAL
38.09,60.41,905.45,46.59,23.25,345.89,RISING_RISK
52.05,66.28,1023.77,42.75,23.77,388.92,STAGNATION_PREDICTED
40.55,54.51,795.61,44.64,25.36,261.54,RISING_RISK
24.23,47.73,879.95,41.27,23.84,327.33,NORMAL
19.24,20.98,642.13,42.63,24.66,198.17,NORMAL
40.84,64.45,931.12,45.54,23.07,343.65,RISING_RISK
51.99,67.6,1019.0,43.48,23.64,392.54,STAGNATION_PREDICTED
39.67,52.94,780.11,44.8,25.22,246.35,RISING_RISK
24.38,41.55,853.66,39.8,23.95,318.5,NORMAL
19.58,20.66,632.31,42.03,24.93,198.41,NORMAL
43.17,68.19,929.19,47.48,23.41,337.88,RISING_RISK
50.97,65.27,1028.43,44.62,23.33,387.68,STAGNATION_PREDICTED
36.98,51.33,763.71,44.29,25.14,234.0,RISING_RISK
24.44,42.97,821.61,40.35,23.56,295.79,NORMAL
19.78,21.02,630.77,41.19,25.1,196.49,NORMAL
42.0,70.98,938.48,45.08,23.18,340.11,RISING_RISK
52.43,66.71,1036.42,43.09,23.15,382.93,STAGNATION_PREDICTED
33.52,50.82,762.16,44.61,24.92,244.96,RISING_RISK
24.77,41.03,818.21,41.36,23.05,285.19,NORMAL
17.94,21.53,621.81,42.54,25.23,198.68,NORMAL
45.66,71.64,936.9,43.94,23.57,352.96,RISING_RISK
54.05,65.31,1053.8,43.22,23.64,379.07,STAGNATION_PREDICTED
30.49,53.09,742.88,46.12,24.28,239.99,RISING_RISK
20.84,37.52,805.75,41.24,22.9,274.76,NORMAL
19.15,23.16,625.41,42.09,25.51,203.33,NORMAL
44.64,72.7,948.04,43.22,23.37,362.71,RISING_RISK
54.87,60.97,1061.32,43.92,23.59,384.23,STAGNATION_PREDICTED
29.4,50.44,733.44,47.14,24.15,240.36,RISING_RISK
20.48,35.08,780.34,42.27,22.2,273.18,NORMAL
18.48,20.24,613.69,40.23,25.59,197.33,NORMAL
43.92,78.02,957.46,41.85,23.06,375.4,RISING_RISK
52.97,63.66,1069.5,43.46,23.0,397.69,STAGNATION_PREDICTED
28.11,51.75,721.8,47.11,23.92,235.52,RISING_RISK
20.0,33.89,755.06,41.84,22.27,251.64,NORMAL
18.1,23.55,622.02,40.44,25.22,201.97,NORMAL
46.07,75.86,960.31,40.84,23.18,373.14,RISING_RISK
53.14,63.97,1077.49,43.13,23.4,391.04,STAGNATION_PREDICTED
27.44,52.02,706.21,48.05,23.77,234.8,RISING_RISK
20.23,31.85,738.53,40.41,22.63,247.83,NORMAL
14.37,24.82,615.19,40.84,25.59,207.98,NORMAL
46.42,70.95,972.62,41.54,22.73,376.96,RISING_RISK
52.99,63.17,1065.15,42.95,23.14,395.63,STAGNATION_PREDICTED
29.09,53.59,735.75,47.09,23.83,240.17,RISING_RISK
16.55,31.07,739.17,40.36,22.64,247.02,NORMAL
15.64,24.44,607.44,41.23,25.2,210.53,NORMAL
46.43,73.97,974.23,41.68,22.22,370.06,RISING_RISK
53.01,65.39,1059.76,43.03,23.25,400.14,STAGNATION_PREDICTED
29.13,52.9,763.9,46.29,23.96,245.9,RISING_RISK
16.09,30.8,735.39,40.75,22.57,236.51,NORMAL
13.35,23.85,604.55,42.7,25.11,210.73,NORMAL
47.58,72.8,978.61,42.22,22.3,372.15,RISING_RISK
53.55,66.48,1055.18,43.04,23.87,398.37,STAGNATION_PREDICTED
27.06,54.56,778.46,45.61,24.83,253.8,RISING_RISK
14.07,31.16,732.55,40.28,22.74,231.05,NORMAL
14.26,21.0,615.48,43.26,24.86,197.33,NORMAL
45.62,76.37,964.53,41.3,22.56,373.86,RISING_RISK
53.75,64.79,1061.81,42.55,23.9,402.52,STAGNATION_PREDICTED
27.2,57.9,791.9,43.74,24.46,259.13,RISING_RISK
14.34,31.65,709.26,40.58,22.79,215.89,NORMAL
12.49,21.43,604.69,44.1,25.24,193.86,NORMAL
48.63,77.37,975.96,42.35,22.75,380.61,RISING_RISK
53.37,64.21,1064.56,41.81,23.37,406.68,STAGNATION_PREDICTED
28.58,60.17,810.88,43.59,24.84,265.26,RISING_RISK
13.1,33.68,700.9,41.13,22.73,218.57,NORMAL
11.95,21.13,591.29,42.88,25.59,191.82,NORMAL
52.97,77.57,989.9,43.23,22.91,378.8,RISING_RISK
53.49,65.19,1058.46,40.13,22.98,404.34,STAGNATION_PREDICTED
27.7,62.76,831.27,44.26,24.54,276.3,RISING_RISK
12.52,33.82,682.79,41.52,23.26,209.0,NORMAL
10.6,20.07,593.48,41.87,25.2,203.03,NORMAL
51.28,78.03,1011.47,43.19,23.1,383.78,STAGNATION_PREDICTED
54.91,71.55,1032.38,39.29,23.48,405.16,STAGNATION_PREDICTED
28.48,63.91,838.31,45.31,24.53,284.01,RISING_RISK
14.58,32.67,684.45,40.58,23.29,196.86,NORMAL
12.15,17.66,582.74,40.32,25.06,209.58,NORMAL
51.05,76.32,1014.24,42.44,23.49,392.73,STAGNATION_PREDICTED
51.96,68.93,997.92,39.69,23.48,391.38,RISING_RISK
29.37,67.1,853.15,46.96,24.77,293.67,RISING_RISK
14.49,33.76,675.59,39.56,23.25,200.34,NORMAL
11.84,19.16,581.78,39.67,25.18,214.09,NORMAL
51.88,76.3,1010.41,43.26,23.39,386.78,STAGNATION_PREDICTED
48.49,66.47,977.85,40.75,23.57,385.56,RISING_RISK
28.86,67.05,860.76,46.85,24.87,295.93,RISING_RISK
16.11,31.0,666.69,37.28,23.38,194.38,NORMAL
7.85,15.01,572.89,38.68,24.96,213.71,NORMAL
51.89,79.74,1021.28,41.8,23.37,386.22,STAGNATION_PREDICTED
47.34,62.61,954.72,39.66,23.56,381.41,RISING_RISK
29.41,70.66,870.91,46.9,24.41,299.91,RISING_RISK
17.63,28.83,649.45,36.99,23.52,198.0,NORMAL
9.05,16.88,578.24,39.51,24.95,214.22,NORMAL
49.37,80.69,1006.19,41.56,23.58,373.27,STAGNATION_PREDICTED
44.33,59.56,916.54,39.03,23.61,364.11,RISING_RISK
30.2,71.55,880.65,47.16,24.91,315.96,RISING_RISK
19.39,27.69,654.23,36.8,23.6,189.95,NORMAL
11.25,20.09,566.81,39.91,25.02,200.23,NORMAL
47.91,83.17,1009.04,41.3,23.58,376.05,STAGNATION_PREDICTED
45.1,55.8,911.93,39.91,23.51,354.37,RISING_RISK
33.04,71.89,884.5,45.79,25.17,317.14,RISING_RISK
20.1,26.31,627.17,36.25,23.41,188.58,NORMAL
11.24,19.58,561.73,42.9,24.86,188.13,NORMAL
48.19,82.19,1007.78,41.65,23.65,379.36,STAGNATION_PREDICTED
44.61,52.57,900.38,41.79,23.46,347.0,RISING_RISK
33.81,75.61,887.75,45.96,25.41,311.68,RISING_RISK
18.89,27.57,639.36,36.42,23.05,188.49,NORMAL
10.54,21.64,555.1,43.81,24.67,185.78,NORMAL
51.93,80.59,1006.66,43.59,24.21,380.76,STAGNATION_PREDICTED
42.76,52.01,882.64,41.69,23.09,333.32,RISING_RISK
34.62,73.9,899.21,45.66,25.15,316.02,RISING_RISK
17.78,23.19,625.55,35.46,23.29,188.05,NORMAL
10.47,22.53,549.99,42.28,24.68,182.76,NORMAL
51.57,76.48,1009.37,43.61,24.35,384.29,STAGNATION_PREDICTED
41.25,49.11,877.04,41.71,23.41,322.44,RISING_RISK
33.08,76.64,897.03,45.08,25.08,324.57,RISING_RISK
13.54,24.03,635.22,33.57,23.28,186.69,NORMAL
7.9,22.38,539.44,41.97,24.21,177.25,NORMAL
52.87,76.6,1016.33,44.82,24.48,378.3,STAGNATION_PREDICTED
39.4,47.88,852.39,41.07,23.66,319.21,RISING_RISK
33.83,78.08,905.93,44.76,25.09,322.08,RISING_RISK
12.78,21.35,625.46,33.22,23.28,180.29,NORMAL
4.78,21.16,542.38,42.72,23.9,173.22,NORMAL
53.0,79.55,1017.51,45.86,24.57,385.25,STAGNATION_PREDICTED
35.71,45.73,831.1,39.46,23.59,302.21,RISING_RISK
35.94,78.43,905.21,45.65,25.15,333.2,RISING_RISK
11.36,24.72,619.92,32.46,23.33,178.79,NORMAL
5.65,18.44,541.45,43.79,24.33,180.19,NORMAL
53.92,79.94,1022.64,46.97,24.97,396.04,STAGNATION_PREDICTED
33.54,42.7,810.16,40.5,23.49,290.19,NORMAL
38.22,75.8,923.48,47.13,25.25,333.78,RISING_RISK
11.69,24.01,617.13,33.06,22.93,167.26,NORMAL
4.81,21.85,535.14,41.88,24.24,179.03,NORMAL
53.88,79.2,1032.34,46.47,25.21,407.91,STAGNATION_PREDICTED
33.82,40.88,790.35,42.64,23.49,293.67,NORMAL
37.51,76.22,929.53,46.29,25.24,336.3,RISING_RISK
11.77,22.72,614.92,33.33,22.87,171.57,NORMAL
5.53,23.15,532.82,43.19,24.23,190.68,NORMAL
53.16,78.04,1037.23,47.22,25.2,407.88,STAGNATION_PREDICTED
28.97,38.26,771.59,41.14,23.79,292.98,NORMAL
36.85,76.89,950.39,45.33,24.83,339.58,RISING_RISK
12.59,21.75,608.28,32.9,22.48,172.74,NORMAL
3.42,26.33,532.02,43.43,23.89,180.67,NORMAL
51.21,77.98,1045.69,46.44,25.47,401.62,STAGNATION_PREDICTED
28.82,38.34,761.07,42.0,24.09,287.09,NORMAL
36.67,75.01,956.06,44.58,24.98,332.02,RISING_RISK
12.98,22.75,601.71,32.7,22.63,175.94,NORMAL
3.96,23.97,531.48,40.75,23.77,174.38,NORMAL
50.18,77.1,1048.7,45.34,25.21,399.57,STAGNATION_PREDICTED
28.07,31.43,746.15,40.61,23.96,276.94,NORMAL
36.0,72.17,969.01,42.33,25.04,333.66,RISING_RISK
12.71,23.03,592.17,33.41,22.93,176.35,NORMAL
3.82,24.01,530.58,40.47,23.48,175.68,NORMAL
51.39,76.2,1059.05,47.5,25.11,405.47,STAGNATION_PREDICTED
30.64,30.4,761.95,40.34,24.27,279.84,NORMAL
35.56,73.89,953.8,42.4,24.94,335.62,RISING_RISK
12.54,27.01,582.77,35.24,22.75,168.38,NORMAL
4.6,20.53,524.08,41.24,23.51,170.92,NORMAL
49.35,77.43,1070.41,46.71,24.77,414.28,STAGNATION_PREDICTED
33.39,31.64,772.97,41.56,24.36,278.11,NORMAL
38.37,72.29,966.6,42.65,25.02,341.96,RISING_RISK
11.03,24.04,568.24,35.88,23.18,176.74,NORMAL
5.89,22.52,515.48,40.19,23.81,165.56,NORMAL
50.95,77.46,1068.53,45.29,24.82,414.48,STAGNATION_PREDICTED
33.68,33.21,803.13,41.62,24.63,290.65,NORMAL
37.49,73.72,963.91,41.85,25.13,338.28,RISING_RISK
12.2,21.04,557.66,36.35,23.28,174.31,NORMAL
4.49,21.82,513.77,40.13,23.26,157.84,NORMAL
49.77,76.16,1080.08,46.44,24.59,419.2,STAGNATION_PREDICTED
34.61,38.28,822.23,42.3,24.05,290.85,NORMAL
37.75,71.6,969.83,41.86,25.41,341.07,RISING_RISK
11.11,19.64,563.55,37.32,22.95,173.28,NORMAL
4.69,21.04,520.92,40.98,23.37,149.16,NORMAL
53.45,77.39,1089.06,43.46,24.55,420.29,STAGNATION_PREDICTED
35.45,39.62,838.04,41.55,24.02,294.51,RISING_RISK
38.72,72.23,975.88,40.82,25.38,347.7,RISING_RISK
9.01,18.04,573.43,35.84,22.93,172.87,NORMAL
6.23,22.49,531.59,40.89,22.9,137.4,NORMAL
51.93,81.56,1092.91,41.95,24.23,417.8,STAGNATION_PREDICTED
35.13,42.25,838.4,40.93,23.66,304.35,RISING_RISK
38.43,73.48,997.45,41.39,25.47,350.52,RISING_RISK
7.27,15.52,570.06,36.64,22.59,159.93,NORMAL
8.63,20.01,520.73,41.27,23.29,143.78,NORMAL
48.71,79.43,1103.96,41.94,23.78,417.65,STAGNATION_PREDICTED
39.25,47.19,850.6,39.47,24.09,311.41,RISING_RISK
41.01,74.23,1007.44,40.27,24.94,349.37,STAGNATION_PREDICTED
6.93,12.38,572.49,35.96,22.58,160.97,NORMAL
8.48,20.44,533.2,38.6,23.11,145.73,NORMAL
48.45,76.34,1068.67,42.81,23.74,401.71,STAGNATION_PREDICTED
40.51,48.86,857.58,38.91,24.16,317.72,RISING_RISK
42.27,75.61,1012.24,40.46,24.87,344.98,STAGNATION_PREDICTED
8.75,14.67,567.49,35.82,22.25,162.18,NORMAL
7.28,18.43,524.32,37.96,23.09,142.73,NORMAL
45.93,74.96,1039.9,42.96,23.97,391.28,STAGNATION_PREDICTED
41.51,51.92,863.44,40.4,23.82,323.64,RISING_RISK
42.29,71.83,1009.73,40.3,24.38,345.63,STAGNATION_PREDICTED
9.14,16.36,571.06,36.74,22.62,154.15,NORMAL
5.03,20.72,521.63,40.03,23.51,151.67,NORMAL
44.63,72.51,1012.9,43.93,23.54,379.29,STAGNATION_PREDICTED
42.1,49.96,875.98,40.44,23.78,331.43,RISING_RISK
44.91,74.05,1014.72,37.25,24.14,342.88,STAGNATION_PREDICTED
9.09,14.2,578.88,39.17,22.95,149.36,NORMAL
5.34,20.46,530.18,41.38,23.48,152.07,NORMAL
44.56,71.45,978.69,43.4,23.7,371.74,RISING_RISK
44.34,48.22,893.94,39.43,23.41,320.49,RISING_RISK
42.8,73.72,1013.76,36.42,24.32,342.98,STAGNATION_PREDICTED
9.56,15.77,576.35,40.34,22.93,151.85,NORMAL
4.86,18.24,515.89,41.96,23.65,147.73,NORMAL
42.15,70.66,953.98,42.44,23.89,363.28,RISING_RISK
45.82,49.69,889.48,40.66,23.56,323.7,RISING_RISK
44.69,74.51,1013.22,36.37,24.62,351.9,STAGNATION_PREDICTED
10.61,20.41,569.7,40.64,22.86,159.6,NORMAL
3.77,15.52,516.1,42.25,23.7,152.3,NORMAL
41.06,70.06,933.87,43.41,23.69,346.91,RISING_RISK
48.8,48.94,905.38,40.42,23.92,332.17,RISING_RISK
44.35,75.36,1023.15,35.25,24.45,350.71,STAGNATION_PREDICTED
10.49,22.76,584.08,41.2,23.32,153.74,NORMAL
2.75,15.82,510.55,39.92,23.92,152.05,NORMAL
41.8,66.25,914.75,42.85,23.22,349.66,RISING_RISK
49.95,48.64,919.69,40.4,23.72,342.09,RISING_RISK
42.71,77.08,1021.0,36.11,25.07,352.46,STAGNATION_PREDICTED
10.82,21.01,578.16,41.83,23.36,149.97,NORMAL
6.2,13.65,508.63,41.11,24.27,144.94,NORMAL
38.71,64.59,901.61,43.54,23.41,341.38,RISING_RISK
50.11,52.89,924.94,38.53,23.98,349.28,RISING_RISK
44.3,79.15,1025.69,37.94,24.54,361.16,STAGNATION_PREDICTED
10.09,19.45,556.62,41.97,23.42,143.77,NORMAL
7.02,16.81,506.67,41.51,24.0,146.85,NORMAL
37.76,61.88,885.49,43.82,23.51,321.72,RISING_RISK
52.88,56.5,934.04,39.34,24.01,348.62,RISING_RISK
44.09,78.53,1036.03,38.23,24.36,371.12,STAGNATION_PREDICTED
9.75,20.43,557.52,41.59,23.58,142.08,NORMAL
6.78,18.49,508.35,42.11,24.36,149.75,NORMAL
37.41,61.39,868.86,43.46,23.38,305.42,RISING_RISK
51.35,59.59,947.65,39.33,24.47,350.79,RISING_RISK
43.47,82.38,1038.17,40.41,24.22,377.56,STAGNATION_PREDICTED
8.87,19.62,555.07,43.35,23.78,141.13,NORMAL
10.23,25.02,531.63,41.31,24.48,159.5,NORMAL
35.98,56.37,845.23,42.66,23.52,293.19,RISING_RISK
50.97,58.41,958.06,40.13,24.99,340.34,RISING_RISK
41.94,79.44,1013.94,40.79,24.06,376.05,STAGNATION_PREDICTED
7.15,20.55,549.46,43.59,23.85,137.61,NORMAL
13.8,25.09,557.19,42.16,24.73,166.34,NORMAL
31.12,55.5,820.93,42.53,24.17,283.82,RISING_RISK
51.93,60.09,966.0,40.87,24.89,336.18,RISING_RISK
39.62,73.69,994.13,42.08,24.12,358.34,RISING_RISK
7.49,19.24,535.06,44.98,23.95,143.44,NORMAL
14.83,28.73,581.6,39.95,24.55,188.66,NORMAL
30.35,53.14,808.76,43.2,24.11,278.57,RISING_RISK
54.48,60.49,963.77,40.35,25.83,348.43,RISING_RISK
37.8,74.49,982.55,42.29,24.09,354.54,RISING_RISK
6.52,21.71,530.62,43.47,23.77,155.27,NORMAL
16.19,31.74,603.84,40.32,24.06,204.14,NORMAL
29.45,47.17,798.03,44.24,23.49,279.21,NORMAL
54.08,59.09,968.18,39.8,26.11,355.65,RISING_RISK
40.03,70.51,954.24,41.67,24.71,342.65,RISING_RISK
6.05,22.27,522.81,45.0,24.04,148.46,NORMAL
14.45,32.91,627.37,39.46,24.27,218.38,NORMAL
25.55,46.31,789.77,44.96,23.16,269.07,NORMAL
51.94,61.02,973.03,39.82,25.99,363.16,RISING_RISK
40.93,65.34,930.88,41.92,24.29,326.83,RISING_RISK
5.85,24.1,534.45,45.81,24.47,156.14,NORMAL
13.85,34.9,648.88,41.14,24.37,226.9,NORMAL
24.08,44.52,770.65,45.3,23.73,266.06,NORMAL
51.88,63.81,986.51,40.3,26.33,364.33,RISING_RISK
41.18,63.3,901.98,42.42,24.49,321.68,RISING_RISK
7.99,19.99,541.16,44.44,24.77,157.39,NORMAL
13.98,36.42,675.09,42.24,24.43,234.85,NORMAL
23.44,42.57,752.93,47.15,24.04,267.87,NORMAL
49.74,63.44,972.7,40.38,26.05,373.66,RISING_RISK
39.38,61.32,892.09,41.33,24.13,300.67,RISING_RISK
8.83,21.71,531.3,43.7,25.1,165.16,NORMAL
13.95,37.71,708.41,41.87,24.57,242.26,NORMAL
21.07,42.22,737.4,46.12,23.46,269.13,NORMAL
48.79,58.85,975.88,39.85,25.51,381.2,RISING_RISK
40.22,59.8,880.93,41.66,24.28,280.23,RISING_RISK
11.09,20.92,524.99,42.97,25.0,172.99,NORMAL
13.77,43.02,719.03,42.05,24.41,241.22,NORMAL
22.39,38.56,723.62,46.05,23.48,264.05,NORMAL
47.93,57.91,978.11,39.9,25.44,390.6,RISING_RISK
39.79,55.1,862.53,40.8,24.33,275.61,RISING_RISK
10.7,23.47,504.45,42.79,24.53,177.99,NORMAL
17.28,44.56,739.78,44.17,24.63,246.32,NORMAL
24.1,39.27,690.64,44.93,23.31,238.68,NORMAL
48.2,60.0,995.58,39.08,25.08,386.72,RISING_RISK
36.93,52.46,858.46,42.77,24.83,267.08,RISING_RISK
9.8,24.34,517.96,44.26,24.96,175.01,NORMAL
19.98,47.47,755.24,43.71,24.48,256.68,NORMAL
23.49,37.15,679.64,44.64,24.37,232.71,NORMAL
49.77,55.42,997.74,40.77,25.43,384.24,RISING_RISK
35.46,46.58,831.3,41.79,25.63,259.56,RISING_RISK
11.05,25.86,519.23,43.54,24.83,182.68,NORMAL
24.29,49.83,785.63,43.64,24.38,264.72,NORMAL
24.26,36.4,680.28,45.23,23.76,235.84,NORMAL
48.79,57.39,1006.48,41.96,25.07,385.54,STAGNATION_PREDICTED
33.4,47.34,818.05,39.97,25.36,243.33,NORMAL
11.53,27.68,513.0,42.51,24.78,186.67,NORMAL
25.03,48.21,808.67,43.26,24.65,258.55,NORMAL
23.29,30.86,675.68,45.13,23.91,238.63,NORMAL
47.42,57.81,1009.63,43.15,24.82,383.15,STAGNATION_PREDICTED
31.31,45.38,806.25,39.37,25.13,245.07,NORMAL
11.54,25.8,507.45,42.25,25.15,184.77,NORMAL
27.45,53.8,833.03,44.22,24.61,260.3,RISING_RISK
22.84,29.31,664.22,45.66,23.6,240.72,NORMAL
48.59,55.91,1015.23,43.81,24.74,382.72,STAGNATION_PREDICTED
30.69,46.33,782.82,39.92,25.68,235.03,NORMAL
9.48,23.1,486.59,41.77,25.15,175.74,NORMAL
27.57,53.4,834.89,43.07,24.62,271.96,RISING_RISK
23.07,29.24,648.26,44.97,23.34,233.95,NORMAL
46.94,56.1,1031.56,44.61,24.88,374.02,STAGNATION_PREDICTED
32.43,43.3,773.45,39.28,25.26,238.71,NORMAL
10.13,21.28,487.9,41.89,25.4,178.87,NORMAL
30.24,58.97,850.75,44.6,24.49,277.68,RISING_RISK
21.52,29.99,635.79,44.58,23.55,225.5,NORMAL
46.58,62.06,1035.69,44.92,24.87,367.88,STAGNATION_PREDICTED
32.41,42.76,745.97,42.2,24.71,229.41,NORMAL
15.72,24.75,516.27,41.81,24.99,189.19,NORMAL
34.63,56.53,868.22,45.85,24.79,291.98,RISING_RISK
20.3,28.69,625.15,45.41,23.31,228.9,NORMAL
47.66,67.74,1041.07,44.78,24.99,365.1,STAGNATION_PREDICTED
30.12,40.47,718.44,42.43,24.22,214.03,NORMAL
19.31,32.41,551.13,42.51,24.72,201.41,NORMAL
34.52,57.62,882.93,48.43,24.9,294.32,RISING_RISK
18.21,28.65,626.21,48.11,23.07,242.82,NORMAL
45.91,67.15,1043.69,45.1,24.62,372.3,STAGNATION_PREDICTED
29.52,40.58,703.65,42.99,23.67,208.2,NORMAL
21.97,34.64,572.16,41.14,24.63,220.82,NORMAL
37.79,57.87,904.14,48.62,24.74,302.19,RISING_RISK
19.03,29.65,616.33,48.23,23.28,244.37,NORMAL
46.23,70.87,1035.7,45.14,24.4,371.18,STAGNATION_PREDICTED
29.96,37.47,696.12,42.14,23.67,193.39,NORMAL
23.39,35.62,587.59,41.49,24.23,236.33,NORMAL
39.59,60.95,914.92,48.02,24.95,305.8,RISING_RISK
21.06,28.85,608.24,47.73,22.75,239.05,NORMAL
46.0,73.1,1034.7,46.25,24.43,369.77,STAGNATION_PREDICTED
28.07,39.02,692.31,41.57,23.79,186.04,NORMAL
22.62,36.91,615.22,41.83,23.92,254.08,NORMAL
37.58,60.46,911.37,47.11,25.0,299.64,RISING_RISK
19.3,26.5,601.2,46.76,22.31,241.87,NORMAL
45.23,68.01,1016.81,45.88,24.41,352.04,STAGNATION_PREDICTED
25.76,35.47,681.85,42.55,23.85,191.56,NORMAL
22.77,40.8,654.17,43.56,23.85,258.78,NORMAL
36.75,64.97,920.46,47.07,24.96,305.58,RISING_RISK
18.51,27.22,600.25,46.55,22.18,225.67,NORMAL
44.49,66.27,984.54,46.75,24.63,336.38,RISING_RISK
22.65,31.68,666.01,43.2,24.58,195.11,NORMAL
25.67,41.3,677.11,44.67,24.51,270.67,NORMAL
37.88,66.6,937.35,46.41,25.12,316.76,RISING_RISK
17.29,24.76,591.49,47.03,22.15,222.96,NORMAL
43.88,61.86,963.48,46.82,24.34,337.69,RISING_RISK
21.52,33.93,656.21,44.18,24.47,194.9,NORMAL
26.47,45.05,700.0,42.82,24.89,270.03,NORMAL
37.54,68.44,955.02,46.29,24.97,325.02,RISING_RISK
16.98,24.59,592.81,45.76,22.35,212.0,NORMAL
42.2,62.24,943.48,44.19,24.53,330.24,RISING_RISK
20.32,34.17,646.4,44.96,24.75,196.93,NORMAL
25.59,48.77,728.36,41.82,25.47,273.01,NORMAL
36.26,68.7,951.43,46.4,25.11,331.3,RISING_RISK
17.69,23.21,582.47,44.31,22.1,201.07,NORMAL
39.16,59.94,925.65,43.03,24.45,312.26,RISING_RISK
18.84,36.31,640.31,43.63,24.22,199.57,NORMAL
27.85,49.8,744.91,43.62,25.6,287.26,NORMAL
35.91,71.22,956.58,48.41,25.11,341.3,RISING_RISK
16.44,23.77,582.76,45.18,22.41,206.17,NORMAL
37.58,55.78,914.07,43.09,24.18,301.32,RISING_RISK
18.35,36.2,637.07,43.22,24.24,190.34,NORMAL
27.03,52.37,771.07,43.38,25.01,296.99,RISING_RISK
34.93,70.0,958.33,49.23,24.62,344.57,RISING_RISK
15.3,23.97,583.76,44.74,22.73,201.87,NORMAL
34.36,57.61,891.86,44.14,24.55,293.93,RISING_RISK
15.42,37.22,630.65,42.95,24.39,194.93,NORMAL
27.45,55.27,782.98,42.07,25.07,303.33,RISING_RISK
37.37,70.1,955.61,50.06,24.56,355.74,RISING_RISK
17.08,25.38,574.66,44.67,23.27,197.8,NORMAL
32.73,50.25,885.84,43.72,25.02,287.33,RISING_RISK
13.81,35.34,630.16,43.25,23.75,191.02,NORMAL
29.48,52.11,806.66,43.44,24.99,306.76,RISING_RISK
36.52,70.97,964.99,48.59,24.28,355.25,RISING_RISK
15.56,22.15,583.52,43.82,23.19,190.33,NORMAL
32.12,47.35,873.01,43.21,24.46,287.86,NORMAL
11.79,35.41,627.15,42.93,23.51,197.59,NORMAL
28.91,51.67,819.33,43.51,25.12,308.97,RISING_RISK
38.03,72.92,987.47,46.92,23.95,359.17,RISING_RISK
14.71,21.67,570.44,44.4,22.86,192.79,NORMAL
29.63,44.77,862.71,44.67,23.86,279.95,NORMAL
12.69,36.03,613.77,42.13,23.68,189.98,NORMAL
30.73,52.0,834.58,44.1,24.5,316.0,RISING_RISK
38.47,71.49,988.14,46.64,24.49,350.37,RISING_RISK
12.3,24.19,568.3,44.8,22.61,182.45,NORMAL
30.78,45.19,864.32,45.81,23.79,289.99,NORMAL
13.65,34.17,607.5,42.41,23.98,183.16,NORMAL
31.38,51.8,858.14,43.94,24.76,306.21,RISING_RISK
37.13,70.87,979.32,45.32,24.43,350.58,RISING_RISK
13.82,22.92,566.94,45.11,22.95,174.8,NORMAL
31.52,49.4,883.17,46.98,23.39,303.76,NORMAL
12.54,29.69,604.99,43.64,24.13,175.2,NORMAL
32.37,49.53,874.18,44.82,24.39,312.04,NORMAL
38.25,70.25,973.79,45.28,24.32,346.27,RISING_RISK
10.96,26.07,569.74,45.54,22.97,173.28,NORMAL
33.06,45.45,902.31,46.42,23.91,306.84,NORMAL
13.26,29.45,600.23,44.6,24.18,174.1,NORMAL
29.06,50.07,872.37,45.71,24.81,288.68,RISING_RISK
38.19,69.21,980.41,44.56,24.38,336.85,RISING_RISK
11.81,24.12,566.93,46.1,23.17,182.03,NORMAL
33.19,45.98,915.3,46.27,24.1,318.63,NORMAL
13.97,29.6,586.5,44.73,24.99,173.22,NORMAL
26.19,50.0,862.06,46.11,24.89,272.01,NORMAL
39.7,71.88,979.62,45.65,25.18,334.24,RISING_RISK
11.04,22.46,571.3,46.48,23.38,182.52,NORMAL
35.74,47.39,920.7,45.67,24.01,318.46,RISING_RISK
14.28,31.68,581.08,44.54,25.55,182.1,NORMAL
26.87,47.15,846.55,45.05,25.12,254.88,NORMAL
41.61,71.79,993.88,46.8,25.48,340.29,RISING_RISK
13.18,20.6,563.36,47.51,23.46,191.58,NORMAL
37.21,47.34,926.77,46.14,24.14,319.81,RISING_RISK
13.99,29.87,565.92,45.16,25.08,177.81,NORMAL
28.09,45.73,838.15,45.89,25.02,235.48,NORMAL
41.35,66.78,974.62,49.18,25.66,346.96,RISING_RISK
16.52,20.69,566.14,50.19,23.67,205.71,NORMAL
35.72,50.27,925.1,46.25,24.32,324.29,RISING_RISK
12.69,26.59,563.22,43.08,24.78,180.72,NORMAL
26.41,45.41,823.74,46.47,25.33,222.54,NORMAL
39.92,66.95,947.41,47.38,25.48,345.62,RISING_RISK
17.91,17.87,565.68,49.88,23.42,204.04,NORMAL
34.01,47.37,943.33,47.12,24.24,326.98,NORMAL
9.67,25.98,574.53,46.09,24.64,185.31,NORMAL
26.42,43.04,806.75,44.71,25.29,219.14,NORMAL
37.62,66.69,929.73,46.86,25.16,329.88,RISING_RISK
14.71,15.38,553.52,48.71,23.43,194.99,NORMAL
36.29,45.32,954.06,47.24,24.7,332.53,RISING_RISK
10.75,28.12,569.68,45.23,24.49,186.69,NORMAL
24.14,40.26,787.56,44.58,25.65,221.04,NORMAL
34.29,65.33,921.86,46.29,24.83,312.16,RISING_RISK
15.89,18.81,541.97,49.92,23.28,192.98,NORMAL
37.14,50.05,950.14,47.39,24.5,346.97,RISING_RISK
13.1,24.72,554.64,46.34,24.39,186.16,NORMAL
25.29,39.79,772.45,44.22,25.68,223.03,NORMAL
32.93,66.19,911.19,46.29,24.79,295.0,RISING_RISK
15.19,18.7,546.15,50.68,23.65,199.98,NORMAL
37.35,49.74,961.81,47.64,24.37,350.12,RISING_RISK
12.22,23.25,555.81,44.07,24.29,181.47,NORMAL
24.64,35.66,744.1,42.61,25.59,227.15,NORMAL
30.41,62.39,890.38,45.92,25.0,282.89,RISING_RISK
16.67,17.1,542.82,51.06,23.84,205.12,NORMAL
38.67,52.5,980.22,47.39,24.96,354.07,RISING_RISK
11.97,21.43,553.05,44.98,24.36,185.11,NORMAL
26.23,37.26,728.84,44.62,25.89,223.73,NORMAL
28.89,60.81,880.07,46.61,25.27,281.48,RISING_RISK
16.19,16.57,546.12,51.69,23.95,204.36,NORMAL
41.53,56.12,981.46,45.36,24.36,343.99,RISING_RISK
10.12,20.4,555.96,44.83,24.11,188.44,NORMAL
24.62,35.23,722.02,44.84,26.13,220.74,NORMAL
25.5,58.36,861.22,45.65,24.93,267.25,RISING_RISK
15.23,17.65,544.17,51.24,23.7,195.51,NORMAL
41.14,58.47,994.42,45.77,23.94,348.15,RISING_RISK
10.67,17.71,552.16,43.84,24.19,195.99,NORMAL
23.96,32.09,703.49,44.4,26.13,213.68,NORMAL
22.07,57.36,832.96,45.97,24.61,262.2,RISING_RISK
17.03,14.66,545.49,51.39,23.74,191.82,NORMAL
40.63,59.93,999.63,45.14,23.92,349.2,RISING_RISK
11.66,19.14,553.41,45.01,24.07,195.88,NORMAL
21.17,31.47,699.29,43.52,25.86,205.28,NORMAL
21.33,55.71,802.22,44.7,24.29,245.37,RISING_RISK
15.18,16.09,537.1,49.78,23.43,186.99,NORMAL
44.01,59.08,992.88,44.93,23.59,363.69,RISING_RISK
12.0,14.32,551.99,45.63,24.34,202.57,NORMAL
21.36,31.95,692.67,44.94,26.5,199.07,NORMAL
19.0,52.86,796.2,44.11,23.86,244.7,RISING_RISK
15.05,18.91,534.86,49.57,23.42,189.54,NORMAL
45.95,57.0,991.8,44.17,22.87,360.3,RISING_RISK
14.48,13.91,536.7,46.55,24.15,201.79,NORMAL
18.35,30.6,671.9,44.12,26.18,203.63,NORMAL
19.5,49.28,796.51,44.1,23.49,243.42,NORMAL
13.66,16.17,536.73,49.88,22.62,178.44,NORMAL
47.92,56.63,996.64,42.66,23.06,377.1,RISING_RISK
14.33,16.71,532.68,44.89,24.26,190.5,NORMAL
19.35,29.44,667.8,44.77,26.26,204.8,NORMAL
19.91,48.17,791.02,43.59,22.93,242.83,NORMAL
13.27,16.56,534.92,50.59,22.52,182.22,NORMAL
47.67,57.72,984.81,43.65,23.42,374.62,RISING_RISK
13.67,20.11,536.61,43.99,23.96,188.91,NORMAL
18.2,26.58,670.23,46.04,26.13,192.44,NORMAL
20.91,46.09,768.33,44.56,23.13,235.1,NORMAL
11.12,17.92,531.99,50.28,22.64,191.97,NORMAL
46.02,56.4,985.62,43.36,23.76,368.06,RISING_RISK
13.95,22.67,529.01,45.06,23.96,179.71,NORMAL
19.08,30.88,655.44,46.31,26.66,183.19,NORMAL
21.03,48.2,742.39,45.89,23.51,239.04,NORMAL
12.08,14.26,523.48,50.68,22.42,194.47,NORMAL
45.5,56.14,970.87,43.56,24.02,373.79,RISING_RISK
14.86,23.57,537.13,44.49,24.17,182.6,NORMAL
21.21,30.43,642.68,45.66,26.45,189.78,NORMAL
20.67,50.85,722.43,46.54,23.58,248.28,RISING_RISK
10.71,12.75,515.33,50.8,22.42,200.13,NORMAL
42.81,55.87,951.86,43.94,23.81,364.27,RISING_RISK
14.31,20.71,545.21,43.66,23.94,193.58,NORMAL
20.87,29.57,639.31,46.07,25.86,197.66,NORMAL
22.57,45.52,709.04,47.01,23.69,243.27,NORMAL
9.65,14.44,523.6,49.51,22.92,201.15,NORMAL
42.58,52.97,905.61,44.79,24.2,344.57,RISING_RISK
15.29,22.36,542.73,44.29,24.0,197.76,NORMAL
19.12,30.41,635.49,46.3,25.29,195.76,NORMAL
25.27,47.38,705.54,45.19,23.76,232.85,NORMAL
11.01,14.51,517.81,49.87,22.51,199.52,NORMAL
41.76,51.07,892.17,43.0,24.25,328.76,RISING_RISK
15.22,21.2,541.38,44.09,24.17,201.55,NORMAL
16.11,28.34,618.91,46.98,25.07,195.46,NORMAL
23.72,43.61,707.51,46.61,23.71,227.53,NORMAL
10.66,15.5,516.75,51.55,22.53,210.91,NORMAL
37.59,46.96,871.96,43.73,24.24,318.65,RISING_RISK
13.42,21.26,556.49,45.82,24.1,210.99,NORMAL
16.69,28.89,621.6,46.89,25.1,190.15,NORMAL
21.17,40.93,703.35,45.32,23.82,222.03,NORMAL
11.17,17.42,513.77,51.03,22.76,199.0,NORMAL
37.18,43.64,852.8,44.92,23.89,305.84,RISING_RISK
15.22,18.88,559.29,48.81,24.46,214.99,NORMAL
16.03,31.26,613.9,48.41,25.05,191.18,NORMAL
16.93,36.72,690.05,45.54,23.65,229.76,NORMAL
10.7,18.87,505.53,52.22,22.94,202.89,NORMAL
35.97,43.58,824.12,44.61,24.15,302.54,RISING_RISK
12.96,19.32,565.12,47.85,24.58,197.12,NORMAL
16.71,29.05,608.75,48.01,25.15,188.12,NORMAL
17.09,35.72,680.44,47.51,23.77,240.94,NORMAL
12.85,18.77,497.24,51.5,23.14,199.12,NORMAL
35.44,42.34,806.97,44.29,24.44,291.69,RISING_RISK
17.26,17.91,560.03,46.71,24.34,186.68,NORMAL
16.84,30.95,591.88,48.22,24.98,192.79,NORMAL
16.72,34.29,669.54,48.88,23.9,236.17,NORMAL
14.53,22.59,499.5,51.33,23.1,195.79,NORMAL
33.34,43.09,801.35,44.73,24.23,288.84,NORMAL
17.33,17.06,566.99,47.74,24.61,191.11,NORMAL
15.9,31.68,595.52,48.63,24.99,187.83,NORMAL
16.98,33.42,660.57,48.13,23.99,230.7,NORMAL
14.45,23.08,512.72,51.22,23.18,187.65,NORMAL
33.97,41.83,775.68,44.93,24.58,277.22,NORMAL
17.68,19.5,543.32,49.69,24.04,194.51,NORMAL
16.68,31.36,582.91,49.0,24.79,174.36,NORMAL
20.45,32.34,666.65,48.83,23.89,238.33,NORMAL
15.45,23.01,503.38,50.6,23.57,186.76,NORMAL
30.27,43.91,762.0,44.68,24.49,268.25,NORMAL
16.14,15.98,524.74,49.34,24.35,191.75,NORMAL
15.26,31.34,566.83,47.93,24.67,166.1,NORMAL
19.35,28.78,645.28,48.57,24.24,229.69,NORMAL
15.74,22.3,497.22,51.19,23.72,188.43,NORMAL
28.62,44.44,730.87,46.36,25.09,260.48,NORMAL
16.37,13.98,526.12,47.25,24.48,189.91,NORMAL
16.69,31.36,563.41,47.35,24.77,157.06,NORMAL
18.78,26.71,634.32,49.04,24.69,239.12,NORMAL
14.88,20.35,501.55,51.77,24.11,188.77,NORMAL
25.49,44.48,717.47,47.13,25.48,252.73,NORMAL
17.65,11.46,522.99,45.69,24.52,186.39,NORMAL
17.71,32.93,565.9,48.23,24.56,159.88,NORMAL
20.24,25.6,620.58,49.11,24.65,227.4,NORMAL
14.17,24.1,501.07,51.62,23.76,193.95,NORMAL
26.27,44.37,700.08,47.72,25.15,246.79,NORMAL
17.56,12.67,516.55,46.0,24.61,184.44,NORMAL
17.84,32.15,571.6,49.24,24.19,162.8,NORMAL
20.78,24.21,624.24,48.83,24.34,232.75,NORMAL
14.77,23.78,503.23,51.1,23.65,184.87,NORMAL
25.79,40.44,684.2,47.1,25.14,233.42,NORMAL
18.41,9.13,525.05,47.02,24.87,192.07,NORMAL
16.82,29.42,578.93,50.6,24.31,168.5,NORMAL
19.91,21.01,614.51,47.33,24.17,219.55,NORMAL
15.69,22.57,511.64,51.1,23.53,187.6,NORMAL
23.73,42.87,669.05,45.64,25.38,229.69,NORMAL
18.46,8.72,511.2,47.42,24.55,190.02,NORMAL
18.01,30.25,573.71,51.8,23.85,173.97,NORMAL
19.0,19.94,605.74,48.78,23.91,220.17,NORMAL
16.37,21.22,513.59,51.47,23.8,188.07,NORMAL
22.93,40.26,664.67,44.11,25.75,223.3,NORMAL
18.27,8.83,546.5,49.27,24.72,216.16,NORMAL
18.54,28.37,579.47,50.96,23.86,176.86,NORMAL
18.86,21.39,596.58,48.12,23.65,211.32,NORMAL
16.74,20.54,512.73,53.83,24.58,187.19,NORMAL
24.49,38.56,648.57,43.57,25.43,216.37,NORMAL
20.16,9.79,570.83,49.97,24.47,222.94,NORMAL
18.45,27.13,558.31,51.38,23.64,167.39,NORMAL
17.84,22.54,600.78,48.1,23.71,202.41,NORMAL
16.07,22.71,514.0,55.35,24.44,196.32,NORMAL
23.8,40.03,628.22,43.47,25.2,209.48,NORMAL
20.87,14.09,601.73,51.01,24.5,235.2,NORMAL
19.02,28.15,543.13,51.3,23.73,162.26,NORMAL
16.52,23.96,591.53,48.37,24.4,204.55,NORMAL
14.86,20.34,509.77,55.69,24.5,195.91,NORMAL
21.53,37.92,616.03,45.46,25.55,206.37,NORMAL
22.04,13.41,635.76,49.68,24.86,229.61,NORMAL
18.37,25.79,539.32,50.98,23.28,161.73,NORMAL
17.47,25.9,583.07,49.69,24.59,210.28,NORMAL
14.35,17.13,525.17,56.68,24.7,195.55,NORMAL
21.44,37.21,600.76,46.69,25.36,204.41,NORMAL
22.03,15.22,648.97,50.83,24.71,246.31,NORMAL
19.42,24.87,534.62,51.69,23.34,164.07,NORMAL
16.66,24.14,590.27,49.34,24.32,199.62,NORMAL
15.02,16.21,521.0,55.46,24.8,187.77,NORMAL
19.44,32.94,600.56,47.69,25.26,203.57,NORMAL
22.57,19.63,673.24,50.7,24.78,249.88,NORMAL
19.04,28.13,533.12,52.96,23.71,172.85,NORMAL
17.77,24.3,588.77,49.37,24.07,202.3,NORMAL
15.0,12.68,519.97,56.34,24.6,180.53,NORMAL
20.44,31.11,584.53,48.64,25.36,198.25,NORMAL
24.0,21.31,694.07,50.79,24.47,261.79,NORMAL
19.02,26.62,530.76,53.85,23.99,181.9,NORMAL
19.26,23.0,589.83,49.81,24.04,198.27,NORMAL
16.07,10.15,518.29,55.39,24.81,168.58,NORMAL
17.84,31.68,577.25,49.97,24.53,193.98,NORMAL
24.87,22.81,717.42,50.13,25.13,260.97,NORMAL
19.16,23.0,530.97,54.66,24.68,192.31,NORMAL
17.86,24.32,583.71,48.82,24.16,184.76,NORMAL
15.11,12.22,521.0,55.87,25.0,175.03,NORMAL
16.83,29.87,569.82,48.31,24.35,184.18,NORMAL
27.88,27.49,739.05,49.01,24.94,257.46,NORMAL
18.51,24.78,546.02,55.42,24.14,196.76,NORMAL
17.66,22.82,574.3,50.19,24.16,190.11,NORMAL
13.18,11.97,526.1,53.99,24.79,164.02,NORMAL
16.08,25.97,560.9,48.17,24.27,189.25,NORMAL
29.77,32.34,760.78,49.01,24.79,273.05,NORMAL
18.33,25.73,531.24,54.67,24.03,185.12,NORMAL
13.84,20.39,567.6,50.19,24.25,196.15,NORMAL
12.17,11.29,509.48,54.13,24.94,166.85,NORMAL
16.75,26.94,563.94,47.23,24.31,186.42,NORMAL
28.91,36.39,779.63,50.29,24.93,274.41,NORMAL
16.97,24.31,540.51,54.08,24.64,178.05,NORMAL
15.63,21.16,566.58,48.81,24.51,193.84,NORMAL
12.68,9.33,518.39,52.57,24.88,154.72,NORMAL
15.58,27.39,561.85,48.01,24.12,182.15,NORMAL
27.78,38.53,805.93,50.76,24.88,288.3,NORMAL
17.71,25.1,552.28,52.02,25.0,175.95,NORMAL
15.13,20.63,572.4,48.64,24.15,190.62,NORMAL
12.97,9.89,518.21,53.81,24.82,165.5,NORMAL
16.32,26.75,569.09,47.98,24.25,179.3,NORMAL
30.27,40.68,820.58,51.03,24.6,300.81,NORMAL
17.86,20.3,532.37,51.86,25.01,182.72,NORMAL
15.43,19.62,575.75,49.35,24.09,193.59,NORMAL
13.44,8.75,522.55,53.79,24.4,170.93,NORMAL
15.82,26.73,571.71,46.9,24.16,166.8,NORMAL
28.77,40.96,837.34,50.31,24.76,312.42,NORMAL
16.86,21.23,519.16,51.98,24.99,201.43,NORMAL
16.26,21.89,566.45,47.38,23.02,184.67,NORMAL
14.59,9.05,520.66,54.8,24.15,179.62,NORMAL
17.93,27.45,576.19,45.95,23.97,149.01,NORMAL
28.63,43.8,851.64,50.29,24.81,323.83,NORMAL
16.78,21.26,535.08,51.62,24.8,193.62,NORMAL
14.52,23.28,579.27,48.38,23.28,188.1,NORMAL
14.53,10.83,521.62,55.16,24.23,186.3,NORMAL
15.07,28.68,575.93,44.29,23.5,150.03,NORMAL
32.54,48.09,881.03,51.3,24.47,330.7,NORMAL
17.52,21.11,533.75,51.62,24.99,183.41,NORMAL
13.39,25.4,575.37,48.73,22.93,198.12,NORMAL
15.19,10.83,525.63,52.95,24.29,168.85,NORMAL
18.48,27.57,604.3,43.88,23.97,159.68,NORMAL
36.75,48.94,882.25,50.51,24.57,331.28,RISING_RISK
17.33,20.88,536.31,50.54,24.75,179.97,NORMAL
14.04,25.76,572.44,48.84,22.74,198.03,NORMAL
15.36,13.68,510.7,52.01,24.42,157.3,NORMAL
21.32,30.93,631.39,43.77,23.93,170.2,NORMAL
37.83,50.7,898.94,50.36,24.48,330.77,RISING_RISK
17.56,18.22,540.31,49.77,24.72,162.96,NORMAL
14.43,24.68,560.37,49.16,23.1,216.13,NORMAL
16.47,13.97,498.18,54.84,24.48,157.57,NORMAL
20.05,33.34,656.22,45.12,24.2,186.51,NORMAL
37.45,46.81,870.61,50.39,24.15,327.57,RISING_RISK
15.9,17.03,528.73,51.32,24.63,169.22,NORMAL
14.27,27.05,533.95,48.08,23.07,216.57,NORMAL
18.37,17.68,493.39,54.67,24.94,167.88,NORMAL
19.94,37.25,680.72,45.15,24.76,196.31,NORMAL
36.23,46.74,844.75,50.48,24.51,317.91,RISING_RISK
18.5,13.83,529.92,51.88,24.75,165.38,NORMAL
15.11,28.22,530.38,46.32,23.72,202.36,NORMAL
20.01,16.99,494.81,53.42,25.52,164.99,NORMAL
19.41,40.48,697.58,44.74,24.63,199.39,NORMAL
32.71,46.44,826.83,51.27,24.43,318.49,NORMAL
17.26,16.22,521.56,51.74,25.29,169.9,NORMAL
17.1,29.35,524.86,45.75,23.44,197.43,NORMAL
20.37,15.74,504.66,53.81,25.85,163.63,NORMAL
21.14,41.55,709.63,45.87,24.08,215.77,NORMAL
31.98,41.89,819.8,52.47,24.4,310.51,NORMAL
16.85,15.22,538.22,51.01,25.4,175.61,NORMAL
19.36,28.0,533.88,47.66,22.87,200.76,NORMAL
20.59,16.38,516.9,54.11,25.83,158.58,NORMAL
22.4,45.78,726.16,44.06,24.13,208.03,NORMAL
30.72,38.21,799.61,51.83,24.18,298.6,NORMAL
15.7,16.79,543.79,50.85,25.16,170.37,NORMAL
17.39,25.69,539.19,47.67,22.7,198.19,NORMAL
20.8,16.57,545.01,54.0,25.7,174.81,NORMAL
22.68,45.5,741.39,45.18,24.29,216.31,NORMAL
30.82,38.58,808.42,50.38,23.57,306.28,NORMAL
14.42,15.61,537.42,50.06,25.19,169.53,NORMAL
13.43,28.79,545.79,49.98,22.71,209.01,NORMAL
19.91,18.25,570.84,53.33,25.6,189.46,NORMAL
26.72,44.11,765.54,45.89,24.18,212.73,NORMAL
31.23,38.64,822.42,50.08,23.58,313.13,NORMAL
15.61,13.53,524.96,49.34,25.34,173.01,NORMAL
13.48,30.62,530.44,50.4,22.72,211.07,NORMAL
20.28,22.05,592.87,52.09,25.68,199.94,NORMAL
29.34,45.22,780.28,46.49,24.14,206.15,NORMAL
33.38,39.86,829.37,50.63,23.46,318.09,NORMAL
14.54,11.75,525.58,49.11,24.98,164.5,NORMAL
13.21,27.28,526.38,50.16,22.59,208.5,NORMAL
22.52,21.06,626.64,53.36,25.55,212.61,NORMAL
29.1,45.05,804.97,46.41,24.24,219.0,NORMAL
33.36,42.06,853.65,51.22,23.86,327.52,NORMAL
13.58,11.21,529.1,46.8,25.04,156.73,NORMAL
13.74,29.09,530.4,52.16,22.7,209.35,NORMAL
22.74,21.72,638.42,53.22,25.18,217.95,NORMAL
30.69,46.24,827.55,47.18,24.09,232.67,NORMAL
33.06,42.38,878.75,51.66,24.06,327.75,NORMAL
11.85,14.44,532.6,45.26,25.31,154.71,NORMAL
14.46,25.58,525.95,52.5,23.12,205.49,NORMAL
25.29,27.67,650.79,53.9,25.44,234.51,NORMAL
32.0,44.89,827.54,46.4,24.22,241.87,NORMAL
33.77,42.83,889.56,51.97,23.93,331.69,NORMAL
12.39,14.52,521.34,45.63,25.11,157.65,NORMAL
13.16,20.35,529.03,51.55,23.15,207.09,NORMAL
27.91,29.98,673.61,52.88,25.37,237.22,NORMAL
32.95,46.63,839.51,47.33,24.01,257.3,NORMAL
36.08,46.98,889.8,50.58,24.18,320.23,RISING_RISK
13.61,14.18,508.17,47.18,24.75,168.99,NORMAL
12.7,20.09,524.79,52.4,23.0,206.32,NORMAL
26.63,32.3,685.55,51.51,25.6,246.56,NORMAL
36.38,50.25,858.57,47.61,24.21,274.16,RISING_RISK
38.24,50.63,899.9,51.31,24.19,327.59,RISING_RISK
14.08,16.64,502.57,47.35,25.06,165.27,NORMAL
11.24,20.39,527.93,51.95,23.11,209.59,NORMAL
25.42,33.51,714.9,52.37,25.42,256.67,NORMAL
35.51,50.71,877.51,47.3,23.75,277.71,RISING_RISK
39.61,51.42,898.3,50.34,24.31,344.19,RISING_RISK
13.86,17.38,492.84,47.89,25.26,160.55,NORMAL
8.55,20.73,523.53,52.08,22.86,203.2,NORMAL
25.31,35.91,753.34,52.88,25.42,270.48,NORMAL
34.42,52.16,881.0,45.91,23.89,270.03,RISING_RISK
37.59,54.17,907.78,51.85,24.51,355.51,RISING_RISK
15.28,19.91,488.52,48.56,25.91,164.81,NORMAL
10.54,19.86,521.91,53.41,22.94,214.27,NORMAL
26.72,37.67,786.54,53.68,24.97,281.13,NORMAL
36.05,53.27,897.6,47.74,23.92,286.49,RISING_RISK
38.64,50.2,925.44,51.44,24.85,352.61,RISING_RISK
14.28,19.48,485.1,48.39,25.58,160.66,NORMAL
12.42,19.28,520.89,54.33,23.03,211.4,NORMAL
28.73,38.44,799.7,54.68,24.49,283.65,NORMAL
37.11,56.99,903.67,48.17,23.18,296.37,RISING_RISK
38.78,52.26,942.08,51.69,25.37,350.17,RISING_RISK
14.91,18.28,484.39,49.26,25.53,172.12,NORMAL
11.91,21.66,515.76,55.78,23.57,212.46,NORMAL
31.54,42.17,824.94,53.81,24.53,285.36,NORMAL
38.16,59.93,902.36,48.93,23.89,312.99,RISING_RISK
40.33,51.09,953.59,52.62,25.18,365.26,RISING_RISK
18.13,17.18,470.53,48.68,25.3,167.43,NORMAL
14.49,24.28,501.91,56.47,23.54,217.62,NORMAL
30.85,47.02,841.75,54.43,24.78,295.91,NORMAL
35.39,62.58,908.9,48.32,23.66,303.32,RISING_RISK
39.05,50.36,938.23,50.24,24.65,354.42,RISING_RISK
18.57,13.56,459.22,48.59,25.39,160.27,NORMAL
14.79,26.0,507.9,55.47,23.64,205.04,NORMAL
30.5,44.64,855.3,55.97,24.95,306.5,NORMAL
39.13,62.05,918.72,48.5,23.89,307.06,RISING_RISK
39.96,50.67,945.16,50.6,24.14,354.7,RISING_RISK
18.54,14.73,470.46,48.81,25.46,162.31,NORMAL
14.55,26.43,500.74,54.47,23.64,203.37,NORMAL
26.68,45.21,856.75,55.59,24.81,314.63,NORMAL
36.16,59.43,908.65,48.94,23.86,298.21,RISING_RISK
38.88,55.59,962.99,50.23,24.34,362.76,RISING_RISK
20.49,13.8,469.39,49.11,25.45,158.01,NORMAL
15.83,26.51,500.01,54.47,23.5,202.19,NORMAL
26.65,46.37,870.66,54.1,24.72,321.4,NORMAL
33.47,55.8,884.53,50.53,24.22,297.6,RISING_RISK
40.47,56.96,977.2,49.95,24.29,368.02,RISING_RISK
19.44,16.15,467.91,49.02,25.53,154.51,NORMAL
16.29,30.87,533.04,53.31,23.89,219.41,NORMAL
28.37,46.79,870.18,53.21,24.22,324.11,NORMAL
33.88,54.62,860.5,50.53,24.41,298.96,RISING_RISK
41.49,55.04,984.6,49.77,23.93,366.93,RISING_RISK
17.71,16.67,469.85,49.58,25.57,152.4,NORMAL
16.0,36.78,572.33,52.51,24.48,228.57,NORMAL
26.89,46.88,887.14,54.79,23.96,331.26,NORMAL
34.69,51.33,826.9,50.12,23.84,288.87,RISING_RISK
40.45,55.5,996.66,50.14,23.6,372.77,RISING_RISK
17.0,16.82,477.41,51.29,25.48,165.23,NORMAL
19.42,39.64,607.42,52.49,24.14,240.16,NORMAL
27.87,48.5,888.69,54.21,23.56,334.35,NORMAL
34.95,49.43,823.41,49.92,23.99,280.24,NORMAL
39.19,54.87,1002.71,50.24,23.88,386.83,STAGNATION_PREDICTED
16.36,14.62,486.7,50.14,25.26,164.13,NORMAL
22.96,41.26,640.59,53.54,24.48,251.38,NORMAL
26.94,50.25,871.73,54.34,23.39,322.85,RISING_RISK
34.19,48.08,803.67,50.33,23.83,273.2,NORMAL
40.82,53.11,1003.27,50.59,23.96,392.43,STAGNATION_PREDICTED
15.36,15.7,485.64,50.54,25.0,155.7,NORMAL
24.26,43.6,656.65,51.71,24.4,255.85,NORMAL
25.88,49.77,848.48,53.67,23.4,308.38,NORMAL
32.59,46.78,779.23,51.31,24.12,275.58,NORMAL
42.34,55.5,1005.93,49.69,24.06,396.69,STAGNATION_PREDICTED
16.54,16.52,485.02,48.0,25.24,148.23,NORMAL
26.87,46.97,687.72,50.62,24.65,260.34,NORMAL
24.62,49.04,826.37,51.63,23.78,289.5,NORMAL
32.64,46.64,772.61,50.74,24.36,270.98,NORMAL
43.81,58.58,994.61,48.88,24.37,386.65,RISING_RISK
14.83,16.84,479.45,48.63,25.22,151.28,NORMAL
30.33,47.53,705.28,50.03,25.0,267.92,NORMAL
24.88,46.11,816.24,50.71,23.31,275.09,NORMAL
32.03,44.49,757.53,50.46,24.45,257.69,NORMAL
44.58,58.15,1012.53,48.27,24.32,382.48,STAGNATION_PREDICTED
14.02,17.95,475.81,49.47,25.1,156.25,NORMAL
31.26,51.89,725.64,48.04,24.98,269.36,RISING_RISK
24.25,44.48,794.4,49.84,23.28,270.47,NORMAL
30.17,45.14,732.09,51.52,24.23,253.63,NORMAL
43.11,58.13,1009.39,46.88,24.5,374.95,STAGNATION_PREDICTED
12.21,17.53,482.99,50.65,25.27,165.0,NORMAL
32.19,53.14,752.26,47.22,25.23,261.87,RISING_RISK
22.65,44.45,778.47,50.14,23.37,267.96,NORMAL
32.76,43.06,710.48,51.05,24.67,247.02,NORMAL
41.64,61.74,998.73,45.44,24.37,378.32,RISING_RISK
11.3,17.57,473.35,51.44,24.93,156.75,NORMAL
34.01,55.8,768.5,47.5,25.31,264.16,RISING_RISK
24.23,48.11,759.8,50.37,23.24,265.96,NORMAL
31.91,44.03,704.98,50.98,24.7,237.28,NORMAL
43.19,62.45,1008.4,45.61,24.51,377.21,STAGNATION_PREDICTED
7.59,17.44,478.15,51.91,24.47,160.79,NORMAL
35.34,53.95,771.3,48.94,25.93,271.24,RISING_RISK
25.78,47.46,746.69,50.86,23.27,271.38,NORMAL
30.67,47.02,702.04,51.74,25.12,230.81,NORMAL
43.97,59.28,1027.98,43.9,24.35,378.4,STAGNATION_PREDICTED
6.77,18.53,481.74,51.44,24.57,152.3,NORMAL
34.89,54.07,790.33,49.02,25.86,276.17,RISING_RISK
22.85,46.34,724.07,49.85,23.77,266.52,NORMAL
28.03,46.1,690.22,54.07,25.16,223.16,NORMAL
47.1,59.21,1027.82,43.17,24.44,373.49,STAGNATION_PREDICTED
11.2,20.31,489.58,51.53,23.75,164.27,NORMAL
37.52,56.9,798.77,47.46,25.95,276.54,RISING_RISK
20.02,46.16,714.71,49.43,23.56,267.86,NORMAL
27.71,46.32,684.0,52.55,25.09,221.31,NORMAL
47.87,60.75,1039.39,42.85,24.42,374.33,STAGNATION_PREDICTED
11.3,17.92,490.17,51.41,23.33,168.46,NORMAL
41.11,59.02,821.81,48.7,25.86,281.72,RISING_RISK
19.32,42.36,691.81,48.12,23.87,259.02,NORMAL
27.01,44.65,683.71,52.52,25.01,222.7,NORMAL
46.34,63.37,1040.89,41.76,24.84,364.49,STAGNATION_PREDICTED
12.76,17.24,482.83,51.59,23.42,162.33,NORMAL
42.28,58.36,827.31,49.02,25.23,298.89,RISING_RISK
19.58,41.89,663.88,44.88,23.57,242.21,NORMAL
25.46,44.23,674.63,51.45,24.91,211.88,NORMAL
46.75,64.82,1045.15,42.73,24.52,372.68,STAGNATION_PREDICTED
13.64,20.44,487.28,50.23,23.16,163.04,NORMAL
41.69,59.42,850.03,49.28,24.84,310.66,RISING_RISK
19.97,43.72,669.04,44.64,23.96,244.23,NORMAL
24.88,43.43,671.87,50.2,25.15,205.56,NORMAL
42.46,61.89,1025.86,43.99,24.43,353.62,STAGNATION_PREDICTED
14.43,21.9,489.65,50.43,23.3,170.21,NORMAL
44.23,58.23,858.59,50.9,25.02,314.46,RISING_RISK
18.08,42.84,654.99,44.41,23.9,239.01,NORMAL
25.09,46.01,700.52,50.24,25.22,214.77,NORMAL
39.38,60.24,996.36,45.49,24.66,343.69,RISING_RISK
14.1,23.94,481.13,49.78,23.61,161.03,NORMAL
45.1,61.29,865.4,50.98,25.0,317.48,RISING_RISK
16.34,41.06,641.56,44.7,23.75,235.34,NORMAL
26.51,44.57,712.52,50.72,25.34,232.8,NORMAL
39.12,60.07,969.0,43.8,24.59,332.61,RISING_RISK
17.47,27.2,529.88,49.99,23.29,174.56,NORMAL
45.16,62.1,863.47,49.87,25.09,327.01,RISING_RISK
14.48,39.54,634.81,43.78,24.11,217.4,NORMAL
27.77,49.67,739.59,50.22,25.39,226.22,NORMAL
39.92,53.21,938.05,45.05,24.43,331.63,RISING_RISK
17.87,28.97,563.25,50.63,23.09,183.91,NORMAL
44.35,63.72,869.6,51.21,24.99,333.36,RISING_RISK
15.5,35.23,631.12,43.31,23.75,214.75,NORMAL
31.48,49.62,761.32,51.07,25.95,234.12,NORMAL
37.66,52.58,917.83,45.42,25.08,307.99,RISING_RISK
19.22,33.31,578.05,51.56,23.18,196.26,NORMAL
42.56,66.48,889.41,49.89,24.64,327.78,RISING_RISK
16.82,32.08,624.71,40.89,23.55,217.48,NORMAL
33.35,48.9,787.2,50.8,26.08,241.52,NORMAL
37.18,49.59,895.19,42.62,24.99,296.66,RISING_RISK
23.12,32.45,610.63,52.0,23.19,205.71,NORMAL
42.05,68.79,887.07,51.18,24.72,333.09,RISING_RISK
17.93,32.23,621.32,39.91,23.92,219.46,NORMAL
33.51,48.12,810.14,50.43,25.87,247.02,NORMAL
34.61,47.17,866.02,42.94,24.75,281.93,NORMAL
22.5,34.82,640.99,50.7,23.5,208.78,NORMAL
43.76,68.16,902.49,51.6,24.82,343.05,RISING_RISK
16.7,31.03,621.09,39.48,23.88,218.9,NORMAL
31.6,51.71,813.38,51.09,26.21,263.9,RISING_RISK
32.31,39.88,842.65,44.48,24.45,277.61,NORMAL
24.34,35.81,665.12,51.03,23.78,219.98,NORMAL
48.04,71.23,905.28,53.01,24.84,355.67,RISING_RISK
15.15,27.9,622.34,39.93,24.2,213.15,NORMAL
33.06,55.89,830.45,50.23,26.56,265.12,RISING_RISK
31.24,40.05,818.76,43.9,24.45,269.4,NORMAL
25.32,38.16,686.29,50.6,24.37,231.02,NORMAL
49.56,71.35,927.59,51.9,24.9,361.42,RISING_RISK
14.69,27.83,622.91,39.16,23.85,216.26,NORMAL
33.22,58.38,849.79,49.42,26.46,273.04,RISING_RISK
29.89,42.14,798.38,43.65,24.56,264.32,NORMAL
26.4,39.45,707.5,49.93,24.43,251.42,NORMAL
49.66,73.16,934.63,50.52,24.54,360.5,RISING_RISK
16.86,27.52,611.32,40.01,23.87,211.42,NORMAL
31.75,61.56,874.59,49.88,26.86,284.27,RISING_RISK
27.06,42.08,797.4,43.08,24.35,260.51,NORMAL
26.77,42.61,738.95,49.94,24.61,262.64,NORMAL
51.96,76.11,939.8,49.15,24.8,359.64,RISING_RISK
17.57,26.83,611.06,39.53,24.12,217.61,NORMAL
31.63,60.8,898.0,51.51,26.45,297.93,RISING_RISK
22.96,37.65,794.09,42.51,24.12,264.05,NORMAL
24.99,44.33,753.47,51.06,24.77,277.93,NORMAL
48.97,75.54,945.64,48.53,24.64,362.44,RISING_RISK
18.23,25.41,618.76,39.9,24.62,213.9,NORMAL
34.11,60.66,910.82,52.51,26.43,303.75,RISING_RISK
23.05,33.22,790.19,42.9,24.3,258.89,NORMAL
27.03,46.25,776.23,49.27,24.88,275.42,NORMAL
48.61,75.84,918.15,47.65,24.97,352.25,RISING_RISK
15.97,24.34,613.27,39.83,25.08,211.78,NORMAL
36.3,60.74,915.55,51.72,26.42,301.11,RISING_RISK
21.19,31.05,788.91,44.91,24.35,252.68,NORMAL
26.67,42.97,788.24,48.88,24.93,291.74,NORMAL
46.74,74.0,901.45,47.02,24.24,340.71,RISING_RISK
13.88,26.47,608.67,38.62,25.13,210.87,NORMAL
37.97,61.32,912.86,51.29,26.59,300.92,RISING_RISK
23.38,29.91,773.65,46.16,23.82,245.12,NORMAL
28.91,43.26,785.56,49.0,24.48,301.58,NORMAL
44.83,72.81,889.41,47.07,23.77,328.78,RISING_RISK
15.29,26.83,596.3,37.59,25.39,204.53,NORMAL
38.64,62.94,920.57,50.26,26.33,299.64,RISING_RISK
20.64,30.93,760.26,45.94,23.51,248.05,NORMAL
28.92,42.47,799.97,49.25,24.8,302.46,NORMAL
43.05,69.01,866.44,45.34,23.63,308.62,RISING_RISK
14.59,27.1,582.06,38.07,25.44,204.07,NORMAL
40.72,63.48,938.33,49.19,26.58,294.66,RISING_RISK
21.33,30.66,745.7,46.39,23.64,242.64,NORMAL
28.61,45.57,817.68,49.53,24.66,305.38,NORMAL
41.17,66.68,836.1,44.15,24.13,298.92,RISING_RISK
16.31,27.32,577.08,37.44,25.5,198.79,NORMAL
38.62,65.32,949.36,48.5,26.16,295.96,RISING_RISK
24.55,31.96,766.92,44.7,23.79,241.99,NORMAL
30.33,47.81,829.3,47.76,24.72,310.69,NORMAL
38.75,65.34,822.03,45.04,24.2,296.02,RISING_RISK
14.0,26.32,575.41,38.11,25.3,199.56,NORMAL
39.85,65.91,958.12,48.91,26.45,298.39,RISING_RISK
27.08,33.87,776.61,42.85,23.18,243.18,NORMAL
34.89,49.99,845.23,47.68,25.23,304.78,NORMAL
39.15,67.93,830.81,43.32,24.26,293.79,RISING_RISK
14.21,26.19,572.17,37.05,25.71,197.81,NORMAL
40.92,67.32,957.61,49.57,26.26,300.53,RISING_RISK
27.47,33.18,806.48,43.96,23.76,247.84,NORMAL
34.91,50.62,855.01,45.93,25.37,300.02,RISING_RISK
38.82,64.12,834.62,43.42,24.08,297.77,RISING_RISK
13.29,29.99,576.75,35.75,25.75,192.99,NORMAL
41.69,64.6,955.98,50.02,26.51,311.79,RISING_RISK
30.5,37.04,829.98,43.36,23.57,253.91,NORMAL
35.5,50.7,872.95,46.79,25.07,303.7,RISING_RISK
39.97,64.8,841.26,43.33,23.8,297.24,RISING_RISK
14.15,27.38,576.89,35.84,25.71,180.31,NORMAL
40.4,65.63,953.77,50.7,26.66,315.54,RISING_RISK
29.65,38.97,848.88,43.63,23.76,262.25,NORMAL
39.04,50.68,872.45,46.7,24.71,311.06,RISING_RISK
42.68,66.98,841.23,45.13,23.87,304.3,RISING_RISK
12.85,30.91,576.75,34.58,24.85,174.09,NORMAL
41.56,66.31,972.66,49.72,26.09,313.81,RISING_RISK
30.04,39.17,865.89,43.94,23.89,268.9,NORMAL
39.5,46.42,892.36,44.51,24.62,301.63,RISING_RISK
42.85,64.87,851.07,45.03,23.77,313.9,RISING_RISK
15.65,33.7,578.95,33.66,25.09,173.2,NORMAL
40.86,66.31,970.8,52.23,26.17,323.86,RISING_RISK
31.94,44.1,883.78,44.76,23.79,268.39,NORMAL
42.26,41.83,893.26,43.68,24.68,298.77,RISING_RISK
44.35,68.51,853.18,45.78,24.0,327.45,RISING_RISK
15.37,32.14,580.59,33.79,24.59,173.03,NORMAL
41.51,66.16,955.49,52.72,25.93,351.9,RISING_RISK
36.5,46.27,906.74,43.37,23.56,272.27,RISING_RISK
42.64,42.67,864.82,43.44,24.34,289.43,RISING_RISK
45.06,69.25,852.35,45.38,23.63,323.61,RISING_RISK
14.02,29.68,580.35,35.88,24.51,168.85,NORMAL
41.42,68.46,963.75,51.91,25.65,350.51,RISING_RISK
35.6,48.57,915.75,43.95,23.29,281.27,RISING_RISK
40.93,43.6,852.02,44.98,24.41,287.68,RISING_RISK
48.35,68.91,867.95,47.21,23.74,335.37,RISING_RISK
14.23,27.17,571.82,35.57,24.22,173.94,NORMAL
43.93,71.05,965.32,51.53,25.66,367.51,RISING_RISK
36.62,53.97,935.2,44.41,23.11,300.37,RISING_RISK
37.21,42.36,833.04,46.37,24.43,282.34,RISING_RISK
50.2,67.6,886.05,48.39,24.01,332.18,RISING_RISK
13.75,28.53,563.46,33.74,24.24,169.92,NORMAL
43.14,68.23,958.66,50.75,25.08,357.92,RISING_RISK
39.13,52.26,956.2,44.46,23.4,307.29,RISING_RISK
35.74,42.66,805.53,44.79,24.43,276.0,RISING_RISK
53.85,68.85,886.87,48.76,24.05,333.35,RISING_RISK
13.22,29.82,557.68,33.52,23.89,171.36,NORMAL
41.47,67.86,928.97,49.28,24.56,333.93,RISING_RISK
41.59,54.07,969.32,43.82,23.18,310.94,RISING_RISK
32.97,45.34,795.9,45.47,24.4,271.13,NORMAL
53.35,70.03,909.36,49.28,23.43,333.26,RISING_RISK
15.14,29.15,554.35,32.61,23.7,167.99,NORMAL
42.42,64.59,892.77,48.93,24.48,319.47,RISING_RISK
41.28,57.62,979.34,44.23,23.83,304.98,RISING_RISK
32.26,44.11,771.05,45.84,23.84,263.46,NORMAL
52.64,70.86,905.25,48.28,23.45,336.11,RISING_RISK
13.24,27.85,554.31,34.11,24.38,176.12,NORMAL
40.14,62.4,870.55,48.28,23.86,319.42,RISING_RISK
43.12,60.06,980.03,44.9,24.14,304.52,RISING_RISK
32.66,46.84,765.23,45.78,24.46,258.76,NORMAL
52.1,69.9,909.64,46.44,24.05,335.56,RISING_RISK
13.41,26.05,554.07,33.65,24.3,183.89,NORMAL
36.42,62.04,855.11,48.0,23.36,308.63,RISING_RISK
42.31,59.41,991.86,45.03,24.4,310.86,RISING_RISK
32.32,46.31,762.31,47.34,24.68,263.18,NORMAL
52.14,70.07,914.67,44.32,23.75,336.14,RISING_RISK
14.76,24.64,547.26,34.35,24.25,188.76,NORMAL
35.75,59.27,845.35,47.1,23.42,298.04,RISING_RISK
42.33,63.96,988.78,44.89,24.33,307.2,RISING_RISK
34.67,46.46,750.92,48.09,24.43,259.27,NORMAL
51.67,69.83,924.74,44.29,23.64,332.82,RISING_RISK
15.3,24.66,538.51,36.25,24.03,182.21,NORMAL
35.48,56.44,828.24,46.26,22.92,286.59,RISING_RISK
42.83,66.93,992.39,43.63,24.4,305.49,RISING_RISK
32.67,44.89,736.02,46.98,24.93,248.21,NORMAL
48.11,69.01,920.59,44.21,23.6,319.62,RISING_RISK
12.66,23.99,546.19,37.55,23.9,171.99,NORMAL
33.01,50.78,814.82,46.15,22.63,275.64,RISING_RISK
38.46,70.46,977.81,44.8,24.45,290.13,RISING_RISK
34.22,41.54,719.22,48.0,24.88,260.95,NORMAL
47.57,66.45,897.41,45.7,23.44,315.88,RISING_RISK
12.62,20.6,540.23,36.98,24.21,167.44,NORMAL
31.61,49.92,787.59,44.81,22.25,263.69,NORMAL
38.86,71.63,975.42,45.36,24.06,291.8,RISING_RISK
34.21,40.18,715.2,46.08,25.51,245.7,NORMAL
47.05,64.12,875.19,46.78,23.35,318.1,RISING_RISK
9.81,16.8,543.3,38.66,24.2,161.99,NORMAL
32.19,47.86,762.87,43.03,21.8,266.09,NORMAL
40.2,74.05,982.51,45.55,24.04,298.69,RISING_RISK
35.39,41.11,709.14,46.17,25.1,242.69,RISING_RISK
45.35,62.98,855.82,46.2,24.26,306.08,RISING_RISK
8.59,18.42,539.96,40.4,24.61,159.05,NORMAL
33.72,45.2,732.76,42.62,21.92,255.25,NORMAL
42.09,72.09,976.29,45.94,23.77,309.25,RISING_RISK
32.63,37.77,718.32,45.01,24.82,232.67,NORMAL
43.92,57.74,824.64,44.6,24.13,297.07,RISING_RISK
10.93,21.79,536.19,41.05,24.48,148.56,NORMAL
31.86,40.96,718.63,42.49,22.03,246.81,NORMAL
42.59,74.01,991.13,46.89,23.75,323.45,RISING_RISK
31.83,37.42,698.01,43.96,25.03,234.05,NORMAL
42.01,55.34,804.4,44.33,24.27,291.12,RISING_RISK
11.61,25.79,527.88,41.69,24.3,144.39,NORMAL
31.74,41.03,709.91,41.96,22.36,242.23,NORMAL
42.32,74.34,996.43,46.01,23.88,328.97,RISING_RISK
31.32,38.47,690.42,43.65,25.44,235.38,NORMAL
39.92,54.72,781.03,44.48,24.0,283.91,RISING_RISK
11.41,21.83,535.24,41.73,24.19,148.71,NORMAL
30.01,39.7,700.06,41.77,22.79,231.49,NORMAL
40.75,74.92,1000.76,45.91,23.52,325.92,STAGNATION_PREDICTED
29.79,36.2,693.26,43.15,25.48,227.21,NORMAL
41.02,52.06,758.7,45.03,23.92,273.53,RISING_RISK
11.15,20.67,530.14,41.56,24.12,154.24,NORMAL
27.42,41.11,690.16,43.36,23.04,221.93,NORMAL
40.61,77.37,991.35,46.13,23.33,339.04,RISING_RISK
28.25,38.4,692.63,41.97,25.79,224.23,NORMAL
38.73,49.6,740.14,43.83,23.83,275.89,RISING_RISK
9.82,23.44,526.95,40.95,24.48,155.5,NORMAL
26.12,39.75,678.29,43.25,23.51,224.99,NORMAL
40.96,74.74,989.08,45.55,23.3,344.08,RISING_RISK
27.06,38.86,691.32,40.21,25.44,211.28,NORMAL
38.55,49.63,736.85,44.03,24.16,274.58,RISING_RISK
11.72,25.6,537.31,39.13,24.85,147.9,NORMAL
26.96,39.52,675.32,44.18,23.44,221.7,NORMAL
41.98,73.44,999.94,44.48,23.32,345.12,RISING_RISK
24.16,35.98,688.03,41.19,25.38,204.62,NORMAL
36.0,47.71,727.23,43.45,24.1,263.89,RISING_RISK
13.37,27.0,538.14,39.23,24.94,146.35,NORMAL
26.24,38.54,661.9,43.91,23.17,223.76,NORMAL
42.77,72.21,1005.83,44.82,23.59,351.25,STAGNATION_PREDICTED
22.24,34.14,679.29,41.71,25.53,202.67,NORMAL
34.94,47.0,726.61,42.98,23.74,266.91,NORMAL
13.33,28.19,533.38,38.75,24.8,144.88,NORMAL
24.26,35.88,643.74,43.23,22.81,216.08,NORMAL
41.07,73.35,1013.19,43.78,23.39,348.81,STAGNATION_PREDICTED
21.9,28.8,658.76,41.47,25.96,202.79,NORMAL
35.11,47.72,747.66,42.84,24.2,269.49,RISING_RISK
14.63,31.68,534.37,37.7,24.63,148.57,NORMAL
21.19,35.74,639.64,42.53,22.68,210.19,NORMAL
41.2,69.6,1021.73,43.58,23.03,349.26,STAGNATION_PREDICTED
22.2,28.88,655.42,41.01,26.07,206.66,NORMAL
38.96,45.75,767.4,41.9,24.46,271.13,RISING_RISK
16.2,32.24,567.24,37.54,24.69,169.76,NORMAL
19.61,34.69,632.49,41.95,22.57,209.81,NORMAL
41.79,70.48,1022.33,42.32,22.98,342.42,STAGNATION_PREDICTED
22.63,26.21,644.54,41.22,25.99,207.48,NORMAL
40.33,46.54,786.14,44.44,23.97,278.66,RISING_RISK
17.51,32.79,594.31,38.24,24.76,182.97,NORMAL
19.87,31.59,621.69,41.27,22.64,215.1,NORMAL
41.43,70.19,1038.71,42.46,23.28,340.71,STAGNATION_PREDICTED
22.72,25.87,625.98,41.32,25.49,201.65,NORMAL
38.44,46.99,801.99,42.77,24.13,282.23,RISING_RISK
21.75,35.85,622.32,39.62,24.04,172.61,NORMAL
20.28,29.84,606.69,40.21,22.68,212.45,NORMAL
41.59,68.65,1047.61,42.89,23.17,338.2,STAGNATION_PREDICTED
24.26,29.24,619.71,42.7,25.12,200.32,NORMAL
37.05,48.45,818.67,43.95,24.35,289.93,RISING_RISK
24.31,37.27,650.41,40.04,24.02,187.08,NORMAL
18.28,29.28,610.88,39.78,22.85,198.94,NORMAL
41.74,67.66,1049.19,40.5,23.01,345.75,STAGNATION_PREDICTED
21.07,27.88,618.51,42.33,24.87,189.92,NORMAL
39.7,49.41,826.7,42.84,24.42,293.19,RISING_RISK
25.45,37.28,669.87,39.4,23.68,187.45,NORMAL
18.31,28.07,601.92,39.82,23.07,202.22,NORMAL
43.91,67.25,1052.62,40.65,23.0,350.94,STAGNATION_PREDICTED
21.56,26.37,611.59,43.76,24.52,182.87,NORMAL
40.58,50.01,838.3,41.75,24.84,286.43,RISING_RISK
23.37,38.34,708.89,39.19,23.69,200.34,NORMAL
15.55,24.92,598.75,39.14,23.2,208.71,NORMAL
44.67,66.98,1049.21,42.3,22.82,354.8,STAGNATION_PREDICTED
20.28,27.17,608.78,44.07,24.75,187.5,NORMAL
41.52,53.0,853.08,39.89,25.39,295.72,RISING_RISK
25.46,37.28,732.49,39.28,23.97,216.24,NORMAL
17.18,25.09,586.09,40.41,24.18,199.04,NORMAL
46.59,63.26,1047.22,40.81,22.82,365.96,STAGNATION_PREDICTED
19.6,28.61,601.51,43.31,24.5,192.94,NORMAL
41.9,53.04,870.38,38.89,25.47,308.58,RISING_RISK
27.48,39.0,757.97,38.95,23.79,222.7,NORMAL
17.94,25.34,586.53,40.28,23.69,203.55,NORMAL
46.9,63.99,1054.66,40.14,22.89,364.5,STAGNATION_PREDICTED
18.56,26.66,599.63,43.29,24.49,193.78,NORMAL
42.04,52.64,890.86,39.39,25.22,309.06,RISING_RISK
28.84,42.73,767.69,39.47,24.23,235.97,NORMAL
15.98,26.88,591.54,40.98,23.96,195.19,NORMAL
45.72,61.27,1072.09,41.49,23.07,363.53,STAGNATION_PREDICTED
17.5,27.82,594.95,43.18,24.25,188.7,NORMAL
42.0,56.8,895.01,40.04,25.42,317.92,RISING_RISK
28.82,38.41,794.75,38.95,24.23,247.17,NORMAL
14.35,27.71,580.1,40.16,24.48,192.56,NORMAL
45.39,60.67,1072.11,40.29,23.63,366.47,STAGNATION_PREDICTED
16.76,29.1,590.23,42.03,24.67,192.22,NORMAL
41.92,57.03,904.71,41.59,25.41,318.6,RISING_RISK
31.81,44.53,815.29,38.45,24.62,255.21,NORMAL
12.96,27.89,575.5,41.37,24.93,187.39,NORMAL
44.47,60.3,1078.44,41.09,23.69,374.21,STAGNATION_PREDICTED
16.55,28.12,585.01,42.58,24.39,198.66,NORMAL
39.88,59.64,910.32,42.4,25.16,316.78,RISING_RISK
32.2,45.28,829.33,36.99,24.46,262.59,NORMAL
14.84,29.18,599.82,42.03,24.94,190.03,NORMAL
45.7,63.02,1085.22,41.08,23.79,383.81,STAGNATION_PREDICTED
16.43,26.31,570.56,43.2,24.73,188.14,NORMAL
40.27,63.76,915.63,41.17,25.76,319.17,RISING_RISK
32.05,44.42,854.17,37.03,24.56,266.4,NORMAL
15.24,34.14,632.81,42.43,25.48,202.26,NORMAL
49.16,64.34,1083.67,40.49,23.92,383.1,STAGNATION_PREDICTED
15.81,25.82,560.48,43.6,25.27,185.8,NORMAL
40.48,61.92,912.68,39.21,25.32,321.11,RISING_RISK
33.72,45.54,843.17,37.06,24.46,274.52,NORMAL
17.25,32.88,649.37,43.29,25.64,214.13,NORMAL
51.07,66.0,1081.57,38.83,23.56,386.45,STAGNATION_PREDICTED
14.02,23.25,552.65,41.9,25.32,172.59,NORMAL
42.48,61.89,921.61,41.13,24.96,321.31,RISING_RISK
36.63,48.66,854.53,37.69,24.74,276.27,RISING_RISK
19.23,34.54,672.72,43.51,25.59,226.9,NORMAL
50.43,65.63,1086.4,39.12,23.16,386.81,STAGNATION_PREDICTED
15.36,22.58,559.22,41.85,25.4,164.69,NORMAL
42.37,62.71,929.87,39.9,24.9,327.37,RISING_RISK
33.46,48.34,870.08,38.43,24.56,282.91,NORMAL
21.26,38.56,687.59,42.6,25.84,237.76,NORMAL
51.67,63.72,1096.85,38.32,22.83,391.83,STAGNATION_PREDICTED
14.01,21.18,557.19,43.61,24.98,158.71,NORMAL
45.25,64.16,935.71,40.7,24.66,340.55,RISING_RISK
34.71,48.75,894.13,37.32,24.72,291.77,NORMAL
21.06,40.8,708.71,41.75,25.6,245.92,NORMAL
52.8,64.93,1094.07,36.81,23.04,391.77,STAGNATION_PREDICTED
16.78,17.01,553.76,43.81,24.91,159.93,NORMAL
47.4,66.68,940.26,40.87,24.73,350.99,RISING_RISK
33.71,48.49,896.6,37.63,24.43,296.39,NORMAL
24.85,41.86,727.6,40.3,26.25,252.81,NORMAL
55.36,65.06,1096.01,37.1,22.68,381.11,STAGNATION_PREDICTED
17.57,16.17,521.62,43.41,24.92,169.15,NORMAL
49.2,62.04,939.8,41.88,25.17,351.62,RISING_RISK
31.38,49.64,886.69,36.76,24.5,283.99,NORMAL
25.46,42.85,754.12,40.56,25.98,262.88,NORMAL
52.12,66.49,1070.73,36.29,22.81,359.63,STAGNATION_PREDICTED
18.03,14.1,520.63,43.41,24.7,166.29,NORMAL
48.0,62.39,960.52,41.99,24.81,363.47,RISING_RISK
29.64,47.33,872.85,37.33,24.06,281.37,NORMAL
26.57,42.17,783.17,41.34,25.57,276.17,NORMAL
49.53,66.43,1038.15,37.21,22.78,352.33,STAGNATION_PREDICTED
17.61,10.34,525.39,42.81,25.22,157.09,NORMAL
49.3,59.84,966.35,43.46,24.45,369.83,RISING_RISK
27.41,47.22,846.25,37.85,23.99,275.92,NORMAL
28.47,48.18,794.43,41.2,25.49,287.85,NORMAL
47.8,64.06,1020.55,37.89,23.23,348.82,STAGNATION_PREDICTED
17.62,10.89,535.27,40.95,24.9,152.57,NORMAL
50.9,58.9,984.72,44.06,24.45,376.46,RISING_RISK
26.14,49.34,810.67,36.22,23.93,258.99,NORMAL
31.93,48.1,803.66,41.15,25.28,291.67,NORMAL
45.08,60.55,990.69,38.21,22.97,340.39,RISING_RISK
13.34,8.72,539.1,38.91,23.99,150.78,NORMAL
49.37,58.81,987.1,43.04,24.31,369.66,RISING_RISK
26.9,51.94,805.7,37.07,24.07,249.1,RISING_RISK
30.59,48.7,829.8,41.14,26.35,299.9,NORMAL
43.31,56.63,973.73,37.94,23.28,333.65,RISING_RISK
12.42,8.85,542.33,37.33,24.24,157.59,NORMAL
52.1,56.25,988.02,42.2,24.73,365.02,RISING_RISK
27.48,51.51,790.35,35.97,24.12,243.56,RISING_RISK
31.05,53.35,850.77,42.02,26.06,298.35,RISING_RISK
41.02,54.59,965.21,37.74,23.55,323.81,RISING_RISK
14.01,8.88,548.98,38.12,24.47,165.59,NORMAL
51.34,55.71,994.06,42.22,24.48,365.47,RISING_RISK
28.39,49.57,764.36,35.51,24.37,241.81,NORMAL
31.37,52.47,863.69,42.52,26.47,303.17,RISING_RISK
39.58,56.03,971.58,38.2,23.78,319.21,RISING_RISK
14.61,9.23,536.19,37.22,24.72,161.67,NORMAL
50.33,58.06,981.3,42.49,24.6,366.04,RISING_RISK
27.7,51.29,738.73,35.72,24.43,242.5,RISING_RISK
35.72,55.17,871.53,42.23,26.34,311.06,RISING_RISK
42.7,54.16,975.49,37.93,23.36,321.39,RISING_RISK
14.54,13.13,537.43,36.24,24.66,157.75,NORMAL
49.01,60.0,985.52,42.48,24.98,364.28,RISING_RISK
24.93,51.01,729.24,35.1,24.67,240.43,RISING_RISK
38.73,57.59,880.47,43.44,26.61,323.21,RISING_RISK
44.91,51.63,990.24,37.35,23.32,318.78,RISING_RISK
13.26,13.64,536.84,36.46,24.36,158.22,NORMAL
51.08,61.4,1000.0,43.56,24.71,359.56,RISING_RISK
21.75,49.87,699.58,34.14,24.19,242.54,NORMAL
40.74,58.65,877.72,42.97,26.5,332.78,RISING_RISK
45.49,53.74,987.63,37.93,23.6,323.95,RISING_RISK
13.86,13.02,544.42,37.65,24.8,156.25,NORMAL
51.33,62.78,1003.11,44.77,24.29,361.71,STAGNATION_PREDICTED
20.79,52.04,687.16,33.0,24.4,242.51,RISING_RISK
40.65,57.43,874.87,43.53,26.27,338.45,RISING_RISK
43.13,52.71,989.59,38.24,23.93,331.15,RISING_RISK
13.67,14.15,536.75,38.03,24.25,151.1,NORMAL
51.18,62.08,998.27,43.46,24.33,370.11,RISING_RISK
22.84,50.33,675.97,35.2,24.45,235.39,RISING_RISK
39.25,57.13,899.62,43.33,26.4,341.25,RISING_RISK
43.71,53.04,991.75,37.03,24.17,331.42,RISING_RISK
14.28,15.07,523.95,38.93,24.63,147.19,NORMAL
50.88,63.9,999.84,42.14,23.75,359.43,RISING_RISK
17.43,51.97,664.31,35.23,24.28,232.29,RISING_RISK
39.12,60.16,912.48,42.17,26.4,347.64,RISING_RISK
45.12,58.91,994.84,38.1,24.04,335.64,RISING_RISK
15.86,16.28,510.53,38.55,24.45,142.39,NORMAL
52.11,63.54,1008.28,42.21,23.28,358.73,STAGNATION_PREDICTED
17.78,49.37,693.52,36.64,24.27,236.1,NORMAL
41.24,57.81,919.11,43.61,25.95,354.79,RISING_RISK
47.3,55.08,997.61,37.98,24.29,340.07,RISING_RISK
16.46,21.05,507.25,38.75,24.64,138.86,NORMAL
53.17,64.72,1012.9,43.69,23.45,354.89,STAGNATION_PREDICTED
19.32,47.79,700.71,36.18,24.33,245.03,NORMAL
40.73,60.82,930.92,42.56,25.93,363.12,RISING_RISK
45.91,56.83,997.39,38.19,24.42,349.04,RISING_RISK
17.12,19.13,507.76,39.21,24.24,139.4,NORMAL
50.4,68.28,1011.0,41.18,23.79,365.65,STAGNATION_PREDICTED
21.43,47.4,728.72,35.72,25.05,247.12,NORMAL
42.91,57.8,955.52,43.82,25.82,366.25,RISING_RISK
46.74,58.1,1002.92,39.43,24.34,362.88,STAGNATION_PREDICTED
14.99,18.88,488.63,39.92,24.76,154.06,NORMAL
53.12,66.86,1028.54,41.72,23.7,375.85,STAGNATION_PREDICTED
24.07,49.52,735.93,36.07,25.05,256.82,NORMAL
39.56,57.15,925.42,42.32,25.59,353.76,RISING_RISK
45.15,61.23,1002.07,41.83,24.46,375.77,STAGNATION_PREDICTED
14.03,17.24,484.64,41.46,24.59,145.52,NORMAL
53.19,69.93,1032.98,43.64,23.5,375.33,STAGNATION_PREDICTED
23.26,51.97,745.77,37.06,25.41,261.92,RISING_RISK
38.27,55.36,896.44,41.39,25.18,344.5,RISING_RISK
45.77,61.04,1007.53,41.08,24.78,382.68,STAGNATION_PREDICTED
13.85,16.79,490.33,42.43,24.79,153.71,NORMAL
48.54,66.67,1001.91,42.89,23.31,364.81,STAGNATION_PREDICTED
28.83,52.02,743.4,36.47,25.9,287.63,RISING_RISK
40.08,53.4,885.81,42.37,25.24,329.84,RISING_RISK
45.15,60.05,1012.52,41.98,24.54,390.55,STAGNATION_PREDICTED
15.78,16.99,498.3,43.29,24.55,166.52,NORMAL
45.06,64.11,966.09,43.48,23.61,354.54,RISING_RISK
26.9,50.65,771.0,35.73,25.71,290.09,RISING_RISK
35.97,51.06,873.23,42.0,25.51,325.9,RISING_RISK
45.86,58.21,1012.63,42.84,24.14,390.15,STAGNATION_PREDICTED
13.63,15.61,488.17,43.28,24.16,172.93,NORMAL
45.55,65.67,944.04,42.7,23.38,343.85,RISING_RISK
29.08,50.32,786.26,36.14,25.53,286.96,RISING_RISK
36.9,47.21,856.47,42.82,24.99,319.84,RISING_RISK
48.9,58.01,1022.68,40.42,24.2,400.54,STAGNATION_PREDICTED
14.08,17.27,490.64,45.79,24.56,172.53,NORMAL
46.9,63.87,925.18,44.07,23.49,339.29,RISING_RISK
32.17,48.99,798.87,35.41,25.52,287.61,NORMAL
36.11,44.48,833.78,42.03,25.46,307.58,RISING_RISK
48.07,60.35,1032.45,41.44,24.45,410.55,STAGNATION_PREDICTED
14.56,21.32,484.4,47.01,24.45,167.86,NORMAL
43.02,61.84,915.11,41.97,23.26,331.71,RISING_RISK
32.42,51.93,806.52,36.66,24.53,308.12,RISING_RISK
32.49,41.92,807.35,40.73,25.11,288.81,NORMAL
46.47,60.27,1044.81,41.92,24.19,404.43,STAGNATION_PREDICTED
12.93,21.95,471.13,46.87,24.3,165.72,NORMAL
40.72,59.36,910.89,41.37,23.26,327.8,RISING_RISK
33.39,58.26,822.24,36.53,24.73,313.94,RISING_RISK
29.0,37.67,796.33,38.84,24.78,274.61,NORMAL
47.17,63.68,1035.26,43.19,23.8,403.44,STAGNATION_PREDICTED
11.03,21.56,469.75,48.04,24.3,172.09,NORMAL
41.23,56.57,890.65,41.4,23.77,330.12,RISING_RISK
35.11,55.89,829.0,37.09,24.9,321.67,RISING_RISK
27.27,33.02,770.28,39.45,24.57,274.49,NORMAL
49.81,59.81,1035.59,43.93,23.78,399.61,STAGNATION_PREDICTED
9.46,21.34,472.34,47.72,24.24,175.62,NORMAL
40.87,56.3,865.93,42.51,23.73,324.48,RISING_RISK
34.91,59.52,834.15,37.61,24.22,313.68,RISING_RISK
26.18,28.82,742.64,41.43,24.64,265.78,NORMAL
49.49,60.97,1034.78,43.94,23.82,395.16,STAGNATION_PREDICTED
10.74,18.75,476.92,47.59,24.19,156.86,NORMAL
44.13,53.85,859.44,43.58,23.52,311.05,RISING_RISK
34.38,61.81,831.46,39.14,24.02,316.15,RISING_RISK
27.82,25.16,728.96,42.5,24.73,253.88,NORMAL
46.26,58.64,1003.15,43.29,24.35,391.03,STAGNATION_PREDICTED
8.82,13.91,469.96,46.32,24.55,149.31,NORMAL
44.0,51.62,842.11,43.48,23.33,303.42,RISING_RISK
36.95,61.9,839.03,39.91,24.17,314.08,RISING_RISK
30.72,25.58,722.59,42.7,24.88,247.67,NORMAL
43.32,59.34,980.35,43.88,25.13,378.81,RISING_RISK
9.41,13.54,470.18,45.19,24.6,152.2,NORMAL
44.6,51.11,834.18,42.78,23.33,291.88,RISING_RISK
38.65,62.62,845.92,41.03,24.31,306.99,RISING_RISK
28.92,26.84,710.17,42.36,24.89,234.86,NORMAL
39.52,59.4,955.92,44.77,25.27,369.59,RISING_RISK
7.87,18.03,461.76,44.21,24.8,146.2,NORMAL
44.12,48.36,800.1,43.41,23.58,274.39,RISING_RISK
40.09,60.14,858.81,41.43,24.88,325.67,RISING_RISK
29.01,28.32,689.57,41.58,24.36,224.99,NORMAL
41.65,56.83,932.25,47.34,25.07,361.64,RISING_RISK
7.52,18.34,458.0,44.47,25.46,146.93,NORMAL
43.4,47.44,782.52,42.07,24.02,268.24,RISING_RISK
39.44,62.37,868.81,41.46,24.65,334.1,RISING_RISK
27.17,28.05,676.2,41.86,24.68,220.15,NORMAL
40.18,54.92,898.31,47.81,25.11,365.23,RISING_RISK
8.01,21.08,470.52,43.39,25.49,144.52,NORMAL
44.51,47.3,761.7,43.38,24.18,274.55,RISING_RISK
39.53,62.22,885.18,41.06,24.51,329.42,RISING_RISK
24.86,26.19,658.84,40.77,24.81,215.75,NORMAL
42.13,52.06,879.76,48.1,24.64,356.39,RISING_RISK
9.34,19.34,460.93,43.88,25.62,155.17,NORMAL
42.04,44.21,754.28,41.94,24.07,279.32,RISING_RISK
41.05,65.57,885.25,39.96,24.28,333.23,RISING_RISK
23.84,24.85,648.16,41.24,24.98,209.79,NORMAL
42.09,50.81,851.78,47.62,23.8,354.19,RISING_RISK
10.96,17.64,459.52,41.23,26.05,149.48,NORMAL
41.57,44.39,739.64,41.72,23.63,260.05,RISING_RISK
43.54,67.64,908.57,41.46,23.96,327.64,RISING_RISK
27.0,26.21,671.94,42.17,24.98,225.43,NORMAL
43.46,51.87,846.48,46.28,23.32,323.14,RISING_RISK
12.42,17.86,457.34,41.91,25.93,151.74,NORMAL
39.39,41.53,720.67,41.75,23.35,255.5,RISING_RISK
43.11,67.4,908.81,42.11,23.96,331.21,RISING_RISK
29.19,29.0,679.02,41.82,24.78,241.64,NORMAL
43.81,50.64,819.01,45.04,23.42,306.56,RISING_RISK
11.95,19.88,492.03,44.35,26.18,174.62,NORMAL
36.9,41.78,696.66,42.97,23.46,249.35,RISING_RISK
43.89,69.4,928.69,41.82,23.82,335.3,RISING_RISK
32.98,33.7,707.7,42.35,24.63,247.64,NORMAL
42.74,48.24,817.41,45.05,23.73,296.11,RISING_RISK
10.61,23.28,518.32,43.3,25.76,182.51,NORMAL
33.52,38.04,677.38,42.57,23.63,251.41,NORMAL
45.4,72.03,925.21,42.69,23.44,338.91,RISING_RISK
35.69,31.3,732.89,43.55,24.93,263.63,RISING_RISK
40.78,47.77,824.44,45.16,23.87,298.75,RISING_RISK
13.95,26.9,549.95,42.77,25.33,201.83,NORMAL
31.49,36.51,664.09,44.41,22.89,234.01,NORMAL
44.92,72.03,935.34,41.9,23.67,342.49,RISING_RISK
39.15,31.93,766.75,44.4,25.12,265.83,RISING_RISK
39.08,47.13,794.82,47.42,24.04,299.05,RISING_RISK
15.84,29.15,574.43,44.22,25.27,208.12,NORMAL
31.8,38.05,660.62,44.45,22.36,239.11,NORMAL
45.64,71.21,940.83,42.24,24.08,341.61,RISING_RISK
39.85,33.54,784.09,44.89,25.29,280.72,RISING_RISK
36.08,46.98,777.96,48.09,24.14,287.1,RISING_RISK
15.06,31.81,600.48,43.44,24.53,210.98,NORMAL
31.22,37.75,652.66,43.5,22.75,241.53,NORMAL
45.76,69.08,953.07,43.83,23.91,354.11,RISING_RISK
40.18,38.08,802.35,43.3,25.61,287.74,RISING_RISK
35.57,46.29,762.32,49.33,24.24,275.66,RISING_RISK
16.83,33.68,637.12,44.21,24.41,222.07,NORMAL
28.45,34.99,654.82,43.68,22.64,239.35,NORMAL
46.01,69.75,965.04,43.93,23.92,357.65,RISING_RISK
40.8,40.67,809.21,43.74,25.84,307.26,RISING_RISK
33.51,45.64,754.03,49.51,24.15,288.23,NORMAL
19.55,34.58,659.94,43.36,24.48,225.57,NORMAL
29.67,33.07,645.03,43.72,22.66,239.4,NORMAL
46.27,76.02,983.71,44.4,24.01,357.88,RISING_RISK
41.6,42.48,816.13,44.32,26.06,309.37,RISING_RISK
31.87,42.02,737.56,48.31,24.36,272.73,NORMAL
20.86,35.61,679.59,42.37,24.36,233.14,NORMAL
28.59,33.0,652.48,43.7,22.66,234.89,NORMAL
46.03,77.36,990.63,44.71,23.61,355.54,RISING_RISK
43.59,45.3,837.67,42.88,26.08,322.63,RISING_RISK
32.48,39.74,715.29,48.26,24.6,266.62,NORMAL
23.12,37.53,698.49,42.99,24.23,250.64,NORMAL
30.69,34.11,650.58,42.51,22.3,234.58,NORMAL
47.61,78.1,1002.02,45.24,23.43,355.89,STAGNATION_PREDICTED
44.89,50.4,859.18,44.69,25.85,330.52,RISING_RISK
32.33,40.19,698.4,49.84,24.78,265.03,NORMAL
24.5,40.78,723.32,44.12,24.27,267.7,NORMAL
30.11,33.25,645.65,44.01,22.47,230.26,NORMAL
46.57,72.76,985.23,44.3,23.43,353.52,RISING_RISK
45.22,52.31,877.91,45.4,25.83,341.65,RISING_RISK
34.55,38.78,693.63,49.41,24.89,247.71,NORMAL
24.01,44.36,736.4,44.1,24.2,271.73,NORMAL
27.87,32.08,635.46,43.75,22.15,224.92,NORMAL
44.88,69.07,948.71,43.35,23.88,350.71,RISING_RISK
44.19,53.05,897.61,43.74,25.34,340.39,RISING_RISK
33.39,29.98,685.3,49.69,25.07,247.88,NORMAL
25.39,44.64,748.82,42.71,23.96,277.15,NORMAL
27.33,34.06,636.65,43.0,22.24,223.52,NORMAL
42.84,70.5,930.65,43.59,23.72,347.93,RISING_RISK
45.82,56.94,921.1,43.82,25.05,339.76,RISING_RISK
30.6,31.65,681.76,49.23,24.75,252.86,NORMAL
24.66,47.52,768.82,41.28,23.99,272.24,NORMAL
26.14,34.42,617.19,44.17,22.2,209.63,NORMAL
41.87,67.52,910.45,44.92,24.29,338.42,RISING_RISK
47.59,61.62,935.39,43.19,25.09,339.12,RISING_RISK
28.59,31.98,683.74,49.59,24.76,244.2,NORMAL
29.46,47.98,789.3,41.18,24.24,277.79,NORMAL
25.22,38.72,608.8,44.97,22.35,198.23,NORMAL
41.07,65.29,878.92,45.25,24.07,329.12,RISING_RISK
45.66,59.72,947.7,45.01,24.83,340.6,RISING_RISK
29.76,28.71,666.31,48.77,24.68,233.04,NORMAL
29.77,47.64,802.33,39.2,24.0,285.01,NORMAL
25.58,36.31,619.91,45.73,21.98,197.3,NORMAL
39.84,62.33,862.86,45.63,23.71,325.68,RISING_RISK
48.75,64.38,941.67,45.37,24.28,340.74,RISING_RISK
28.57,27.56,663.6,49.75,24.54,235.7,NORMAL
31.49,49.41,819.82,38.75,24.18,282.64,NORMAL
24.5,35.26,606.24,46.74,22.2,201.72,NORMAL
36.47,59.13,860.28,44.52,23.84,320.29,RISING_RISK
50.71,65.91,946.77,44.19,24.31,346.32,RISING_RISK
28.5,29.88,649.4,48.14,24.51,227.83,NORMAL
32.1,49.75,826.52,37.64,23.99,285.73,NORMAL
23.83,34.87,599.47,45.65,22.52,192.59,NORMAL
34.3,60.74,845.78,44.59,23.29,312.81,RISING_RISK
51.87,66.49,958.65,43.78,24.6,341.94,RISING_RISK
27.15,30.89,646.94,48.46,24.34,231.61,NORMAL
35.34,52.18,852.87,39.59,24.39,282.05,RISING_RISK
21.06,35.01,590.52,44.94,22.71,190.21,NORMAL
29.52,59.44,822.76,46.66,23.05,297.4,RISING_RISK
50.02,65.06,984.58,44.81,24.5,346.8,RISING_RISK
25.69,32.97,654.0,47.86,24.01,233.35,NORMAL
37.31,56.15,870.01,39.88,24.37,290.59,RISING_RISK
21.65,37.13,573.82,43.52,22.37,193.38,NORMAL
27.9,57.0,818.37,45.85,23.25,290.8,RISING_RISK
52.52,67.77,1002.95,43.77,24.75,350.14,STAGNATION_PREDICTED
24.54,32.55,656.71,49.17,24.14,232.12,NORMAL
40.2,56.04,879.62,39.49,24.43,289.21,RISING_RISK
19.95,35.55,561.31,44.14,22.17,193.58,NORMAL
27.85,56.3,805.96,45.25,23.2,290.69,RISING_RISK
53.14,68.53,1006.14,45.03,24.59,355.78,STAGNATION_PREDICTED
25.03,31.67,652.02,49.87,24.64,241.47,NORMAL
40.83,55.52,896.91,39.66,24.85,294.77,RISING_RISK
21.13,36.45,547.65,43.44,21.85,194.53,NORMAL
22.71,53.69,795.43,45.3,22.58,281.34,RISING_RISK
54.25,69.89,1012.08,45.84,24.42,358.42,STAGNATION_PREDICTED
23.9,31.64,646.89,50.49,24.92,231.63,NORMAL
39.97,52.46,903.07,39.4,24.99,298.26,RISING_RISK
21.03,36.49,538.72,42.94,21.85,199.88,NORMAL
21.86,53.83,773.82,43.7,23.07,274.69,RISING_RISK
53.24,72.04,1014.07,45.84,24.55,370.72,STAGNATION_PREDICTED
22.1,32.69,637.38,49.48,24.37,224.28,NORMAL
41.0,51.35,906.32,40.69,23.97,302.62,RISING_RISK
20.72,40.02,535.8,44.07,21.51,194.11,NORMAL
19.76,54.61,757.15,43.24,22.26,274.44,RISING_RISK
53.64,72.74,1019.16,46.31,24.61,378.44,STAGNATION_PREDICTED
23.14,34.79,667.1,50.35,24.11,243.79,NORMAL
42.45,51.11,914.84,40.59,23.71,308.16,RISING_RISK
21.11,42.17,531.61,44.48,21.61,197.85,NORMAL
19.62,51.93,740.25,43.64,21.96,270.13,RISING_RISK
54.22,69.65,1013.67,44.3,24.51,371.2,STAGNATION_PREDICTED
22.99,34.33,682.63,50.56,24.64,252.91,NORMAL
42.6,50.9,928.88,40.3,23.79,316.51,RISING_RISK
22.18,38.82,536.26,44.61,21.79,184.81,NORMAL
21.63,50.74,716.49,43.27,22.02,263.0,RISING_RISK
53.62,71.92,1005.16,43.37,24.36,375.56,STAGNATION_PREDICTED
25.88,32.98,704.83,51.8,24.21,262.2,NORMAL
43.05,52.88,934.49,42.99,23.32,316.66,RISING_RISK
18.45,39.89,542.2,44.69,21.99,174.24,NORMAL
23.66,49.13,693.29,43.11,22.12,265.82,NORMAL
52.29,72.57,1020.73,44.09,23.89,379.12,STAGNATION_PREDICTED
26.49,36.25,734.75,50.77,24.52,265.29,NORMAL
44.0,54.65,934.62,43.87,22.74,325.7,RISING_RISK
16.05,37.67,524.01,44.65,21.89,170.97,NORMAL
24.2,50.0,679.31,44.82,22.38,266.62,NORMAL
55.29,73.42,1016.55,44.68,23.97,379.9,STAGNATION_PREDICTED
27.38,39.2,744.77,50.84,25.03,274.03,NORMAL
44.02,54.08,937.12,44.72,23.13,348.43,RISING_RISK
18.24,35.44,534.61,44.46,22.13,167.43,NORMAL
24.74,49.34,686.61,44.57,22.13,276.31,NORMAL
54.0,73.07,1029.28,44.75,23.97,379.65,STAGNATION_PREDICTED
27.71,40.61,768.84,51.04,25.2,302.71,NORMAL
43.5,58.29,944.94,45.5,22.86,348.08,RISING_RISK
15.05,34.97,526.52,44.79,22.11,154.41,NORMAL
25.63,47.17,680.96,45.08,21.98,268.69,NORMAL
50.47,67.54,1000.06,44.5,23.55,371.9,STAGNATION_PREDICTED
28.27,44.25,788.52,53.12,24.6,317.38,NORMAL
48.52,56.34,958.43,44.38,22.49,354.61,RISING_RISK
14.97,35.45,523.76,44.9,21.39,154.68,NORMAL
27.2,48.1,659.34,44.22,22.3,258.26,NORMAL
51.33,67.04,972.87,45.63,23.27,360.43,RISING_RISK
29.92,44.75,798.27,53.4,24.19,328.33,NORMAL
49.15,57.41,972.08,43.97,22.67,352.73,RISING_RISK
19.75,36.5,548.06,45.34,21.4,173.88,NORMAL
26.61,47.02,650.35,44.02,22.04,254.38,NORMAL
50.37,64.65,938.32,44.34,23.36,344.38,RISING_RISK
31.27,48.11,818.21,55.65,24.42,351.36,NORMAL
48.63,58.59,978.52,43.95,22.9,352.68,RISING_RISK
19.91,38.51,584.97,45.67,22.24,183.03,NORMAL
25.48,41.58,626.79,44.64,22.09,246.73,NORMAL
48.91,64.76,920.76,44.37,23.27,336.82,RISING_RISK
32.15,51.05,835.85,54.69,24.78,348.84,RISING_RISK
50.12,53.55,982.34,44.58,22.9,357.03,RISING_RISK
22.08,40.55,613.84,45.67,22.06,192.18,NORMAL
24.18,40.19,614.53,43.96,22.5,245.06,NORMAL
44.26,62.46,901.88,44.77,23.29,327.32,RISING_RISK
33.34,53.87,857.19,54.0,24.91,355.76,RISING_RISK
51.52,55.07,987.32,44.19,23.5,352.78,RISING_RISK
24.93,42.16,635.88,44.0,22.08,212.92,NORMAL
25.68,40.57,629.05,43.61,22.75,255.94,NORMAL
44.23,58.45,895.82,46.58,23.04,326.38,RISING_RISK
34.82,53.22,857.16,53.25,24.76,356.56,RISING_RISK
50.25,55.13,953.0,42.84,23.49,342.07,RISING_RISK
27.68,42.57,662.04,43.93,22.33,225.13,NORMAL
24.83,43.03,655.74,43.29,22.95,249.61,NORMAL
41.01,59.51,880.32,47.58,23.46,331.78,RISING_RISK
36.08,56.37,869.14,52.25,24.86,357.44,RISING_RISK
48.75,51.27,934.76,42.11,24.2,337.37,RISING_RISK
31.39,43.04,686.67,44.8,22.66,235.84,NORMAL
24.89,46.32,684.37,43.56,23.14,259.17,NORMAL
40.04,59.36,863.07,47.1,23.44,322.35,RISING_RISK
38.07,56.54,883.95,53.9,24.72,369.17,RISING_RISK
45.18,53.9,937.25,40.56,24.78,325.33,RISING_RISK
34.63,45.68,701.29,46.39,22.34,256.96,NORMAL
26.81,50.18,703.1,43.56,22.97,257.63,RISING_RISK
40.06,55.78,844.95,47.63,23.49,316.27,RISING_RISK
39.3,59.29,893.49,53.84,24.91,370.54,RISING_RISK
42.37,50.82,919.72,38.41,24.75,316.1,RISING_RISK
34.58,44.56,720.95,45.8,22.8,254.88,NORMAL
26.69,49.2,724.97,45.09,22.56,254.12,NORMAL
38.54,53.26,815.03,46.72,23.91,303.73,RISING_RISK
40.06,60.19,905.11,54.3,24.68,375.24,RISING_RISK
41.69,52.5,910.11,38.22,24.76,314.43,RISING_RISK
37.07,47.32,742.19,46.27,22.87,267.52,RISING_RISK
30.34,56.58,738.66,44.21,22.14,271.84,RISING_RISK
36.37,50.58,790.55,48.86,23.91,296.7,RISING_RISK
40.86,57.58,935.65,52.88,24.38,377.87,RISING_RISK
42.32,50.41,889.94,37.58,24.72,305.68,RISING_RISK
38.19,50.42,764.95,47.31,22.89,278.92,RISING_RISK
31.33,55.28,762.74,41.94,22.43,271.05,RISING_RISK
34.2,50.82,767.67,48.86,24.32,291.05,RISING_RISK
39.85,55.61,939.63,50.48,24.74,374.88,RISING_RISK
42.23,48.53,888.07,40.3,24.7,302.62,RISING_RISK
40.12,52.62,786.85,46.26,23.16,291.45,RISING_RISK
33.48,58.01,773.19,42.2,22.08,277.97,RISING_RISK
36.36,51.81,779.27,50.35,24.54,318.46,RISING_RISK
38.12,59.88,951.04,50.77,24.74,372.96,RISING_RISK
40.38,48.91,899.58,40.01,24.19,309.06,RISING_RISK
39.71,54.43,792.79,46.84,22.76,291.11,RISING_RISK
34.77,57.44,788.2,41.48,21.64,284.94,RISING_RISK
36.68,47.4,805.11,50.75,24.11,328.27,RISING_RISK
37.76,58.46,961.83,50.71,24.7,369.99,RISING_RISK
41.54,50.89,914.25,39.33,24.83,319.54,RISING_RISK
40.11,54.61,820.91,46.84,22.9,294.43,RISING_RISK
36.05,61.52,808.01,42.23,21.74,283.19,RISING_RISK
38.47,46.07,822.1,50.57,24.79,334.03,RISING_RISK
38.75,57.77,954.73,50.36,24.69,364.5,RISING_RISK
42.4,51.98,926.7,39.17,25.23,324.54,RISING_RISK
41.57,52.47,846.24,46.82,23.21,286.65,RISING_RISK
38.17,61.73,822.86,41.88,21.56,284.52,RISING_RISK
40.4,48.67,830.13,51.62,25.41,337.28,RISING_RISK
40.68,58.93,970.63,49.39,25.09,368.27,RISING_RISK
41.56,53.69,930.51,39.54,25.77,309.29,RISING_RISK
42.49,52.61,860.57,47.26,23.19,297.58,RISING_RISK
40.72,64.25,853.04,42.25,21.84,285.8,RISING_RISK
39.74,51.28,847.82,52.44,24.63,339.32,RISING_RISK
41.18,60.7,974.19,49.15,25.3,368.79,RISING_RISK
43.17,53.78,934.04,40.27,25.75,319.36,RISING_RISK
43.15,53.18,882.89,49.13,23.0,303.72,RISING_RISK
41.09,65.21,856.97,42.03,21.96,294.75,RISING_RISK
38.69,49.05,861.66,52.96,24.36,345.32,RISING_RISK
43.93,61.83,983.57,48.39,25.65,362.06,RISING_RISK
43.57,50.77,942.08,41.43,25.28,332.02,RISING_RISK
45.42,53.67,894.48,47.78,23.27,302.27,RISING_RISK
39.52,63.76,869.37,44.34,22.1,292.18,RISING_RISK
37.89,49.83,876.85,54.08,24.59,349.81,RISING_RISK
44.62,64.61,974.63,49.63,25.27,377.67,RISING_RISK
44.09,54.66,958.58,42.07,25.13,340.03,RISING_RISK
46.77,54.93,901.13,46.5,23.3,296.23,RISING_RISK
42.49,62.79,883.11,42.81,21.8,300.16,RISING_RISK
38.41,54.24,886.56,53.14,24.13,349.88,RISING_RISK
45.36,62.55,958.51,50.04,24.68,382.75,RISING_RISK
44.71,55.91,954.82,41.26,25.15,344.68,RISING_RISK
48.45,58.41,906.23,49.31,23.71,303.15,RISING_RISK
43.72,63.4,893.23,43.88,21.77,310.38,RISING_RISK
39.84,51.29,906.76,51.9,23.56,348.64,RISING_RISK
45.47,62.18,960.54,48.74,24.91,388.21,RISING_RISK
45.89,58.38,947.63,41.41,24.77,346.08,RISING_RISK
49.04,60.12,921.51,50.26,23.77,302.12,RISING_RISK
45.24,61.69,904.38,43.64,22.36,314.24,RISING_RISK
40.25,49.97,924.96,50.74,23.62,355.02,RISING_RISK
45.32,63.46,981.08,49.29,24.53,394.28,RISING_RISK
45.14,59.47,943.8,44.07,24.49,347.33,RISING_RISK
49.59,59.47,925.47,49.11,23.97,304.99,RISING_RISK
45.3,60.08,902.14,44.37,22.95,320.82,RISING_RISK
39.3,51.87,944.06,48.7,23.36,347.62,RISING_RISK
47.71,64.2,991.51,47.35,24.56,386.23,RISING_RISK
47.14,57.91,956.74,44.27,24.45,342.9,RISING_RISK
50.99,63.03,931.93,48.49,23.42,314.56,RISING_RISK
46.28,59.9,896.38,46.1,22.94,333.32,RISING_RISK
41.47,48.96,954.31,49.87,23.07,349.57,RISING_RISK
47.92,65.91,997.37,46.44,24.73,383.98,RISING_RISK
49.58,61.81,962.55,46.56,24.48,346.04,RISING_RISK
50.31,63.15,928.81,47.45,23.27,311.14,RISING_RISK
47.33,60.85,913.06,45.26,22.58,337.68,RISING_RISK
39.56,52.64,973.39,50.33,23.25,357.93,RISING_RISK
49.45,65.59,1011.46,45.22,25.15,384.72,STAGNATION_PREDICTED
48.37,61.78,969.95,46.38,24.7,353.19,RISING_RISK
50.36,61.5,932.37,48.05,22.7,320.91,RISING_RISK
47.68,60.61,919.9,46.89,22.82,350.57,RISING_RISK
38.28,52.03,987.88,49.98,23.03,365.48,RISING_RISK
49.34,65.71,1023.26,46.79,25.09,385.84,STAGNATION_PREDICTED
49.06,65.83,965.22,46.1,24.58,353.41,RISING_RISK
49.03,61.12,956.79,48.08,22.72,326.93,RISING_RISK
47.5,62.99,938.62,47.49,23.14,352.43,RISING_RISK
35.55,52.28,992.09,50.79,22.86,374.66,RISING_RISK
49.3,65.99,1031.87,46.58,25.34,384.2,STAGNATION_PREDICTED
50.87,66.18,961.86,44.98,24.47,360.3,RISING_RISK
48.81,59.56,963.79,48.69,22.74,344.48,RISING_RISK
46.37,62.66,954.29,47.46,23.43,348.34,RISING_RISK
35.81,52.87,1005.33,51.72,22.39,388.65,STAGNATION_PREDICTED
50.9,66.66,1033.89,47.63,25.29,386.93,STAGNATION_PREDICTED
48.43,64.5,951.93,46.38,24.66,362.27,RISING_RISK
49.11,63.96,966.6,48.88,22.77,342.13,RISING_RISK
43.95,64.06,982.54,48.59,23.39,348.64,RISING_RISK
36.77,54.17,1006.66,50.54,22.59,384.16,STAGNATION_PREDICTED
50.84,69.37,1038.29,48.14,24.64,380.68,STAGNATION_PREDICTED
45.69,63.69,920.12,47.94,24.61,349.98,RISING_RISK
51.34,69.5,974.33,48.77,22.59,346.24,RISING_RISK
46.17,63.79,988.32,48.06,23.47,356.42,RISING_RISK
37.24,57.66,1011.81,50.2,23.38,389.89,STAGNATION_PREDICTED
52.93,71.23,1040.15,48.55,24.67,385.1,STAGNATION_PREDICTED
43.32,56.03,897.31,48.72,24.4,343.03,RISING_RISK
49.52,71.62,984.33,47.03,22.9,347.76,RISING_RISK
42.77,64.37,951.07,49.14,23.34,356.5,RISING_RISK
37.56,59.27,1003.21,50.09,23.21,392.57,STAGNATION_PREDICTED
50.85,72.98,1042.39,50.01,24.31,392.85,STAGNATION_PREDICTED
39.99,56.92,881.22,49.0,24.55,338.96,RISING_RISK
47.81,72.72,1003.28,47.19,22.68,350.72,STAGNATION_PREDICTED
43.14,59.5,924.26,49.52,23.32,346.13,RISING_RISK
39.9,58.67,996.69,49.81,23.01,386.27,RISING_RISK
50.82,71.76,1003.87,49.78,24.47,377.45,STAGNATION_PREDICTED
37.82,52.64,850.38,48.95,24.51,345.39,RISING_RISK
47.25,75.69,1006.57,48.45,23.27,361.59,STAGNATION_PREDICTED
43.48,55.31,906.66,50.28,23.64,340.03,RISING_RISK
41.2,59.76,1000.76,48.35,22.95,371.2,STAGNATION_PREDICTED
47.54,69.73,974.92,49.36,23.7,359.09,RISING_RISK
38.93,55.56,855.56,48.81,24.13,347.81,RISING_RISK
46.23,68.94,979.51,50.84,23.33,353.44,RISING_RISK
43.11,52.02,881.91,50.62,23.4,327.02,RISING_RISK
42.19,60.66,1004.43,47.55,22.49,368.23,STAGNATION_PREDICTED
46.79,65.04,959.96,49.07,23.52,348.03,RISING_RISK
39.37,55.91,870.23,46.72,23.8,349.57,RISING_RISK
44.85,67.48,949.19,50.04,23.44,336.62,RISING_RISK
41.9,51.38,879.02,49.33,23.09,325.02,RISING_RISK
41.59,59.42,1000.92,46.77,22.77,379.91,STAGNATION_PREDICTED
41.1,63.22,932.49,50.24,23.59,339.94,RISING_RISK
38.08,54.92,875.67,47.31,23.91,351.47,RISING_RISK
41.91,66.2,922.49,49.74,23.48,335.27,RISING_RISK
40.5,48.18,860.65,47.36,23.02,309.46,RISING_RISK
40.81,62.3,1012.39,46.31,22.74,385.57,STAGNATION_PREDICTED
40.44,62.74,913.63,49.91,23.66,336.95,RISING_RISK
39.03,54.28,881.04,47.54,23.89,355.63,RISING_RISK
39.98,65.99,907.66,49.98,23.84,333.44,RISING_RISK
38.55,48.6,836.34,47.6,22.73,289.57,RISING_RISK
40.12,61.91,988.33,46.81,23.11,373.29,RISING_RISK
39.59,61.26,893.25,50.12,22.95,337.4,RISING_RISK
38.1,57.36,896.68,46.29,23.65,351.8,RISING_RISK
41.2,64.06,889.05,50.57,23.93,336.04,RISING_RISK
36.21,46.17,815.7,48.53,22.59,285.45,RISING_RISK
38.12,64.35,962.64,47.3,23.83,370.59,RISING_RISK
40.23,58.32,882.06,50.03,23.41,321.11,RISING_RISK
36.37,57.65,926.45,47.04,23.32,352.93,RISING_RISK
36.36,57.77,873.34,48.98,23.97,326.22,RISING_RISK
38.33,47.62,791.71,48.48,22.13,264.75,RISING_RISK
39.43,64.51,961.86,45.64,24.01,356.42,RISING_RISK
40.07,55.28,851.85,48.85,24.34,301.61,RISING_RISK
34.87,60.02,919.37,47.73,23.89,358.51,RISING_RISK
34.22,54.72,847.38,49.08,23.73,311.44,RISING_RISK
38.54,47.05,773.41,48.82,22.45,251.92,RISING_RISK
37.77,61.87,951.87,46.31,24.42,353.75,RISING_RISK
42.69,58.01,839.2,49.26,24.3,299.91,RISING_RISK
35.77,60.8,943.6,47.03,24.16,364.93,RISING_RISK
36.17,53.27,832.08,49.86,23.46,301.98,RISING_RISK
36.46,44.63,764.99,48.73,22.03,244.73,RISING_RISK
35.22,60.81,936.22,45.96,24.61,342.52,RISING_RISK
42.12,57.83,833.45,49.72,24.45,290.6,RISING_RISK
34.55,60.66,952.75,45.56,24.19,364.88,RISING_RISK
36.57,53.03,824.47,49.56,23.8,293.83,RISING_RISK
37.69,43.59,745.93,49.67,21.51,244.62,RISING_RISK
31.94,57.85,923.53,46.83,24.58,343.89,RISING_RISK
41.64,58.09,814.2,49.91,24.05,278.76,RISING_RISK
34.4,62.84,964.71,44.81,23.7,363.11,RISING_RISK
35.51,51.9,801.76,48.68,23.71,283.89,RISING_RISK
34.72,42.55,736.53,50.46,21.49,231.86,NORMAL
28.93,54.96,906.09,46.8,25.23,328.2,RISING_RISK
40.53,56.64,800.29,48.82,24.22,272.29,RISING_RISK
33.64,64.25,960.49,46.05,23.72,376.35,RISING_RISK
34.17,52.7,785.27,48.66,23.78,269.13,RISING_RISK
33.88,38.34,713.8,49.81,21.5,228.86,NORMAL
29.25,52.31,885.79,48.22,25.32,327.98,RISING_RISK
38.02,55.84,794.39,48.21,24.3,260.26,RISING_RISK
31.28,64.98,973.54,44.89,23.78,372.01,RISING_RISK
32.11,52.85,781.98,49.96,23.83,263.57,RISING_RISK
34.37,37.37,707.08,51.06,21.47,233.29,NORMAL
29.21,48.01,872.38,48.15,24.73,322.59,NORMAL
38.3,52.5,781.03,48.81,24.84,257.98,RISING_RISK
33.61,64.4,979.5,46.05,23.53,361.72,RISING_RISK
32.19,54.38,760.29,49.63,23.89,259.9,RISING_RISK
32.6,36.3,696.92,52.12,21.47,243.93,NORMAL
28.55,47.23,840.12,48.03,24.77,319.25,NORMAL
36.58,51.55,769.93,46.83,24.91,247.29,RISING_RISK
31.32,65.85,982.22,46.41,23.6,365.49,RISING_RISK
33.86,56.12,742.52,50.63,23.76,258.65,RISING_RISK
32.12,36.26,692.91,51.88,21.64,229.6,NORMAL
27.2,45.18,813.61,46.67,24.89,302.52,NORMAL
36.42,51.43,740.67,46.71,24.9,241.98,RISING_RISK
29.62,67.37,996.8,46.16,23.8,365.18,RISING_RISK
33.01,52.88,738.34,49.63,24.27,250.76,RISING_RISK
31.11,32.33,671.7,53.53,22.02,226.55,NORMAL
30.03,43.6,820.8,45.72,25.03,313.54,NORMAL
35.08,49.72,738.16,48.29,25.12,247.28,RISING_RISK
32.31,67.27,1008.73,46.68,24.08,368.82,RISING_RISK
34.93,52.91,721.81,49.17,24.31,240.57,RISING_RISK
32.62,28.22,656.79,51.42,21.86,211.01,NORMAL
29.86,46.05,835.93,45.6,24.81,319.25,NORMAL
35.86,47.62,726.85,48.32,25.11,248.23,RISING_RISK
33.62,66.65,1009.22,46.36,24.07,378.7,RISING_RISK
33.28,52.37,695.16,49.59,24.82,242.52,RISING_RISK
30.24,29.02,646.38,50.15,21.64,202.82,NORMAL
30.96,45.58,856.72,47.2,24.21,346.12,NORMAL
37.09,48.54,697.83,48.79,25.81,249.27,RISING_RISK
35.56,70.85,1010.08,47.43,24.11,376.09,STAGNATION_PREDICTED
34.27,51.26,690.28,49.17,24.75,244.02,RISING_RISK
31.67,28.73,636.88,50.16,21.94,197.04,NORMAL
35.2,47.64,883.26,46.48,24.19,340.28,RISING_RISK
35.51,45.5,691.37,48.36,25.91,230.88,RISING_RISK
35.51,69.3,1027.89,46.43,24.03,381.45,STAGNATION_PREDICTED
34.0,49.11,674.21,49.71,24.22,232.6,NORMAL
29.88,26.7,621.46,50.54,21.93,201.53,NORMAL
36.01,49.54,894.84,46.17,24.83,340.23,RISING_RISK
36.84,43.68,680.54,49.85,25.5,237.3,RISING_RISK
35.45,67.79,1029.4,46.04,23.55,374.79,STAGNATION_PREDICTED
30.76,48.41,672.03,51.15,24.11,234.27,NORMAL
30.42,29.22,610.3,49.54,21.73,194.61,NORMAL
35.87,51.85,891.72,46.11,25.18,352.04,RISING_RISK
34.31,41.99,678.46,50.52,25.25,227.75,NORMAL
36.97,68.1,1021.91,46.85,23.65,384.39,STAGNATION_PREDICTED
30.54,48.17,671.34,51.56,24.04,237.7,NORMAL
29.85,26.61,609.99,49.53,21.31,189.92,NORMAL
38.64,56.07,900.75,47.47,24.53,357.15,RISING_RISK
33.97,42.7,666.48,50.22,24.82,226.31,NORMAL
37.34,68.22,1024.69,47.07,23.66,386.61,STAGNATION_PREDICTED
29.34,47.49,673.26,50.29,24.53,241.65,NORMAL
31.06,27.48,605.09,50.92,21.66,197.37,NORMAL
38.21,56.98,917.96,47.44,24.61,358.02,RISING_RISK
33.81,39.55,685.89,48.4,24.59,226.95,NORMAL
37.23,71.8,1048.89,45.07,23.54,391.64,STAGNATION_PREDICTED
29.16,46.01,653.92,50.66,24.99,240.3,NORMAL
26.78,23.44,613.06,50.76,21.39,203.73,NORMAL
38.95,57.85,927.79,46.18,24.29,359.6,RISING_RISK
36.25,38.38,700.95,48.34,24.4,236.7,RISING_RISK
37.96,71.95,1044.89,45.38,23.86,399.2,STAGNATION_PREDICTED
29.0,44.69,649.15,49.4,24.78,242.98,NORMAL
26.47,22.92,600.92,51.35,21.22,203.83,NORMAL
40.05,55.91,943.41,45.11,24.46,357.97,RISING_RISK
38.59,41.07,716.17,48.29,24.18,246.56,RISING_RISK
38.84,70.02,1054.38,45.8,23.9,396.49,STAGNATION_PREDICTED
27.04,42.66,656.08,48.12,25.08,238.87,NORMAL
23.42,22.62,591.7,49.8,21.66,195.87,NORMAL
39.25,54.39,950.31,46.06,23.97,358.37,RISING_RISK
42.63,41.31,736.89,46.54,24.28,260.61,RISING_RISK
39.88,71.71,1050.81,44.11,23.91,385.13,STAGNATION_PREDICTED
27.97,43.66,651.57,48.55,25.01,243.21,NORMAL
25.15,18.92,589.07,48.55,21.51,194.2,NORMAL
39.27,52.38,958.21,45.73,25.04,366.96,RISING_RISK
44.12,42.87,749.49,47.3,24.0,272.12,RISING_RISK
41.24,70.91,1050.22,44.56,23.72,387.96,STAGNATION_PREDICTED
29.89,43.21,635.22,49.38,25.03,232.33,NORMAL
24.6,17.5,586.3,48.34,21.64,190.18,NORMAL
39.48,48.81,961.57,44.09,24.81,369.54,RISING_RISK
44.04,44.19,767.39,46.26,24.22,275.18,RISING_RISK
43.48,73.18,1070.49,44.4,23.94,390.75,STAGNATION_PREDICTED
30.14,48.56,649.72,48.09,25.41,221.42,NORMAL
23.2,15.09,577.58,49.13,21.88,199.01,NORMAL
41.8,48.76,954.62,44.29,24.91,355.88,RISING_RISK
43.36,45.29,781.92,45.03,24.13,275.34,RISING_RISK
42.46,72.05,1076.75,43.87,23.68,399.06,STAGNATION_PREDICTED
30.12,49.97,644.86,47.34,25.0,225.02,NORMAL
20.94,11.43,568.82,49.7,21.82,194.63,NORMAL
41.4,48.09,961.23,43.14,24.99,355.15,RISING_RISK
43.58,46.53,773.78,44.18,24.35,294.05,RISING_RISK
43.51,68.08,1076.99,44.84,23.97,403.02,STAGNATION_PREDICTED
30.87,49.35,630.41,47.2,25.01,224.45,NORMAL
22.44,10.89,561.48,49.09,21.16,195.0,NORMAL
43.52,51.07,971.95,44.26,24.49,352.74,RISING_RISK
44.29,48.25,792.01,44.09,24.26,299.04,RISING_RISK
47.01,66.36,1088.95,43.81,24.07,406.69,STAGNATION_PREDICTED
29.22,45.94,619.52,45.45,25.09,213.22,NORMAL
23.52,14.07,565.4,48.04,21.11,205.63,NORMAL
45.22,53.08,984.3,46.77,24.77,358.03,RISING_RISK
45.86,49.72,812.82,43.3,24.44,294.24,RISING_RISK
46.0,65.08,1046.42,43.83,24.16,396.89,STAGNATION_PREDICTED
26.88,42.82,621.11,45.81,24.39,213.03,NORMAL
20.23,15.07,552.68,46.5,21.53,194.02,NORMAL
45.78,53.32,990.96,45.52,24.7,354.9,RISING_RISK
47.38,47.69,833.47,41.36,24.65,296.22,RISING_RISK
45.26,59.57,1020.1,43.53,24.3,390.24,STAGNATION_PREDICTED
28.04,43.08,640.61,45.68,24.09,223.42,NORMAL
20.56,15.76,550.5,46.7,21.68,190.86,NORMAL
45.45,53.23,999.94,46.68,24.58,357.79,RISING_RISK
49.33,48.56,852.1,41.23,24.17,301.46,RISING_RISK
42.9,56.1,1008.56,42.27,23.99,375.4,STAGNATION_PREDICTED
29.26,42.56,664.51,44.96,24.36,227.28,NORMAL
23.41,15.92,541.27,48.12,21.85,193.59,NORMAL
46.42,55.01,1000.25,46.36,24.24,359.41,STAGNATION_PREDICTED
49.61,50.05,868.57,41.53,24.47,311.5,RISING_RISK
40.59,53.19,990.3,42.77,23.84,366.95,RISING_RISK
30.31,46.28,680.18,44.99,24.26,239.61,NORMAL
21.93,14.81,545.11,48.1,21.44,188.91,NORMAL
44.37,54.46,1004.9,46.05,23.76,351.88,STAGNATION_PREDICTED
47.77,52.24,871.08,43.15,24.12,311.88,RISING_RISK
37.83,50.27,966.04,42.04,23.69,359.2,RISING_RISK
31.69,46.99,707.1,45.58,24.36,254.93,NORMAL
23.71,15.74,545.28,47.79,21.11,187.23,NORMAL
41.79,54.47,1017.78,47.22,24.02,359.96,STAGNATION_PREDICTED
49.68,50.32,892.63,42.15,23.97,314.56,RISING_RISK
38.37,49.77,943.14,41.96,23.38,358.46,RISING_RISK
34.09,48.62,703.85,45.39,24.11,262.71,NORMAL
21.27,12.67,546.6,46.97,21.64,181.53,NORMAL
41.6,55.32,1020.17,46.74,24.37,358.41,STAGNATION_PREDICTED
50.83,52.52,904.86,39.4,23.83,316.31,RISING_RISK
37.53,48.09,910.21,41.53,23.09,341.3,RISING_RISK
36.35,46.27,738.56,44.92,23.91,266.01,RISING_RISK
21.25,12.97,532.76,45.66,21.86,188.64,NORMAL
42.37,57.05,1009.78,48.87,24.47,375.89,STAGNATION_PREDICTED
49.18,53.49,902.81,39.93,23.39,322.19,RISING_RISK
38.9,43.65,884.68,42.39,23.16,323.88,RISING_RISK
36.97,43.28,760.41,44.74,23.76,254.75,RISING_RISK
22.7,12.53,530.67,45.63,21.69,194.62,NORMAL
43.91,57.23,1008.73,49.92,24.59,380.55,STAGNATION_PREDICTED
49.74,53.63,880.85,40.93,23.57,319.11,RISING_RISK
37.42,42.72,855.8,42.62,23.52,301.27,RISING_RISK
36.09,47.21,782.14,45.72,23.8,268.04,RISING_RISK
20.81,12.69,525.45,45.1,22.65,202.13,NORMAL
48.27,59.11,1020.73,51.1,24.8,383.66,STAGNATION_PREDICTED
47.59,52.7,862.36,40.95,23.71,304.01,RISING_RISK
37.27,41.65,837.46,43.12,23.66,298.81,RISING_RISK
37.86,45.77,817.22,43.51,23.65,269.05,RISING_RISK
21.43,13.03,541.8,45.14,22.9,201.19,NORMAL
47.81,59.08,1011.31,51.77,24.5,387.52,STAGNATION_PREDICTED
44.43,53.18,860.67,41.63,23.69,305.97,RISING_RISK
34.48,41.86,814.53,42.1,23.28,286.32,NORMAL
39.83,45.03,839.03,44.75,23.69,269.08,RISING_RISK
21.5,12.0,544.35,45.2,22.6,202.36,NORMAL
49.21,58.2,1013.63,51.31,24.57,386.6,STAGNATION_PREDICTED
43.85,53.66,838.07,40.61,23.39,306.58,RISING_RISK
34.77,41.62,778.87,40.32,23.1,282.59,NORMAL
42.37,43.93,849.34,46.6,23.85,267.36,RISING_RISK
20.84,12.34,555.15,43.59,22.13,203.07,NORMAL
49.91,56.17,1026.21,50.77,24.23,384.39,STAGNATION_PREDICTED
43.25,49.11,818.91,39.46,22.95,303.22,RISING_RISK
33.91,39.8,768.57,42.36,23.35,269.58,NORMAL
40.54,42.08,861.67,46.19,23.87,280.91,RISING_RISK
21.66,11.6,553.2,44.47,22.52,195.9,NORMAL
50.13,56.54,1032.04,50.8,24.53,390.28,STAGNATION_PREDICTED
42.5,54.11,804.92,38.81,22.89,294.88,RISING_RISK
32.63,41.41,763.12,42.5,23.06,265.79,NORMAL
38.81,43.92,882.2,44.64,24.17,288.71,RISING_RISK
20.59,11.88,551.45,42.67,22.44,190.63,NORMAL
52.64,60.34,1034.87,51.83,24.38,403.57,STAGNATION_PREDICTED
41.8,55.16,786.36,39.99,23.18,295.94,RISING_RISK
33.3,42.54,747.05,44.0,23.27,261.96,NORMAL
38.56,45.97,888.28,44.55,24.74,301.72,RISING_RISK
20.36,11.5,544.78,42.67,22.74,188.33,NORMAL
52.89,63.13,1045.31,50.05,24.37,403.92,STAGNATION_PREDICTED
41.24,53.21,774.54,39.14,23.56,280.82,RISING_RISK
31.32,40.37,729.13,43.95,23.8,249.26,NORMAL
37.58,49.03,895.67,43.47,24.71,299.88,RISING_RISK
19.34,9.15,549.16,43.28,22.94,194.65,NORMAL
52.1,64.97,1047.3,50.71,24.61,420.56,STAGNATION_PREDICTED
39.86,47.49,766.64,39.1,23.31,278.55,RISING_RISK
32.52,43.23,716.21,43.36,23.7,241.49,NORMAL
40.48,52.46,912.71,43.41,24.01,308.89,RISING_RISK
22.25,12.07,572.05,42.76,23.12,210.82,NORMAL
54.08,63.55,1053.91,51.11,24.65,421.05,STAGNATION_PREDICTED
42.4,42.56,741.7,41.2,23.39,274.45,RISING_RISK
33.53,41.37,696.38,41.99,23.5,240.22,NORMAL
39.57,53.89,916.25,42.99,23.77,311.06,RISING_RISK
26.12,16.69,598.72,44.02,22.71,214.59,NORMAL
54.79,63.12,1028.33,51.42,25.0,412.95,STAGNATION_PREDICTED
39.63,40.14,734.0,41.02,22.58,268.71,RISING_RISK
32.48,39.7,683.77,42.67,23.5,243.0,NORMAL
41.5,54.0,926.16,43.04,23.97,319.92,RISING_RISK
27.48,19.41,634.51,43.62,22.76,231.72,NORMAL
54.34,60.53,1012.39,51.36,24.81,406.63,STAGNATION_PREDICTED
34.83,39.04,727.14,42.4,22.67,253.67,NORMAL
31.21,38.16,674.69,44.66,23.8,241.32,NORMAL
42.21,54.19,927.06,43.28,24.36,327.6,RISING_RISK
28.52,22.06,673.15,43.54,23.01,241.91,NORMAL
52.37,56.28,980.3,50.66,24.66,392.21,RISING_RISK
35.07,35.16,722.04,41.8,23.01,245.52,RISING_RISK
30.15,37.5,678.46,45.3,23.97,235.62,NORMAL
42.95,53.49,926.76,43.37,24.42,324.72,RISING_RISK
29.18,25.99,684.84,42.25,22.83,249.18,NORMAL
49.99,54.68,949.66,49.81,24.21,377.33,RISING_RISK
34.07,30.22,709.31,44.35,22.86,241.38,NORMAL
28.35,36.32,662.13,45.06,24.26,226.85,NORMAL
43.26,55.56,931.11,43.64,24.48,328.95,RISING_RISK
28.84,26.38,707.89,41.86,22.95,253.28,NORMAL
47.17,53.84,933.32,49.73,24.15,362.56,RISING_RISK
35.55,29.57,692.94,44.48,22.19,229.81,RISING_RISK
25.08,36.56,653.17,45.53,24.04,224.99,NORMAL
44.3,54.92,932.38,44.36,24.4,326.43,RISING_RISK
29.49,29.85,747.53,42.01,22.98,271.48,NORMAL
43.99,52.82,910.07,49.4,24.31,357.68,RISING_RISK
34.78,33.37,690.12,45.87,21.83,218.64,NORMAL
24.06,36.0,640.58,45.35,23.85,225.61,NORMAL
43.96,56.94,936.85,45.91,24.44,330.54,RISING_RISK
32.48,31.67,757.59,41.84,23.52,287.33,NORMAL
43.22,50.27,882.21,48.95,24.79,340.65,RISING_RISK
36.22,29.43,684.0,45.06,21.99,217.37,RISING_RISK
25.72,35.15,637.65,44.7,23.76,227.97,NORMAL
47.31,61.22,940.46,45.92,24.23,333.66,RISING_RISK
31.22,35.64,785.04,42.61,23.54,299.42,NORMAL
43.64,49.79,855.96,47.44,24.96,323.88,RISING_RISK
36.31,30.9,683.13,43.86,21.49,212.65,RISING_RISK
25.26,34.29,632.49,45.0,24.01,225.77,NORMAL
47.46,60.85,950.15,46.99,24.5,331.85,RISING_RISK
31.96,39.74,794.81,42.82,23.74,303.31,NORMAL
41.21,47.93,842.41,46.29,24.88,315.52,RISING_RISK
35.7,30.93,678.84,45.27,21.29,220.03,RISING_RISK
24.78,34.59,624.56,45.89,23.47,234.03,NORMAL
47.11,56.91,965.73,46.89,24.49,347.3,RISING_RISK
32.88,40.89,813.27,41.66,23.19,307.69,NORMAL
37.21,46.64,821.17,46.89,25.3,301.71,RISING_RISK
33.17,27.9,667.33,44.04,21.41,224.57,NORMAL
23.76,34.34,614.87,44.27,23.55,229.28,NORMAL
47.5,57.51,966.78,44.1,24.5,332.75,RISING_RISK
34.71,44.52,828.39,40.89,23.93,300.95,NORMAL
36.01,46.34,811.2,46.19,25.51,289.61,RISING_RISK
33.03,27.87,648.22,43.17,22.03,225.75,NORMAL
21.72,38.43,607.73,44.39,23.54,226.44,NORMAL
49.18,56.62,969.07,44.54,24.6,335.57,RISING_RISK
35.75,44.38,846.48,39.72,23.92,305.22,RISING_RISK
33.57,46.8,799.27,44.79,25.29,285.08,NORMAL
33.55,30.14,651.73,43.16,22.51,222.68,NORMAL
22.02,32.79,596.28,43.38,23.39,220.17,NORMAL
49.45,57.98,969.69,43.69,24.81,352.76,RISING_RISK
35.62,44.48,862.37,38.06,23.5,316.18,RISING_RISK
30.6,44.39,786.84,43.66,25.28,280.44,NORMAL
35.71,27.77,653.46,43.83,22.47,223.45,RISING_RISK
23.63,33.21,620.59,42.57,23.69,227.18,NORMAL
49.7,59.64,966.15,42.57,24.79,350.75,RISING_RISK
36.15,48.0,885.72,37.23,24.05,320.09,RISING_RISK
32.57,45.44,781.23,45.13,25.4,282.39,NORMAL
33.48,28.11,637.2,44.71,22.92,223.42,NORMAL
24.38,31.09,653.37,44.29,23.6,232.2,NORMAL
50.08,61.77,978.74,41.66,24.97,352.6,RISING_RISK
37.22,50.56,891.07,36.68,23.57,323.79,RISING_RISK
31.96,39.51,764.2,46.14,25.16,280.99,NORMAL
35.64,31.31,667.17,46.01,22.93,232.52,RISING_RISK
26.72,33.97,678.23,44.89,23.57,241.71,NORMAL
46.98,56.59,952.18,41.84,24.81,345.37,RISING_RISK
38.01,52.66,911.65,38.05,24.0,326.4,RISING_RISK
29.33,36.61,760.09,44.88,25.16,278.94,NORMAL
36.08,33.09,684.66,44.77,22.6,237.48,RISING_RISK
29.22,34.17,695.75,43.64,23.74,266.13,NORMAL
45.55,49.52,917.76,41.4,24.82,333.96,RISING_RISK
39.42,57.76,915.02,39.43,23.86,334.97,RISING_RISK
29.06,34.97,743.01,44.89,24.94,272.85,NORMAL
35.9,36.96,704.25,44.74,22.55,257.57,RISING_RISK
31.16,34.75,710.57,44.46,23.54,262.52,NORMAL
42.89,49.43,901.57,40.45,25.01,325.07,RISING_RISK
40.26,59.47,934.88,39.52,23.41,342.86,RISING_RISK
30.18,33.63,721.18,41.61,25.18,269.08,NORMAL
35.38,39.01,718.25,43.74,22.58,270.23,RISING_RISK
29.06,36.22,727.11,45.33,23.49,282.4,NORMAL
42.73,48.14,881.64,39.45,25.09,318.64,RISING_RISK
41.64,60.34,947.59,39.45,23.72,347.02,RISING_RISK
29.04,36.22,708.18,40.67,24.85,257.05,NORMAL
34.89,39.45,740.09,43.35,22.27,287.22,NORMAL
28.93,37.11,727.84,43.75,23.63,278.73,NORMAL
40.39,46.59,868.81,40.51,25.4,318.27,RISING_RISK
41.59,61.49,951.51,38.98,23.96,344.97,RISING_RISK
26.65,34.28,685.52,40.52,25.11,247.7,NORMAL
34.81,43.11,749.29,43.54,22.02,293.6,NORMAL
30.94,35.59,741.18,43.72,23.61,277.22,NORMAL
37.05,43.22,853.11,40.51,25.67,312.62,RISING_RISK
36.54,58.42,924.55,38.67,23.72,337.98,RISING_RISK
25.7,32.19,682.87,40.06,24.97,238.4,NORMAL
34.46,44.38,759.49,44.18,21.95,305.59,NORMAL
32.31,37.02,765.36,43.73,23.87,287.99,NORMAL
36.43,42.44,842.18,41.13,25.41,297.97,RISING_RISK
34.95,53.89,906.79,40.28,23.71,326.05,RISING_RISK
26.64,33.24,661.08,38.8,24.68,240.78,NORMAL
32.13,47.58,777.04,43.38,22.43,320.03,NORMAL
35.4,36.89,778.07,44.19,24.12,288.5,RISING_RISK
36.01,41.05,828.3,41.11,25.23,292.18,RISING_RISK
32.86,53.45,900.09,40.77,23.18,310.8,RISING_RISK
24.45,35.46,653.4,39.24,24.62,236.84,NORMAL
34.43,47.11,788.27,43.35,22.86,330.71,NORMAL
35.53,38.82,792.36,43.19,23.65,287.73,RISING_RISK
36.34,39.12,795.48,39.37,25.47,278.95,RISING_RISK
32.83,55.26,869.31,40.67,22.95,304.46,RISING_RISK
22.8,30.99,645.92,40.38,24.63,234.51,NORMAL
37.57,47.75,810.52,43.11,22.73,328.13,RISING_RISK
36.13,43.2,816.71,42.01,24.28,294.09,RISING_RISK
35.5,38.63,791.36,37.75,25.64,257.79,RISING_RISK
32.89,53.91,859.69,40.49,23.14,288.47,RISING_RISK
20.48,31.38,637.79,40.79,24.46,224.15,NORMAL
39.33,53.4,823.35,42.64,22.29,329.25,RISING_RISK
38.39,43.97,831.55,40.4,24.21,297.47,RISING_RISK
35.23,38.42,776.8,38.53,26.0,260.05,RISING_RISK
33.22,50.2,845.06,39.12,23.51,287.79,RISING_RISK
21.28,29.04,614.48,41.0,24.1,222.44,NORMAL
39.51,55.9,836.65,41.3,21.98,345.22,RISING_RISK
39.27,44.82,841.58,41.77,24.34,308.04,RISING_RISK
34.72,39.16,766.44,38.08,25.97,254.8,NORMAL
28.69,47.67,820.1,39.04,23.12,279.28,NORMAL
21.53,27.87,609.24,40.06,23.62,217.39,NORMAL
38.09,56.2,856.67,41.91,21.85,337.32,RISING_RISK
39.52,46.84,839.21,43.09,24.31,313.28,RISING_RISK
34.56,38.53,752.04,38.62,25.66,251.24,NORMAL
31.81,47.21,796.33,37.82,23.05,276.12,NORMAL
23.59,26.74,601.66,41.16,23.61,213.29,NORMAL
42.89,56.78,863.92,41.43,21.98,339.09,RISING_RISK
38.57,49.75,837.03,41.7,24.15,322.16,RISING_RISK
34.2,35.43,738.38,39.45,25.32,251.28,NORMAL
30.01,46.37,774.48,37.77,23.6,274.1,NORMAL
20.1,28.72,598.77,41.84,23.51,211.03,NORMAL
44.57,56.4,870.9,42.16,21.84,344.28,RISING_RISK
36.95,52.31,851.35,40.59,23.82,318.76,RISING_RISK
35.05,36.1,724.19,39.83,24.9,237.51,RISING_RISK
28.41,44.82,760.96,37.27,23.72,266.11,NORMAL
16.49,26.77,602.81,42.43,23.07,205.75,NORMAL
46.77,57.46,905.09,41.62,22.74,332.36,RISING_RISK
38.12,53.72,873.85,40.18,23.72,313.7,RISING_RISK
33.62,38.74,702.97,39.72,25.04,233.41,NORMAL
27.09,44.75,749.85,35.95,23.85,272.47,NORMAL
15.47,24.64,598.47,40.61,23.72,213.28,NORMAL
47.65,53.63,910.26,41.45,22.99,339.53,RISING_RISK
38.05,52.79,887.8,41.58,23.77,328.31,RISING_RISK
31.13,39.97,691.37,40.88,25.66,222.83,NORMAL
24.49,40.26,745.74,35.09,24.73,277.85,NORMAL
13.31,24.64,593.8,40.39,24.06,204.53,NORMAL
48.12,54.4,922.41,42.71,23.21,342.83,RISING_RISK
38.78,56.25,901.0,41.46,23.7,325.97,RISING_RISK
33.85,38.71,686.78,41.3,24.96,223.83,NORMAL
25.53,38.05,747.48,36.52,24.93,272.59,NORMAL
14.06,22.24,589.57,41.28,24.16,204.04,NORMAL
46.45,55.98,929.77,43.23,23.21,351.55,RISING_RISK
38.58,58.72,915.74,42.22,23.44,324.16,RISING_RISK
30.29,40.32,673.59,38.63,25.16,221.03,NORMAL
24.08,39.69,740.84,36.92,24.77,277.18,NORMAL
14.39,22.41,578.78,40.33,23.67,199.15,NORMAL
48.65,57.53,927.52,44.08,23.37,349.77,RISING_RISK
39.69,61.89,930.51,42.67,23.54,327.22,RISING_RISK
31.3,36.98,671.79,37.52,24.72,204.22,NORMAL
26.3,39.73,727.8,36.79,24.51,270.74,NORMAL
11.9,22.23,575.6,41.45,23.39,198.9,NORMAL
50.18,59.05,948.83,43.37,24.09,348.2,RISING_RISK
40.31,62.19,933.59,41.24,23.59,334.52,RISING_RISK
32.98,39.26,691.15,37.84,24.74,216.33,NORMAL
28.02,38.46,696.2,36.65,25.03,262.97,NORMAL
12.03,23.21,569.97,40.8,23.21,185.38,NORMAL
51.99,58.17,944.62,42.79,24.3,347.91,RISING_RISK
44.28,67.69,973.27,41.37,23.37,341.77,RISING_RISK
33.65,36.52,708.46,37.68,24.55,220.03,NORMAL
25.91,34.09,689.23,38.31,25.29,258.37,NORMAL
8.54,21.58,562.88,41.36,23.77,180.77,NORMAL
51.47,60.05,948.87,41.7,24.27,354.12,RISING_RISK
45.13,70.13,973.82,41.68,23.56,338.73,RISING_RISK
33.84,36.39,731.97,37.05,24.97,230.63,NORMAL
25.07,32.51,666.76,38.39,25.06,251.34,NORMAL
9.79,23.04,564.28,41.65,23.63,189.87,NORMAL
52.39,57.48,966.39,42.77,24.47,355.55,RISING_RISK
45.34,66.74,969.05,42.62,23.23,336.74,RISING_RISK
34.82,35.86,746.16,36.74,24.96,239.29,NORMAL
25.05,30.33,668.51,39.82,25.31,249.67,NORMAL
9.66,23.47,571.93,41.46,23.69,193.25,NORMAL
55.0,56.25,983.61,42.8,24.24,370.47,RISING_RISK
49.31,65.33,966.05,43.48,22.96,332.05,RISING_RISK
35.82,40.11,763.4,36.98,24.98,241.21,RISING_RISK
25.86,28.24,665.44,41.33,25.2,239.93,NORMAL
12.04,25.24,560.68,42.3,23.43,194.31,NORMAL
56.15,54.52,995.95,43.34,24.06,373.37,RISING_RISK
49.23,61.7,965.18,44.12,23.22,340.49,RISING_RISK
36.68,38.83,775.38,35.88,24.95,246.87,RISING_RISK
27.87,27.45,654.06,40.19,25.14,233.26,NORMAL
14.79,21.9,561.58,39.87,23.92,194.39,NORMAL
53.7,54.24,998.09,42.3,24.08,359.26,RISING_RISK
48.02,62.68,971.96,44.85,22.92,342.72,RISING_RISK
38.42,44.91,781.51,36.31,25.11,260.07,RISING_RISK
27.51,27.2,639.32,39.47,24.94,224.36,NORMAL
14.91,21.45,552.43,38.55,23.67,188.69,NORMAL
55.93,53.7,994.38,43.17,23.85,365.52,RISING_RISK
49.1,62.51,996.45,41.92,22.64,342.7,RISING_RISK
36.0,45.86,801.99,37.14,25.47,276.23,RISING_RISK
27.84,27.31,635.05,39.42,24.97,231.5,NORMAL
14.46,24.27,545.75,39.36,24.1,188.84,NORMAL
55.18,57.65,991.91,45.67,24.12,372.75,RISING_RISK
48.58,62.48,994.5,41.58,22.56,351.73,RISING_RISK
34.31,47.03,814.88,38.81,25.39,278.12,NORMAL
26.31,27.64,636.44,40.05,25.14,234.36,NORMAL
10.21,24.33,551.4,39.53,23.68,182.72,NORMAL
53.53,58.8,1009.89,44.49,24.48,378.63,STAGNATION_PREDICTED
50.68,63.66,998.71,42.7,22.22,357.73,RISING_RISK
33.14,51.21,829.45,39.18,25.29,282.08,RISING_RISK
22.81,25.58,629.01,38.82,25.14,239.08,NORMAL
9.64,29.21,537.88,39.78,23.57,176.2,NORMAL
55.63,61.91,1017.9,45.56,24.67,379.11,STAGNATION_PREDICTED
51.56,63.07,1005.1,42.0,22.36,353.28,STAGNATION_PREDICTED
36.43,53.81,824.42,38.38,25.18,278.33,RISING_RISK
20.76,25.62,624.01,39.17,25.0,229.52,NORMAL
9.15,28.67,521.13,39.92,23.73,164.24,NORMAL
53.15,60.12,977.45,45.17,24.25,378.17,RISING_RISK
47.32,64.39,987.84,43.31,22.47,343.27,RISING_RISK
37.98,54.26,839.9,39.0,24.93,287.84,RISING_RISK
21.28,23.53,626.84,38.63,24.82,221.25,NORMAL
9.34,27.51,512.73,39.79,23.73,165.86,NORMAL
49.64,55.91,959.43,47.37,24.13,375.45,RISING_RISK
47.06,63.12,966.04,42.67,22.26,333.95,RISING_RISK
37.28,52.56,845.79,38.54,24.97,301.98,RISING_RISK
18.98,21.53,612.39,40.11,25.12,230.22,NORMAL
11.84,30.86,543.24,39.66,23.68,172.77,NORMAL
47.68,54.07,916.24,44.35,24.49,351.76,RISING_RISK
43.33,64.96,944.51,43.46,22.16,314.99,RISING_RISK
39.34,53.5,854.88,37.85,24.58,299.06,RISING_RISK
18.78,22.76,631.5,40.78,24.71,241.24,NORMAL
17.0,33.93,571.28,40.81,24.05,182.65,NORMAL
46.29,55.5,893.09,44.92,24.39,326.08,RISING_RISK
42.88,64.43,905.45,44.28,22.09,309.35,RISING_RISK
38.97,54.08,878.07,41.59,24.19,300.74,RISING_RISK
20.33,28.49,656.11,40.09,24.59,247.17,NORMAL
16.02,38.06,605.82,40.78,23.76,194.44,NORMAL
42.92,51.98,875.77,44.84,24.28,327.71,RISING_RISK
41.52,59.33,879.45,43.18,22.04,307.54,RISING_RISK
41.03,56.27,907.14,40.73,23.73,313.51,RISING_RISK
23.32,30.22,676.18,39.16,24.32,240.97,NORMAL
18.02,39.13,613.91,40.86,24.28,196.7,NORMAL
43.13,47.35,852.82,43.67,24.01,325.65,RISING_RISK
42.72,54.32,850.7,43.54,21.62,298.21,RISING_RISK
41.23,58.66,931.25,40.5,22.78,314.76,RISING_RISK
25.92,31.2,701.52,40.3,24.42,254.16,NORMAL
19.19,44.91,625.57,41.25,24.17,204.14,NORMAL
39.41,45.45,832.04,43.33,24.4,308.07,RISING_RISK
41.87,56.74,833.22,43.44,21.83,286.55,RISING_RISK
44.33,59.77,948.78,39.2,22.94,321.77,RISING_RISK
30.18,35.38,734.32,40.99,24.16,264.12,NORMAL
21.88,45.76,642.27,40.12,24.38,215.29,NORMAL
38.12,41.94,807.24,42.45,24.02,298.74,RISING_RISK
40.98,57.15,812.98,43.83,22.3,285.66,RISING_RISK
42.66,59.11,963.92,39.75,23.49,328.59,RISING_RISK
32.02,35.9,748.67,39.76,23.84,272.79,NORMAL
23.25,48.94,670.92,39.19,24.39,236.43,NORMAL
37.29,45.57,784.32,43.94,24.02,286.89,RISING_RISK
39.16,50.77,801.07,42.81,22.49,286.45,RISING_RISK
41.92,55.91,952.42,40.44,23.2,320.78,RISING_RISK
32.37,38.43,751.96,41.03,23.84,297.04,NORMAL
25.13,50.41,689.72,39.93,24.03,241.52,RISING_RISK
32.24,44.12,775.12,42.12,24.5,284.26,NORMAL
36.63,51.32,785.49,43.69,22.82,283.71,RISING_RISK
39.88,54.97,923.9,41.76,23.13,316.55,RISING_RISK
32.3,43.26,766.82,39.53,23.82,306.98,NORMAL
24.59,51.46,702.24,40.01,24.11,244.45,RISING_RISK
31.55,43.72,763.5,42.91,24.92,268.84,NORMAL
34.14,48.09,776.15,42.37,22.85,277.96,NORMAL
40.78,50.74,917.88,40.92,22.92,308.71,RISING_RISK
34.82,46.14,781.26,38.78,23.83,296.19,NORMAL
23.34,51.65,722.59,38.16,24.2,252.94,RISING_RISK
31.25,41.28,749.75,43.46,25.17,262.47,NORMAL
33.94,49.44,773.55,42.47,22.39,269.27,NORMAL
38.97,45.61,899.07,40.03,22.63,298.94,RISING_RISK
36.28,51.13,786.95,39.46,23.95,304.7,RISING_RISK
25.68,52.86,760.71,38.01,24.27,261.72,RISING_RISK
30.8,39.88,746.52,43.04,25.07,252.18,NORMAL
30.38,48.63,766.03,44.22,22.59,266.75,NORMAL
35.64,43.69,884.94,40.89,22.68,290.34,RISING_RISK
36.07,54.69,802.22,39.43,23.37,317.49,RISING_RISK
27.8,55.5,777.48,38.36,24.13,270.72,RISING_RISK
29.83,44.25,774.49,43.78,25.42,243.61,NORMAL
30.63,48.87,776.05,44.63,22.74,281.15,NORMAL
33.57,38.39,859.0,41.44,22.56,276.27,NORMAL
38.05,56.58,803.01,41.77,23.81,330.92,RISING_RISK
28.66,57.83,785.81,35.61,24.57,278.24,RISING_RISK
30.35,43.95,791.72,44.98,25.1,251.05,NORMAL
29.65,50.54,797.32,43.92,22.83,277.09,RISING_RISK
33.35,40.12,838.71,40.88,22.51,273.19,NORMAL
37.84,56.66,818.48,42.88,24.57,333.58,RISING_RISK
29.24,60.55,803.76,37.23,24.44,284.71,RISING_RISK
33.29,43.0,803.54,46.09,25.12,261.61,NORMAL
32.39,50.44,803.56,43.19,22.53,279.34,RISING_RISK
32.75,38.82,825.72,42.47,22.92,269.63,NORMAL
38.66,56.12,830.19,44.53,24.44,335.13,RISING_RISK
32.56,61.7,820.38,37.22,24.44,273.64,RISING_RISK
34.3,44.3,829.94,47.09,25.15,275.18,NORMAL
31.73,53.53,817.81,41.87,22.66,284.14,RISING_RISK
33.55,32.64,819.76,40.96,22.94,266.82,NORMAL
38.77,55.3,842.65,43.96,24.55,341.74,RISING_RISK
33.19,65.78,829.71,37.07,24.03,280.87,RISING_RISK
35.49,48.05,841.79,46.22,24.83,285.11,RISING_RISK
29.61,54.83,828.41,44.33,22.9,294.09,RISING_RISK
35.79,34.93,820.91,41.27,23.44,278.85,RISING_RISK
40.77,58.36,861.09,43.79,24.57,339.41,RISING_RISK
33.61,68.8,838.75,39.3,24.36,294.31,RISING_RISK
37.95,48.51,858.63,46.1,24.76,300.5,RISING_RISK
31.15,54.24,851.22,45.78,23.46,299.72,RISING_RISK
36.64,37.11,827.25,41.17,23.53,285.59,RISING_RISK
40.11,58.57,867.03,45.36,24.65,336.46,RISING_RISK
32.46,69.43,838.27,39.09,24.67,298.03,RISING_RISK
37.65,49.28,878.12,45.95,24.68,313.3,RISING_RISK
31.72,53.07,856.55,45.39,23.59,308.63,RISING_RISK
34.71,36.95,836.74,40.31,23.62,293.79,NORMAL
42.8,58.65,868.71,43.97,24.29,338.34,RISING_RISK
34.53,69.22,852.13,41.64,24.3,298.94,RISING_RISK
42.06,49.71,882.26,46.17,24.72,322.23,RISING_RISK
31.25,53.82,867.16,45.72,23.76,307.95,RISING_RISK
36.54,40.46,848.11,39.35,23.8,310.36,RISING_RISK
40.61,54.78,865.77,45.43,23.86,322.86,RISING_RISK
36.17,70.56,865.4,42.03,24.84,303.29,RISING_RISK
40.65,49.53,887.53,45.16,24.76,324.05,RISING_RISK
33.58,54.4,880.01,44.52,23.88,310.55,RISING_RISK
35.75,38.05,855.29,38.62,24.06,317.01,RISING_RISK
39.39,52.67,844.09,44.85,23.95,316.11,RISING_RISK
35.08,68.74,871.95,40.79,24.62,301.4,RISING_RISK
40.42,52.89,889.19,45.24,25.08,320.18,RISING_RISK
33.11,51.21,898.09,45.13,23.71,314.13,RISING_RISK
37.45,36.17,868.88,38.6,23.86,312.19,RISING_RISK
39.72,51.96,835.39,46.67,23.29,306.57,RISING_RISK
39.8,68.46,883.29,42.48,24.25,304.31,RISING_RISK
41.81,52.66,888.58,45.37,24.46,331.27,RISING_RISK
31.65,53.3,905.62,45.61,24.46,320.48,RISING_RISK
37.73,37.51,882.72,36.63,24.07,321.7,RISING_RISK
39.88,51.11,826.13,46.02,23.43,307.24,RISING_RISK
40.3,68.99,892.31,42.41,24.14,297.66,RISING_RISK
41.49,54.13,892.0,44.27,24.55,327.92,RISING_RISK
33.18,55.44,932.47,44.88,24.41,327.2,RISING_RISK
40.05,39.86,890.44,34.76,23.5,326.51,RISING_RISK
40.21,46.75,795.12,44.36,23.54,296.69,RISING_RISK
38.87,68.83,898.29,43.04,24.12,290.85,RISING_RISK
44.69,53.23,900.94,45.49,24.48,334.48,RISING_RISK
36.74,58.97,927.11,42.39,24.98,333.27,RISING_RISK
37.13,38.51,903.69,34.68,23.71,339.99,RISING_RISK
40.57,44.79,769.28,45.58,23.01,296.39,RISING_RISK
38.2,68.73,891.91,43.55,24.16,283.56,RISING_RISK
46.05,53.16,899.13,47.41,24.13,339.19,RISING_RISK
38.5,57.91,928.4,42.29,24.45,342.01,RISING_RISK
37.2,36.79,910.49,35.01,24.29,346.23,RISING_RISK
38.91,45.79,761.99,44.8,23.14,283.29,RISING_RISK
34.27,67.98,874.82,42.36,24.08,273.64,RISING_RISK
46.6,57.16,899.49,50.68,24.4,355.92,RISING_RISK
40.29,59.08,939.35,43.63,24.54,336.16,RISING_RISK
39.31,38.27,935.07,34.65,24.17,344.85,RISING_RISK
38.14,45.01,757.18,45.0,23.31,278.39,RISING_RISK
31.18,61.79,858.88,42.97,24.25,261.13,RISING_RISK
46.24,57.16,907.68,50.8,24.81,364.55,RISING_RISK
42.26,62.08,948.98,43.62,23.95,340.27,RISING_RISK
38.94,37.01,940.68,33.89,24.12,349.94,RISING_RISK
36.96,42.24,744.15,45.9,23.63,284.35,RISING_RISK
30.32,60.79,846.36,43.58,24.08,253.63,RISING_RISK
47.71,58.2,910.26,50.02,24.94,371.23,RISING_RISK
41.63,60.35,952.01,41.75,23.58,343.94,RISING_RISK
41.29,38.42,942.64,33.47,24.4,357.88,RISING_RISK
35.02,40.82,728.93,45.38,23.09,270.9,RISING_RISK
29.84,61.28,818.56,42.23,24.15,253.72,RISING_RISK
46.67,56.54,929.57,49.03,24.83,367.1,RISING_RISK
42.07,57.54,967.32,40.56,23.45,347.88,RISING_RISK
42.51,43.18,947.92,34.94,24.52,353.24,RISING_RISK
32.47,41.46,713.56,44.96,23.38,268.4,NORMAL
28.22,61.25,791.53,42.96,24.29,247.62,RISING_RISK
44.99,57.37,939.85,50.22,25.2,378.49,RISING_RISK
43.32,60.59,978.61,41.5,23.56,353.5,RISING_RISK
43.18,48.93,956.69,34.85,24.66,348.11,RISING_RISK
32.42,40.17,704.85,45.29,23.03,284.35,NORMAL
27.39,58.5,777.79,42.38,23.83,248.48,RISING_RISK
46.06,55.73,961.15,50.26,24.89,387.99,RISING_RISK
42.82,62.64,992.24,42.41,23.08,354.66,RISING_RISK
40.72,47.84,964.24,36.47,24.63,347.43,RISING_RISK
29.99,38.99,691.38,44.27,22.59,262.64,NORMAL
28.41,60.49,765.67,42.83,24.3,241.13,RISING_RISK
46.5,53.4,960.21,50.0,24.3,387.57,RISING_RISK
43.9,62.91,1008.43,42.23,22.97,361.14,STAGNATION_PREDICTED
39.88,51.65,971.7,37.4,24.95,345.88,RISING_RISK
27.34,40.19,685.8,42.68,22.8,251.74,NORMAL
28.56,59.99,777.36,43.55,24.47,262.95,RISING_RISK
44.68,47.69,937.35,50.45,23.94,388.75,RISING_RISK
44.07,62.04,996.89,43.73,23.1,357.14,RISING_RISK
41.63,51.73,978.28,39.61,25.44,343.05,RISING_RISK
26.87,40.59,676.63,43.21,22.91,246.69,NORMAL
31.06,62.78,804.74,41.96,24.94,259.27,RISING_RISK
43.93,46.7,919.37,49.36,24.0,365.79,RISING_RISK
41.5,61.12,964.99,45.65,23.19,349.94,RISING_RISK
40.19,55.62,992.3,39.05,25.18,337.66,RISING_RISK
28.46,39.37,661.52,43.58,22.44,239.18,NORMAL
32.79,61.88,815.91,41.53,24.54,269.0,RISING_RISK
43.26,44.89,896.78,49.08,23.89,350.96,RISING_RISK
36.85,59.95,942.19,45.93,23.12,342.84,RISING_RISK
39.5,54.47,997.68,39.65,25.16,335.25,RISING_RISK
25.99,35.51,664.39,42.92,22.14,236.64,NORMAL
33.86,61.15,830.26,42.07,24.41,270.7,RISING_RISK
41.01,46.03,875.52,48.16,23.69,341.79,RISING_RISK
37.52,60.57,901.28,44.87,22.76,333.46,RISING_RISK
40.35,57.33,1020.59,40.82,25.46,336.64,STAGNATION_PREDICTED
24.8,34.1,662.24,42.27,22.9,234.68,NORMAL
34.95,65.29,833.63,40.91,24.81,282.38,RISING_RISK
40.32,43.77,853.43,49.48,23.43,341.79,RISING_RISK
34.35,59.6,886.11,46.65,23.31,320.21,RISING_RISK
42.42,56.94,1016.96,39.92,25.54,334.59,STAGNATION_PREDICTED
22.55,37.18,641.0,42.19,22.53,229.93,NORMAL
35.76,62.81,832.67,40.98,24.97,286.34,RISING_RISK
37.2,38.88,841.87,49.95,23.47,333.47,RISING_RISK
34.74,53.85,870.57,47.54,22.72,316.79,RISING_RISK
43.36,56.08,1015.11,41.33,25.28,336.02,STAGNATION_PREDICTED
21.87,36.97,616.39,43.06,22.39,218.73,NORMAL
36.05,63.48,842.8,41.38,25.32,286.2,RISING_RISK
32.6,36.98,825.48,49.93,23.77,336.91,NORMAL
35.29,52.58,869.33,46.96,22.58,304.73,RISING_RISK
43.09,59.41,1021.29,41.74,25.69,343.49,STAGNATION_PREDICTED
22.16,33.24,618.24,43.29,22.02,215.82,NORMAL
35.44,60.92,864.52,41.3,25.1,288.89,RISING_RISK
31.02,36.21,802.96,49.71,24.21,326.08,NORMAL
34.49,53.28,848.45,47.88,22.52,294.18,RISING_RISK
42.07,61.85,1025.99,41.29,25.19,333.88,STAGNATION_PREDICTED
21.32,29.9,610.95,42.34,22.36,206.81,NORMAL
35.97,62.15,883.91,43.57,24.97,299.47,RISING_RISK
28.64,38.41,780.67,50.08,24.78,310.98,NORMAL
32.92,54.34,827.69,46.7,22.83,278.91,RISING_RISK
44.58,63.72,1010.75,41.37,24.84,331.32,STAGNATION_PREDICTED
22.69,30.53,608.95,42.79,22.45,202.85,NORMAL
36.17,63.14,892.27,43.11,24.67,301.13,RISING_RISK
29.9,39.32,777.18,51.27,24.77,310.3,NORMAL
31.17,54.29,816.27,47.3,22.74,281.38,RISING_RISK
45.12,60.59,1025.29,41.36,24.77,341.62,STAGNATION_PREDICTED
22.12,28.63,612.06,42.46,22.58,198.72,NORMAL
35.23,63.98,903.01,39.98,24.94,299.69,RISING_RISK
31.01,38.64,765.45,50.6,25.24,293.29,NORMAL
31.0,54.06,807.12,47.58,22.49,276.5,RISING_RISK
46.58,62.52,1023.23,41.91,24.56,346.06,STAGNATION_PREDICTED
23.02,27.86,611.1,43.92,23.14,204.52,NORMAL
34.96,69.26,931.63,39.29,24.88,302.72,RISING_RISK
29.14,38.61,748.28,49.15,25.07,277.06,NORMAL
28.99,52.99,794.76,47.4,22.67,266.99,RISING_RISK
48.38,58.87,1033.38,41.2,24.39,345.59,STAGNATION_PREDICTED
21.63,28.18,600.51,44.34,22.79,201.48,NORMAL
37.27,70.45,941.31,40.46,25.15,307.14,RISING_RISK
30.86,36.21,726.73,51.09,24.91,281.15,NORMAL
28.17,51.19,765.99,46.66,22.45,258.8,RISING_RISK
48.55,61.98,1041.13,43.73,24.73,348.47,STAGNATION_PREDICTED
22.22,26.76,602.16,45.06,22.65,208.57,NORMAL
37.73,69.93,946.34,40.61,24.97,306.29,RISING_RISK
31.76,36.3,708.82,50.24,24.9,276.44,NORMAL
27.86,51.32,759.16,47.2,22.62,258.95,RISING_RISK
46.28,60.67,1038.44,43.57,24.32,347.12,STAGNATION_PREDICTED
23.02,28.83,591.53,44.47,22.31,196.24,NORMAL
35.92,68.84,955.26,42.14,25.27,307.76,RISING_RISK
28.99,35.67,695.69,48.82,25.02,260.13,NORMAL
30.2,49.15,749.94,46.28,22.96,237.88,NORMAL
46.03,60.98,1051.4,44.34,24.14,349.18,STAGNATION_PREDICTED
20.97,26.72,582.64,43.7,22.34,191.71,NORMAL
37.82,66.81,963.25,42.54,24.62,310.0,RISING_RISK
28.16,35.53,688.02,48.62,25.24,252.36,NORMAL
30.27,49.64,735.1,47.21,23.14,240.91,NORMAL
45.77,58.84,1023.16,45.08,24.44,330.1,STAGNATION_PREDICTED
20.97,26.35,571.79,43.56,22.79,186.67,NORMAL
38.39,68.08,985.22,42.83,24.62,321.33,RISING_RISK
29.21,33.49,686.14,48.11,25.34,239.83,NORMAL
27.47,46.08,730.81,46.06,23.58,220.07,NORMAL
43.09,54.29,998.6,45.39,24.54,318.01,RISING_RISK
21.01,25.25,566.4,43.54,23.18,185.66,NORMAL
39.37,68.57,997.52,42.96,24.97,324.5,RISING_RISK
28.96,30.96,670.39,48.67,25.46,239.62,NORMAL
25.91,44.79,704.57,46.97,23.41,217.41,NORMAL
38.35,53.29,978.57,46.19,24.73,305.69,RISING_RISK
21.38,22.5,559.59,42.01,23.59,191.13,NORMAL
39.92,68.11,990.92,43.56,24.89,319.95,RISING_RISK
26.8,29.21,654.03,48.39,25.52,241.51,NORMAL
29.64,43.02,698.21,46.11,23.56,208.62,NORMAL
36.38,51.87,957.28,45.56,24.38,300.98,RISING_RISK
19.75,22.65,547.03,45.13,23.36,194.64,NORMAL
40.82,69.64,987.03,43.02,25.11,331.34,RISING_RISK
23.87,27.77,636.73,47.49,25.28,237.07,NORMAL
29.32,43.4,689.57,45.72,23.48,217.09,NORMAL
33.82,47.82,930.9,47.6,24.57,303.68,NORMAL
19.65,20.43,555.64,45.5,23.0,201.28,NORMAL
40.81,69.45,982.83,42.22,25.36,338.05,RISING_RISK
23.19,27.08,636.87,47.9,26.13,234.86,NORMAL
27.73,41.2,676.6,46.54,23.85,209.92,NORMAL
31.51,46.97,922.72,47.43,24.66,295.65,NORMAL
18.67,21.78,552.35,46.78,23.46,203.01,NORMAL
40.91,65.12,955.59,43.11,25.46,322.4,RISING_RISK
22.51,27.34,636.14,47.63,26.36,227.03,NORMAL
24.7,41.84,662.22,45.79,23.73,208.27,NORMAL
32.48,49.03,924.12,48.13,24.78,310.47,NORMAL
17.37,20.54,537.52,46.97,23.33,202.41,NORMAL
38.35,64.07,939.77,43.02,25.1,308.65,RISING_RISK
22.13,30.72,623.12,46.81,26.55,223.54,NORMAL
23.59,39.56,651.81,47.72,23.81,210.98,NORMAL
33.71,46.96,935.57,48.4,24.44,317.48,NORMAL
14.88,19.25,531.07,48.43,23.55,199.47,NORMAL
37.27,58.81,919.77,43.68,24.94,300.26,RISING_RISK
23.55,27.28,598.38,47.01,26.48,217.97,NORMAL
24.36,38.62,630.51,46.8,24.08,188.11,NORMAL
37.0,49.54,939.57,48.29,24.54,314.32,RISING_RISK
15.04,20.74,525.08,50.83,23.14,215.22,NORMAL
36.81,59.42,892.09,44.92,24.48,300.71,RISING_RISK
22.24,26.02,594.16,46.82,26.12,212.55,NORMAL
22.04,36.06,626.63,45.6,23.99,185.05,NORMAL
36.06,51.05,932.79,48.5,24.58,317.36,RISING_RISK
13.14,22.03,528.69,51.21,23.39,220.59,NORMAL
35.94,57.57,880.27,44.49,25.08,298.97,RISING_RISK
21.84,28.88,586.45,48.35,25.82,213.98,NORMAL
19.17,36.86,630.79,44.12,24.12,183.43,NORMAL
39.3,52.95,950.58,49.79,24.24,323.9,RISING_RISK
11.33,20.59,525.27,51.06,23.51,220.56,NORMAL
34.33,58.41,868.01,43.91,24.65,290.56,RISING_RISK
21.52,28.48,585.36,48.24,25.34,205.47,NORMAL
20.52,31.73,637.92,44.25,23.68,181.2,NORMAL
38.76,50.24,962.35,49.71,23.9,331.24,RISING_RISK
13.05,15.88,521.34,50.92,23.62,196.59,NORMAL
31.36,54.87,842.16,43.81,24.55,273.81,RISING_RISK
18.45,28.13,587.74,48.61,25.46,203.4,NORMAL
22.97,35.04,634.29,45.01,23.62,177.73,NORMAL
40.16,49.22,967.77,48.5,23.81,333.28,RISING_RISK
14.29,19.58,529.28,50.97,23.73,202.13,NORMAL
26.75,50.72,824.04,44.69,24.76,263.74,RISING_RISK
17.43,27.57,590.13,48.79,25.48,206.11,NORMAL
22.87,32.13,627.23,46.2,23.48,177.76,NORMAL
38.54,53.45,974.17,48.57,23.81,351.5,RISING_RISK
14.94,20.17,527.72,49.94,24.21,199.95,NORMAL
28.48,51.09,802.7,46.35,25.34,266.3,RISING_RISK
17.23,27.45,578.96,49.8,25.72,199.56,NORMAL
24.44,30.08,626.99,45.65,23.2,174.77,NORMAL
41.48,54.76,990.83,49.62,23.38,369.9,RISING_RISK
13.46,23.11,527.97,49.1,23.68,191.32,NORMAL
24.72,49.72,803.67,47.28,25.42,255.4,NORMAL
18.44,25.37,573.32,50.45,25.47,199.75,NORMAL
24.83,31.89,619.53,45.38,23.28,166.6,NORMAL
43.09,54.85,1003.55,50.2,23.37,371.05,STAGNATION_PREDICTED
11.87,22.23,518.51,49.36,23.75,188.55,NORMAL
23.18,48.0,797.93,46.78,25.75,248.27,NORMAL
21.19,24.99,591.97,49.82,25.31,213.78,NORMAL
24.29,29.31,609.19,44.88,22.68,166.16,NORMAL
43.92,56.9,1010.93,50.3,23.3,367.69,STAGNATION_PREDICTED
12.04,22.25,517.95,49.19,23.79,184.44,NORMAL
18.77,46.05,770.39,46.93,25.62,257.71,NORMAL
25.71,26.09,622.7,49.18,25.82,215.77,NORMAL
22.63,31.24,621.99,45.1,22.64,175.1,NORMAL
46.73,56.63,1011.19,49.73,23.21,368.5,STAGNATION_PREDICTED
12.07,21.47,530.66,50.85,23.76,193.2,NORMAL
17.82,43.7,767.03,47.22,25.41,252.96,NORMAL
27.96,29.01,646.94,47.83,25.58,225.81,NORMAL
22.8,30.04,610.47,43.91,22.44,171.84,NORMAL
47.95,53.33,1007.54,49.54,23.33,373.27,STAGNATION_PREDICTED
9.67,19.73,525.59,48.49,23.96,187.25,NORMAL
16.16,45.25,752.69,47.91,25.54,249.28,NORMAL
31.39,29.96,672.22,48.09,25.33,240.73,NORMAL
21.19,29.21,595.39,43.02,22.76,171.47,NORMAL
45.23,50.12,1011.4,47.61,23.18,370.72,STAGNATION_PREDICTED
7.52,19.13,525.03,49.21,23.99,191.29,NORMAL
14.98,44.42,733.13,47.69,25.55,252.24,NORMAL
29.54,31.56,690.58,48.78,24.94,248.45,NORMAL
22.59,30.64,611.19,40.65,23.21,174.11,NORMAL
46.67,52.69,1007.67,47.02,22.59,366.43,STAGNATION_PREDICTED
7.15,16.81,507.29,50.22,24.26,193.39,NORMAL
12.99,39.0,725.6,46.88,25.53,245.27,NORMAL
32.18,34.27,702.39,49.37,24.66,250.94,NORMAL
24.98,36.24,652.93,42.16,22.94,190.7,NORMAL
46.52,52.17,1010.48,46.83,22.32,366.95,STAGNATION_PREDICTED
5.95,18.77,492.96,48.59,24.28,179.1,NORMAL
12.61,35.61,714.89,47.77,25.49,229.95,NORMAL
32.69,36.41,720.6,50.61,24.62,279.62,NORMAL
25.87,40.38,688.42,41.38,23.54,194.97,NORMAL
46.2,55.68,1010.5,47.15,22.59,372.86,STAGNATION_PREDICTED
5.48,18.9,486.51,48.87,24.31,178.87,NORMAL
11.67,35.78,714.47,48.12,25.08,215.37,NORMAL
34.3,37.15,738.73,49.65,24.91,288.55,NORMAL
26.7,43.01,706.56,41.61,23.83,195.09,NORMAL
47.53,56.1,1022.95,46.5,22.39,379.65,STAGNATION_PREDICTED
6.13,17.22,493.01,49.09,24.29,178.25,NORMAL
10.86,32.14,711.77,47.41,24.95,211.45,NORMAL
33.57,38.69,744.45,49.52,24.47,297.21,NORMAL
27.79,43.87,733.74,39.75,24.05,194.78,NORMAL
49.22,56.42,1013.7,46.96,22.17,388.44,STAGNATION_PREDICTED
7.59,16.64,512.05,48.08,23.83,164.09,NORMAL
11.56,29.05,701.65,46.0,24.65,199.65,NORMAL
33.48,43.49,769.2,50.2,24.23,308.64,NORMAL
29.31,46.02,757.06,41.09,23.61,195.94,NORMAL
50.25,58.01,1028.18,47.2,21.9,385.2,STAGNATION_PREDICTED
6.65,18.6,509.25,48.42,24.18,164.19,NORMAL
8.62,28.14,687.99,47.29,24.5,194.81,NORMAL
36.26,42.68,785.63,49.5,24.31,304.03,RISING_RISK
29.65,48.78,786.83,43.15,24.27,207.37,NORMAL
51.75,59.01,1039.97,48.18,22.29,401.32,STAGNATION_PREDICTED
6.51,20.23,514.82,50.5,24.15,182.83,NORMAL
10.91,30.45,684.28,46.99,24.83,197.01,NORMAL
36.85,45.21,808.66,47.88,24.43,310.63,RISING_RISK
31.75,52.07,804.45,43.52,24.29,215.71,RISING_RISK
53.69,57.9,1046.1,47.58,22.13,406.34,STAGNATION_PREDICTED
8.53,21.91,492.01,50.76,23.67,189.5,NORMAL
11.82,32.51,655.19,48.66,24.49,199.53,NORMAL
38.65,42.64,804.98,47.61,24.81,309.17,RISING_RISK
33.69,51.27,837.65,45.41,24.39,234.47,RISING_RISK
52.72,56.24,1042.89,46.53,22.22,401.61,STAGNATION_PREDICTED
7.37,25.63,487.23,50.85,23.88,190.24,NORMAL
11.06,28.51,644.63,48.14,24.48,188.71,NORMAL
37.97,41.27,802.63,49.42,24.64,321.02,RISING_RISK
32.64,52.05,864.68,45.24,24.45,249.54,RISING_RISK
53.64,57.62,1043.33,47.81,22.08,405.2,STAGNATION_PREDICTED
5.23,22.28,477.35,50.06,23.92,183.73,NORMAL
8.81,28.26,645.41,50.08,23.87,190.44,NORMAL
38.01,43.54,826.93,49.91,24.66,338.61,RISING_RISK
33.5,53.44,867.6,45.37,24.41,263.68,RISING_RISK
49.76,59.28,1052.05,47.48,22.28,404.74,STAGNATION_PREDICTED
6.7,25.88,473.99,49.06,24.07,172.08,NORMAL
7.37,32.14,628.32,50.26,23.38,194.77,NORMAL
38.09,46.57,831.28,50.28,24.9,342.97,RISING_RISK
33.94,55.88,875.13,44.34,24.38,270.37,RISING_RISK
49.06,61.39,1048.01,48.22,22.05,409.71,STAGNATION_PREDICTED
10.41,27.13,480.0,49.6,24.35,166.55,NORMAL
6.91,32.04,635.08,52.13,23.83,207.9,NORMAL
40.61,46.91,841.98,50.83,24.36,355.05,RISING_RISK
35.1,53.39,905.43,44.55,24.52,280.16,RISING_RISK
49.11,60.74,1059.74,48.91,22.46,414.7,STAGNATION_PREDICTED
8.94,30.02,482.06,50.28,24.22,165.2,NORMAL
8.39,31.66,623.27,52.39,24.43,208.28,NORMAL
39.68,44.59,843.56,51.31,24.47,361.09,RISING_RISK
36.58,54.2,911.15,44.27,24.48,276.77,RISING_RISK
48.78,62.5,1052.63,49.8,22.7,416.36,STAGNATION_PREDICTED
8.75,30.25,486.18,50.41,23.96,168.43,NORMAL
8.77,29.82,624.7,52.45,24.68,205.83,NORMAL
39.17,45.14,856.83,50.18,24.79,362.66,RISING_RISK
40.4,56.61,913.16,44.06,24.91,275.25,RISING_RISK
50.72,61.85,1051.52,50.49,22.33,423.16,STAGNATION_PREDICTED
10.67,32.45,491.82,49.65,23.68,161.16,NORMAL
8.71,24.97,623.23,52.34,24.44,200.01,NORMAL
41.98,45.16,888.38,49.99,24.76,365.84,RISING_RISK
39.62,58.39,913.97,45.74,25.17,278.53,RISING_RISK
49.26,63.78,1057.82,51.22,22.5,418.09,STAGNATION_PREDICTED
11.97,30.42,483.48,48.67,24.32,161.06,NORMAL
8.77,23.9,621.15,51.58,24.82,191.82,NORMAL
42.9,47.32,889.14,49.51,24.14,366.06,RISING_RISK
39.38,59.97,915.86,47.97,25.04,295.44,RISING_RISK
46.95,64.98,1051.34,51.68,22.69,424.39,STAGNATION_PREDICTED
13.55,27.36,488.51,48.03,24.15,161.21,NORMAL
9.21,25.23,615.3,51.79,24.73,195.7,NORMAL
43.17,50.35,899.27,50.15,24.15,367.02,RISING_RISK
37.93,61.82,930.48,48.29,25.09,300.19,RISING_RISK
45.93,60.64,1020.88,51.88,22.34,410.57,STAGNATION_PREDICTED
14.39,24.99,496.39,47.98,24.21,151.75,NORMAL
8.8,24.76,606.57,49.59,24.92,179.57,NORMAL
41.31,55.68,925.87,47.25,23.96,358.65,RISING_RISK
38.36,59.59,947.56,49.6,25.45,315.63,RISING_RISK
45.88,61.63,990.96,53.89,22.92,392.45,RISING_RISK
10.7,24.42,499.87,47.1,24.33,143.61,NORMAL
11.77,26.08,601.08,49.17,24.87,177.37,NORMAL
41.6,54.09,932.94,46.73,24.3,354.86,RISING_RISK
41.6,61.01,954.7,51.15,25.07,322.53,RISING_RISK
44.58,56.24,973.71,54.15,23.5,384.8,RISING_RISK
10.0,23.89,482.74,47.31,24.43,144.85,NORMAL
13.87,25.31,604.33,47.5,24.41,175.38,NORMAL
41.77,54.98,935.01,45.97,24.29,367.53,RISING_RISK
41.81,59.83,953.79,49.88,25.06,329.9,RISING_RISK
44.32,54.1,964.19,54.33,23.63,367.96,RISING_RISK
9.49,24.59,493.59,47.28,24.54,138.36,NORMAL
13.86,26.65,601.88,47.99,24.46,179.29,NORMAL
41.27,56.38,936.0,46.56,24.37,365.31,RISING_RISK
42.0,58.93,973.27,49.97,24.72,332.54,RISING_RISK
44.3,50.12,929.67,51.76,23.2,359.43,RISING_RISK
10.69,23.61,484.49,48.89,25.12,142.08,NORMAL
15.91,26.74,596.35,47.25,24.74,170.14,NORMAL
40.03,50.1,923.42,47.33,24.16,356.26,RISING_RISK
42.21,62.23,981.57,50.19,24.63,343.95,RISING_RISK
41.76,50.36,905.79,51.1,23.0,343.27,RISING_RISK
11.05,27.36,478.69,48.28,24.44,134.7,NORMAL
13.46,24.01,599.0,47.44,24.85,177.45,NORMAL
37.5,47.39,903.38,48.54,24.7,358.34,RISING_RISK
41.22,59.95,989.83,48.36,24.41,343.84,RISING_RISK
39.64,48.1,896.86,50.89,23.33,339.23,RISING_RISK
9.58,29.18,486.36,48.66,24.32,127.83,NORMAL
13.64,25.85,641.29,48.37,24.61,194.82,NORMAL
37.95,48.03,880.35,47.57,25.12,359.07,RISING_RISK
41.85,59.44,1004.19,47.61,23.95,353.56,STAGNATION_PREDICTED
37.31,47.99,877.46,51.19,23.22,326.5,RISING_RISK
7.99,26.39,476.57,47.89,23.85,123.22,NORMAL
14.5,33.56,665.65,49.52,24.99,212.09,NORMAL
35.69,47.21,854.41,47.32,24.64,343.25,RISING_RISK
42.8,58.63,1014.42,48.86,24.36,362.15,STAGNATION_PREDICTED
33.25,46.77,853.53,49.1,23.04,316.91,NORMAL
9.01,27.33,483.54,48.11,23.76,139.92,NORMAL
15.03,31.66,692.47,50.07,24.81,229.16,NORMAL
34.65,43.91,838.03,48.02,24.49,335.73,NORMAL
42.45,60.38,1022.57,51.21,24.83,380.67,STAGNATION_PREDICTED
33.99,47.07,845.6,48.93,23.11,311.18,NORMAL
6.26,24.48,487.25,47.73,23.91,141.07,NORMAL
16.31,35.46,707.37,48.97,25.28,241.6,NORMAL
34.74,41.27,818.69,48.58,24.82,333.48,NORMAL
41.78,59.94,1030.6,49.53,25.11,383.61,STAGNATION_PREDICTED
32.61,40.22,805.17,49.06,23.4,293.75,NORMAL
3.26,24.21,490.66,47.38,24.13,154.27,NORMAL
21.86,38.36,728.01,49.39,24.97,252.1,NORMAL
34.3,37.92,804.29,49.02,24.69,328.51,NORMAL
41.84,59.79,1022.28,48.88,25.12,384.45,STAGNATION_PREDICTED
32.09,40.72,783.63,48.87,23.66,292.58,NORMAL
2.38,24.13,499.48,49.3,23.74,165.84,NORMAL
22.4,40.92,734.93,48.72,25.22,253.21,NORMAL
33.42,36.93,800.46,48.64,25.14,313.33,NORMAL
42.12,61.49,1013.5,47.61,25.1,386.21,STAGNATION_PREDICTED
31.26,38.38,767.31,49.38,24.1,284.95,NORMAL
4.37,25.16,502.96,50.8,23.96,173.27,NORMAL
23.19,42.24,745.88,47.82,24.89,264.27,NORMAL
30.55,34.03,779.41,48.11,25.46,311.14,NORMAL
41.6,65.51,1012.65,48.27,25.5,389.4,STAGNATION_PREDICTED
31.25,36.89,757.96,49.15,24.56,270.9,NORMAL
8.1,22.65,504.8,50.53,23.9,165.9,NORMAL
23.55,46.43,748.05,48.29,25.53,266.16,NORMAL
28.62,35.65,786.85,47.51,25.87,301.49,NORMAL
42.68,66.12,1013.69,47.88,25.52,395.32,STAGNATION_PREDICTED
31.01,37.79,739.94,50.5,24.41,264.6,NORMAL
8.87,20.81,511.44,51.6,23.88,171.32,NORMAL
24.39,47.2,778.46,48.1,25.37,276.11,NORMAL
29.53,36.02,776.62,47.57,25.64,299.48,NORMAL
43.61,67.32,1027.5,46.34,25.77,394.03,STAGNATION_PREDICTED
27.58,36.76,727.46,51.33,24.55,263.56,NORMAL
8.63,20.51,499.6,52.44,23.21,168.46,NORMAL
26.47,51.85,804.78,48.58,25.5,287.94,RISING_RISK
28.18,36.44,781.47,46.94,25.81,289.25,NORMAL
46.53,65.51,1035.49,47.22,25.39,395.55,STAGNATION_PREDICTED
27.7,35.73,720.5,51.71,24.53,263.46,NORMAL
7.66,21.04,506.47,51.22,23.18,166.28,NORMAL
27.67,49.47,811.38,49.19,25.73,301.28,NORMAL
28.85,35.93,767.14,46.99,25.85,276.01,NORMAL
48.73,62.53,1038.41,47.01,25.74,400.29,STAGNATION_PREDICTED
27.37,37.0,711.79,52.64,24.55,251.06,NORMAL
7.32,21.75,509.7,50.04,22.76,165.32,NORMAL
31.15,50.13,829.58,47.34,25.51,291.65,RISING_RISK
28.09,34.73,759.01,47.36,26.29,277.78,NORMAL
49.58,64.32,1039.88,46.29,25.87,408.12,STAGNATION_PREDICTED
27.23,37.84,709.13,52.28,24.57,243.53,NORMAL
6.34,19.61,515.19,49.63,22.49,164.87,NORMAL
32.32,53.45,843.64,45.97,26.19,290.71,RISING_RISK
28.01,33.9,757.86,46.88,26.17,278.44,NORMAL
49.88,63.14,1049.64,45.92,25.28,408.53,STAGNATION_PREDICTED
26.8,33.63,701.87,51.58,24.52,244.68,NORMAL
9.71,17.89,516.29,48.09,22.72,153.51,NORMAL
34.32,55.04,864.76,46.12,26.24,295.06,RISING_RISK
26.87,36.84,740.93,45.42,26.26,264.02,NORMAL
48.14,65.3,1028.31,46.38,25.04,400.85,STAGNATION_PREDICTED
25.26,33.86,687.16,52.07,24.33,241.25,NORMAL
9.77,13.26,532.7,48.21,23.4,151.46,NORMAL
34.83,54.55,874.47,46.22,26.28,302.94,RISING_RISK
24.79,37.31,710.23,45.77,25.51,255.05,NORMAL
45.88,62.67,1001.3,47.22,25.5,393.38,STAGNATION_PREDICTED
25.94,34.93,692.47,51.99,24.16,236.42,NORMAL
9.59,14.06,534.55,49.02,23.55,153.7,NORMAL
35.86,56.04,898.01,48.85,25.81,315.53,RISING_RISK
22.93,35.57,687.86,48.03,25.49,245.12,NORMAL
42.79,59.95,967.26,47.94,25.93,382.34,RISING_RISK
24.56,36.2,692.88,53.85,23.85,236.52,NORMAL
8.59,14.02,546.59,47.99,23.49,158.72,NORMAL
35.64,55.46,906.16,49.41,25.61,320.13,RISING_RISK
21.04,32.66,689.92,48.74,26.08,245.92,NORMAL
40.93,57.3,941.56,47.99,26.29,364.58,RISING_RISK
22.12,32.85,678.94,53.88,23.78,235.53,NORMAL
10.22,12.23,540.11,46.53,23.57,150.76,NORMAL
36.85,56.78,911.67,47.79,25.98,309.48,RISING_RISK
20.06,32.85,669.99,49.77,26.13,244.78,NORMAL
37.97,54.46,920.99,47.78,26.61,354.07,RISING_RISK
21.08,31.32,672.35,54.57,23.95,237.01,NORMAL
10.78,12.83,546.51,46.7,23.7,146.91,NORMAL
38.12,58.79,918.07,48.93,26.27,317.16,RISING_RISK
20.09,30.81,663.28,48.97,26.27,238.34,NORMAL
37.85,53.85,889.73,47.47,26.16,347.03,RISING_RISK
21.87,27.57,673.13,53.59,23.5,222.77,NORMAL
9.66,10.46,550.27,47.5,24.19,142.25,NORMAL
39.74,58.37,923.55,49.57,26.23,326.21,RISING_RISK
21.98,31.04,669.99,49.37,25.85,235.56,NORMAL
36.25,52.09,873.64,46.02,25.68,343.77,RISING_RISK
23.98,28.13,673.93,53.9,23.34,221.28,NORMAL
10.33,10.31,543.98,48.56,24.69,150.89,NORMAL
36.91,59.26,930.16,48.81,26.2,324.23,RISING_RISK
20.26,33.04,653.94,48.05,25.61,227.96,NORMAL
38.66,52.41,888.17,45.67,26.05,344.19,RISING_RISK
23.21,24.14,665.79,52.89,23.61,208.38,NORMAL
9.82,9.65,544.95,49.53,24.81,163.78,NORMAL
36.4,57.37,938.68,50.12,26.66,327.07,RISING_RISK
18.59,29.98,642.45,48.29,25.47,226.27,NORMAL
37.65,50.38,907.28,45.26,25.8,349.11,RISING_RISK
22.23,26.12,659.01,50.8,23.42,200.68,NORMAL
10.94,10.75,544.93,48.88,24.69,156.43,NORMAL
37.81,57.91,953.92,50.29,26.61,332.14,RISING_RISK
20.86,30.27,646.73,46.34,25.88,215.8,NORMAL
39.53,52.15,895.25,44.44,26.16,354.95,RISING_RISK
18.85,22.87,645.46,50.5,23.9,200.52,NORMAL
9.48,7.37,534.69,49.32,24.81,155.39,NORMAL
38.9,59.32,968.47,49.73,26.28,339.62,RISING_RISK
22.0,27.6,653.75,45.68,25.74,217.35,NORMAL
40.0,55.54,910.03,45.61,26.48,354.6,RISING_RISK
18.32,21.43,636.76,48.82,24.28,194.57,NORMAL
8.95,9.18,533.73,49.91,24.57,164.9,NORMAL
41.11,61.67,971.33,50.48,26.01,348.8,RISING_RISK
21.4,27.06,658.03,42.94,25.75,210.67,NORMAL
39.17,57.37,912.15,43.88,26.52,354.99,RISING_RISK
15.94,22.12,626.93,50.1,23.86,192.04,NORMAL
7.17,10.74,536.54,50.55,24.6,170.76,NORMAL
40.59,60.3,993.94,52.33,25.59,366.88,RISING_RISK
22.17,30.43,665.48,42.43,25.57,222.84,NORMAL
42.19,55.66,926.62,42.08,26.68,359.01,RISING_RISK
15.06,19.34,614.64,47.64,23.72,180.45,NORMAL
7.54,9.03,545.43,50.37,24.74,167.4,NORMAL
42.37,61.13,1004.21,52.62,25.22,382.33,STAGNATION_PREDICTED
25.05,32.72,680.47,42.18,25.72,239.0,NORMAL
43.56,56.65,950.89,41.23,26.31,363.81,RISING_RISK
16.19,20.04,598.03,47.75,23.9,182.79,NORMAL
8.44,11.3,536.45,50.91,24.94,178.77,NORMAL
42.01,61.39,1018.0,53.8,25.37,396.29,STAGNATION_PREDICTED
23.53,39.44,706.54,43.34,25.66,238.14,NORMAL
44.16,54.38,959.35,42.74,25.72,364.88,RISING_RISK
17.02,21.77,587.42,48.59,23.41,183.81,NORMAL
10.51,11.37,539.6,51.0,24.41,183.86,NORMAL
43.07,59.8,1022.04,54.27,25.4,402.66,STAGNATION_PREDICTED
24.16,42.5,725.94,44.53,25.64,249.48,NORMAL
45.29,55.19,961.9,42.05,25.44,370.43,RISING_RISK
19.12,20.19,577.55,48.0,23.34,176.85,NORMAL
10.47,11.29,537.12,50.98,24.63,172.93,NORMAL
43.01,59.9,1021.54,54.0,25.95,397.35,STAGNATION_PREDICTED
24.8,43.59,739.44,44.74,25.89,258.03,NORMAL
44.2,52.93,956.85,40.89,25.05,373.06,RISING_RISK
19.97,19.42,575.54,46.88,23.47,185.6,NORMAL
12.69,14.12,541.11,50.5,24.71,162.2,NORMAL
43.51,59.06,1042.89,53.4,25.88,392.64,STAGNATION_PREDICTED
25.8,46.7,759.12,44.7,25.79,265.33,NORMAL
44.92,54.42,963.32,41.8,25.02,371.57,RISING_RISK
18.52,22.41,562.97,48.16,23.12,189.52,NORMAL
10.33,16.84,551.17,50.25,25.06,161.43,NORMAL
42.13,56.64,1007.81,52.63,25.74,380.18,STAGNATION_PREDICTED
27.32,48.17,779.39,45.27,26.05,261.75,NORMAL
46.9,57.3,958.16,41.61,25.17,364.79,RISING_RISK
17.57,21.67,560.85,47.38,22.79,190.77,NORMAL
10.49,14.36,539.94,50.45,24.76,166.77,NORMAL
40.01,51.87,991.76,52.96,25.62,367.71,RISING_RISK
29.7,50.19,822.08,43.29,26.07,267.65,RISING_RISK
50.06,55.44,954.26,40.39,25.49,366.48,RISING_RISK
16.73,22.49,544.97,46.96,22.9,195.27,NORMAL
10.49,15.83,543.91,50.8,24.66,169.96,NORMAL
39.08,51.83,966.09,54.16,25.76,378.52,RISING_RISK
33.07,51.78,845.77,42.2,25.92,278.14,RISING_RISK
50.52,59.97,948.76,40.68,25.71,375.56,RISING_RISK
16.57,20.01,541.79,48.33,22.74,191.18,NORMAL
9.63,19.06,541.52,50.65,24.25,165.36,NORMAL
36.3,47.31,940.1,52.45,25.5,356.81,RISING_RISK
35.04,53.27,839.73,41.23,25.92,282.7,RISING_RISK
52.04,62.31,958.91,40.08,25.68,371.36,RISING_RISK
13.38,18.96,550.09,49.63,22.61,191.69,NORMAL
7.92,22.12,548.74,50.71,24.44,169.59,NORMAL
34.15,41.81,907.32,51.5,25.31,343.37,NORMAL
38.4,56.72,840.8,39.66,25.51,277.58,RISING_RISK
52.3,64.67,961.84,39.54,26.13,366.82,RISING_RISK
16.99,21.18,530.82,49.97,22.3,191.63,NORMAL
8.17,23.39,532.68,49.02,24.11,163.97,NORMAL
32.56,41.9,877.08,51.26,25.18,321.36,NORMAL
39.2,54.85,860.29,39.82,25.58,276.62,RISING_RISK
52.72,67.03,954.72,40.96,26.05,357.85,RISING_RISK
16.65,19.68,535.48,50.95,22.75,184.14,NORMAL
10.22,22.93,545.84,49.62,23.63,163.28,NORMAL
30.22,39.74,868.24,50.11,25.06,315.55,NORMAL
38.66,53.99,853.27,38.35,25.52,285.25,RISING_RISK
52.55,65.79,966.91,40.28,25.89,352.57,RISING_RISK
16.75,20.09,537.44,49.49,22.55,187.2,NORMAL
7.5,21.88,545.54,50.67,23.47,172.29,NORMAL
28.13,32.66,851.26,48.98,24.55,302.81,NORMAL
37.8,58.09,858.99,39.92,25.12,292.07,RISING_RISK
51.82,65.97,973.2,39.65,25.46,351.77,RISING_RISK
16.57,19.25,540.94,49.34,22.64,192.34,NORMAL
7.47,21.7,544.72,49.88,22.55,160.79,NORMAL
26.05,29.34,831.0,49.68,24.33,303.93,NORMAL
39.57,61.25,866.72,39.95,25.02,298.19,RISING_RISK
49.32,68.26,977.3,40.99,25.41,339.98,RISING_RISK
14.19,18.0,531.17,50.58,23.34,196.8,NORMAL
5.23,17.79,546.43,50.74,22.17,163.66,NORMAL
22.27,29.28,814.29,49.95,24.11,289.94,NORMAL
36.01,65.28,873.27,40.44,25.05,305.55,RISING_RISK
51.37,69.19,974.21,40.33,25.43,352.34,RISING_RISK
12.31,16.93,539.21,50.53,22.93,187.32,NORMAL
6.56,18.24,536.24,50.41,21.76,160.67,NORMAL
21.96,27.17,804.73,48.58,24.11,291.17,NORMAL
37.03,67.94,872.04,40.36,25.42,308.66,RISING_RISK
53.26,71.22,980.24,41.44,25.39,353.51,RISING_RISK
11.4,18.02,540.47,50.09,22.99,194.2,NORMAL
8.21,18.81,527.49,50.23,21.28,153.0,NORMAL
20.45,26.38,785.58,48.37,24.18,289.51,NORMAL
39.88,70.37,878.12,40.73,25.75,322.24,RISING_RISK
53.53,75.57,981.88,40.56,25.59,358.36,RISING_RISK
11.02,18.14,537.11,49.66,23.17,186.25,NORMAL
10.29,21.57,521.6,50.32,21.74,153.27,NORMAL
20.36,28.74,767.75,48.94,23.32,287.02,NORMAL
39.67,70.26,890.84,40.47,25.7,324.68,RISING_RISK
53.06,76.64,968.64,40.62,25.53,363.65,RISING_RISK
12.07,19.32,529.11,49.69,23.28,189.79,NORMAL
9.87,22.91,523.45,49.0,22.09,146.16,NORMAL
20.83,31.97,745.92,49.31,23.47,286.27,NORMAL
39.9,71.05,900.93,39.45,25.73,323.47,RISING_RISK
50.92,75.39,948.21,40.48,25.64,345.64,RISING_RISK
13.44,19.7,547.61,49.63,22.96,187.23,NORMAL
11.46,22.45,535.01,48.36,22.65,138.91,NORMAL
20.82,27.35,746.95,47.12,23.2,281.55,NORMAL
41.67,71.4,916.94,40.05,25.88,330.83,RISING_RISK
43.55,73.95,921.39,42.2,25.56,328.98,RISING_RISK
13.88,22.63,539.91,51.32,23.09,180.59,NORMAL
9.18,25.34,527.69,47.89,22.64,133.16,NORMAL
21.86,29.06,730.71,46.93,23.71,279.9,NORMAL
42.1,71.43,936.72,39.14,26.54,350.13,RISING_RISK
41.04,71.57,901.81,42.3,25.09,310.34,RISING_RISK
12.34,24.99,534.1,51.58,23.01,175.93,NORMAL
10.13,23.83,537.69,47.24,22.73,127.16,NORMAL
19.38,25.13,714.75,47.59,23.89,287.86,NORMAL
43.66,68.88,941.87,40.34,26.21,349.4,RISING_RISK
39.78,68.73,866.68,42.48,25.19,306.38,RISING_RISK
12.11,26.32,534.95,51.91,23.12,178.47,NORMAL
11.12,28.19,534.56,48.07,22.76,129.11,NORMAL
17.44,27.58,711.02,46.79,24.42,278.96,NORMAL
44.47,71.72,946.59,39.94,25.82,349.02,RISING_RISK
40.29,67.97,844.16,41.4,25.2,293.0,RISING_RISK
10.42,28.17,546.95,50.57,22.9,179.63,NORMAL
12.18,33.34,529.06,47.86,23.19,130.34,NORMAL
18.19,33.82,727.09,46.69,24.31,289.2,NORMAL
43.73,70.49,956.78,40.88,25.77,343.5,RISING_RISK
42.04,66.57,838.99,39.96,25.56,293.15,RISING_RISK
9.91,25.8,546.14,50.33,22.73,179.07,NORMAL
11.27,30.83,531.76,45.78,22.78,115.48,NORMAL
20.63,38.21,762.12,46.48,23.72,294.04,NORMAL
42.28,67.22,934.6,40.09,25.15,338.56,RISING_RISK
38.64,64.43,822.01,40.2,25.32,296.39,RISING_RISK
12.49,27.02,547.06,51.5,22.17,181.81,NORMAL
13.59,32.1,540.34,45.68,22.91,109.23,NORMAL
22.94,41.57,776.58,46.67,23.44,303.04,NORMAL
40.43,65.64,902.52,41.41,24.94,335.87,RISING_RISK
38.19,59.46,805.68,41.22,25.23,298.3,RISING_RISK
10.69,24.64,557.04,50.67,22.33,191.7,NORMAL
13.77,30.47,541.84,45.14,23.13,101.6,NORMAL
24.13,44.13,789.1,46.33,23.46,299.43,NORMAL
39.66,62.43,885.8,40.57,24.84,320.18,RISING_RISK
38.21,57.7,784.86,39.64,25.4,283.23,RISING_RISK
10.29,26.32,538.92,50.75,22.61,190.25,NORMAL
10.69,29.19,532.63,46.9,23.5,116.96,NORMAL
25.11,45.11,809.39,46.35,23.24,305.08,NORMAL
38.0,63.14,867.01,40.55,25.22,297.87,RISING_RISK
34.37,54.67,760.26,37.89,25.16,273.87,RISING_RISK
8.85,26.77,540.14,51.79,22.65,188.78,NORMAL
10.72,28.65,534.31,47.25,23.73,127.64,NORMAL
28.16,47.48,812.7,46.21,22.89,315.77,NORMAL
35.47,57.86,856.29,42.58,25.36,296.74,RISING_RISK
34.02,51.85,732.25,37.73,25.27,274.63,RISING_RISK
7.75,26.52,539.55,52.4,22.31,178.42,NORMAL
10.78,29.35,529.44,47.71,23.96,135.41,NORMAL
30.08,47.76,826.59,45.86,22.88,317.46,NORMAL
33.57,58.15,822.78,42.41,24.79,288.79,RISING_RISK
33.91,50.64,746.86,38.1,24.82,278.89,RISING_RISK
8.0,22.84,536.75,51.99,22.68,171.13,NORMAL
10.56,27.47,532.42,45.57,23.57,119.47,NORMAL
29.77,48.69,833.01,45.22,23.28,323.14,NORMAL
34.28,53.99,809.62,42.62,24.79,281.76,RISING_RISK
35.01,47.65,727.33,38.67,24.56,274.8,RISING_RISK
6.37,24.6,540.16,52.5,22.54,174.0,NORMAL
10.9,25.8,528.28,43.52,23.9,119.27,NORMAL
33.25,52.96,854.19,44.95,23.3,333.09,RISING_RISK
33.78,54.25,801.14,42.24,24.78,274.88,RISING_RISK
36.14,45.19,729.41,39.44,24.54,260.61,RISING_RISK
11.48,26.91,561.25,51.3,22.12,181.35,NORMAL
9.15,30.44,520.56,42.85,23.61,119.36,NORMAL
37.27,54.47,881.06,45.24,23.09,345.99,RISING_RISK
32.45,52.49,794.92,41.92,24.65,274.16,RISING_RISK
36.6,42.63,711.0,40.67,24.34,251.94,RISING_RISK
12.51,29.79,591.81,51.03,22.18,189.84,NORMAL
11.65,30.1,513.19,43.18,23.49,128.22,NORMAL
37.66,53.62,885.76,45.41,23.79,344.76,RISING_RISK
32.57,50.8,776.12,43.32,24.64,265.84,RISING_RISK
37.76,42.57,699.91,40.75,24.63,242.72,RISING_RISK
13.61,30.0,616.01,50.42,22.08,195.62,NORMAL
12.51,35.77,514.18,44.64,23.66,132.24,NORMAL
40.37,55.45,904.33,43.27,24.05,356.59,RISING_RISK
29.1,50.45,769.61,41.38,24.65,258.9,RISING_RISK
35.96,40.21,676.04,40.09,24.96,234.21,RISING_RISK
15.45,32.92,639.82,49.54,22.31,199.02,NORMAL
13.2,34.01,523.39,43.54,23.79,129.86,NORMAL
40.39,59.28,912.27,41.08,23.72,366.08,RISING_RISK
28.25,47.32,769.9,42.51,24.61,254.33,NORMAL
35.21,38.33,682.63,42.83,25.21,243.74,RISING_RISK
18.38,34.17,662.49,47.79,21.97,206.55,NORMAL
17.39,30.4,514.92,44.18,23.93,138.37,NORMAL
40.65,58.48,916.75,40.5,23.86,369.58,RISING_RISK
29.01,40.93,760.36,42.84,24.82,248.69,NORMAL
34.83,36.35,676.25,42.11,24.71,230.14,NORMAL
20.04,35.77,677.26,48.23,22.23,222.27,NORMAL
16.01,29.04,502.98,44.74,24.24,144.12,NORMAL
42.76,57.94,927.01,40.88,24.16,368.88,RISING_RISK
24.95,40.21,729.57,42.08,25.23,243.03,NORMAL
32.39,39.44,658.94,42.79,25.08,232.34,NORMAL
19.15,34.88,690.12,47.35,22.92,223.54,NORMAL
14.0,30.55,516.41,43.95,24.74,146.71,NORMAL
36.31,59.19,902.27,39.54,23.88,357.59,RISING_RISK
24.33,40.59,722.43,42.06,25.68,244.62,NORMAL
31.49,35.06,648.48,40.03,24.65,223.73,NORMAL
17.06,34.66,707.73,46.82,23.01,229.82,NORMAL
14.12,31.06,518.43,45.21,24.32,141.15,NORMAL
34.92,59.55,891.05,40.49,23.62,344.71,RISING_RISK
23.32,35.95,709.01,40.73,25.69,240.36,NORMAL
31.17,35.85,651.39,40.79,24.79,216.14,NORMAL
17.43,34.25,731.54,47.1,23.29,248.19,NORMAL
13.74,27.87,514.93,46.8,24.56,155.28,NORMAL
33.76,57.88,861.35,41.56,23.2,345.62,RISING_RISK
21.45,33.58,712.41,41.2,26.1,229.01,NORMAL
29.54,36.45,650.26,38.98,24.85,211.11,NORMAL
18.17,33.69,749.9,45.13,23.49,245.37,NORMAL
13.63,30.19,518.86,44.74,24.58,140.54,NORMAL
30.75,55.6,841.29,42.27,23.11,333.67,RISING_RISK
21.26,35.64,699.27,39.94,25.9,215.64,NORMAL
28.85,38.09,632.55,38.37,24.48,206.37,NORMAL
17.82,39.04,765.65,44.99,24.21,249.27,NORMAL
12.91,27.57,514.67,43.37,25.11,144.57,NORMAL
30.02,54.4,829.9,44.33,23.68,323.39,RISING_RISK
22.13,37.08,689.33,38.51,26.14,210.15,NORMAL
29.71,38.85,612.19,37.05,24.61,201.28,NORMAL
22.74,41.91,783.39,45.47,24.16,260.53,NORMAL
13.99,26.11,523.45,44.42,24.59,145.78,NORMAL
27.64,55.21,800.25,44.34,23.91,326.29,RISING_RISK
22.19,35.99,660.5,39.76,26.22,207.3,NORMAL
27.65,37.87,601.28,37.93,24.45,200.04,NORMAL
26.28,45.99,806.53,46.35,24.11,276.8,NORMAL
14.79,23.41,519.01,46.17,24.37,154.54,NORMAL
27.39,52.99,788.93,44.94,24.18,320.56,RISING_RISK
20.22,35.01,656.84,39.85,26.19,192.46,NORMAL
28.99,38.25,590.96,36.07,23.53,200.56,NORMAL
27.31,44.76,831.62,46.89,23.92,290.72,NORMAL
14.08,24.16,509.74,44.11,24.29,146.9,NORMAL
25.66,53.91,779.65,45.51,24.31,313.69,RISING_RISK
19.15,32.52,633.49,40.82,26.44,185.75,NORMAL
27.53,41.35,564.82,34.62,23.88,198.02,NORMAL
29.53,45.49,843.21,46.44,23.65,305.21,NORMAL
14.99,31.57,499.51,43.5,24.08,151.81,NORMAL
23.6,52.65,765.0,46.02,24.35,312.18,RISING_RISK
19.66,33.9,622.22,43.23,26.85,186.59,NORMAL
25.12,43.65,556.46,33.94,23.68,197.72,NORMAL
32.82,46.75,847.5,46.13,23.78,311.87,NORMAL
18.06,29.87,535.14,41.88,24.18,169.12,NORMAL
21.16,50.63,745.07,44.72,24.12,299.52,RISING_RISK
18.39,31.69,608.29,43.74,26.88,184.87,NORMAL
23.92,42.38,553.98,35.06,23.31,190.65,NORMAL
35.55,49.77,870.35,45.19,23.61,312.18,RISING_RISK
19.65,33.9,567.84,40.88,23.89,189.0,NORMAL
17.54,49.76,741.48,44.63,23.58,298.14,NORMAL
19.33,35.47,587.99,44.2,26.83,180.9,NORMAL
25.61,43.44,548.54,35.72,23.53,188.65,NORMAL
36.36,51.31,885.51,45.1,23.23,316.33,RISING_RISK
23.73,36.74,600.34,40.48,23.99,200.43,NORMAL
18.03,47.17,728.47,45.64,23.87,294.22,NORMAL
19.29,36.49,597.17,44.92,27.08,183.12,NORMAL
25.11,45.57,547.32,37.42,23.34,180.93,NORMAL
36.51,51.57,890.02,43.26,22.95,318.3,RISING_RISK
24.71,40.3,616.37,40.14,24.44,216.71,NORMAL
19.89,44.82,717.98,46.4,23.71,274.63,NORMAL
17.79,36.66,595.66,42.81,27.18,174.22,NORMAL
24.86,43.67,537.24,38.23,23.38,191.38,NORMAL
37.77,51.73,905.68,42.4,23.11,319.53,RISING_RISK
25.17,41.59,620.72,40.42,24.1,220.76,NORMAL
18.07,46.6,697.61,45.59,23.29,268.3,NORMAL
16.52,34.82,597.18,42.83,27.09,174.88,NORMAL
23.92,44.58,547.28,39.28,23.31,186.44,NORMAL
40.53,55.55,909.89,42.16,23.09,325.06,RISING_RISK
27.96,45.94,628.8,39.79,23.88,223.09,NORMAL
19.07,44.44,689.34,46.61,23.38,270.89,NORMAL
17.07,36.26,599.88,41.3,27.08,178.53,NORMAL
23.78,45.55,555.87,37.63,23.19,183.38,NORMAL
43.65,57.33,913.97,42.67,23.97,331.27,RISING_RISK
29.13,45.14,652.56,38.57,24.08,236.66,NORMAL
18.0,43.93,682.96,47.29,23.69,276.41,NORMAL
14.16,36.72,579.9,42.23,26.54,174.33,NORMAL
20.68,44.01,539.67,37.9,23.14,179.89,NORMAL
46.53,58.89,923.21,43.1,24.16,337.28,RISING_RISK
29.75,46.88,675.32,38.66,24.11,247.8,NORMAL
18.59,41.45,668.79,47.28,23.96,271.79,NORMAL
14.59,36.93,573.47,43.62,26.27,171.89,NORMAL
21.64,42.4,545.54,38.51,23.18,177.72,NORMAL
46.51,58.15,924.14,41.9,24.33,333.58,RISING_RISK
29.48,48.79,702.0,40.28,24.32,254.3,NORMAL
19.6,39.09,668.25,45.51,24.2,253.68,NORMAL
14.93,36.44,561.58,43.2,25.95,164.2,NORMAL
20.27,41.84,540.86,37.05,22.95,168.51,NORMAL
46.83,56.35,934.53,41.72,24.32,344.43,RISING_RISK
29.65,49.45,715.13,39.88,24.38,258.63,NORMAL
18.7,40.28,653.27,44.65,23.98,247.79,NORMAL
19.58,35.08,554.24,42.34,25.82,160.68,NORMAL
20.25,41.79,541.34,35.82,22.97,176.78,NORMAL
45.31,58.52,937.92,42.2,24.54,343.31,RISING_RISK
31.86,50.58,732.34,41.33,24.11,271.21,RISING_RISK
17.99,37.2,643.96,44.48,23.74,241.9,NORMAL
22.44,32.71,556.94,41.07,25.91,175.23,NORMAL
19.25,42.54,539.94,35.62,23.1,172.09,NORMAL
44.72,57.88,942.36,41.89,25.03,341.4,RISING_RISK
32.56,54.96,752.13,41.04,23.97,278.35,RISING_RISK
18.65,38.95,641.06,43.98,24.22,233.1,NORMAL
23.21,32.96,556.85,38.82,25.82,162.55,NORMAL
19.29,39.57,532.46,34.93,23.01,175.23,NORMAL
45.15,58.48,956.07,41.81,24.82,338.54,RISING_RISK
36.94,55.62,768.43,38.53,24.06,286.91,RISING_RISK
18.36,37.54,635.45,43.85,24.34,236.43,NORMAL
21.61,30.34,561.37,38.66,25.59,150.62,NORMAL
19.32,37.82,535.13,34.56,23.82,176.64,NORMAL
46.92,59.83,958.32,42.91,25.08,334.6,RISING_RISK
40.3,57.23,789.97,37.18,23.98,295.67,RISING_RISK
15.94,38.81,622.98,44.16,24.26,235.2,NORMAL
20.61,28.57,568.96,38.99,25.37,147.28,NORMAL
17.53,35.56,540.89,33.08,23.74,172.75,NORMAL
51.0,61.1,982.81,41.74,25.17,339.25,RISING_RISK
41.7,57.95,786.42,37.04,24.41,304.45,RISING_RISK
15.74,40.47,611.91,43.92,24.47,226.86,NORMAL
22.64,25.26,568.12,37.93,25.4,145.71,NORMAL
15.28,35.96,542.51,31.45,22.98,177.98,NORMAL
51.55,65.12,980.17,41.16,25.22,331.63,RISING_RISK
40.51,62.39,810.41,36.28,24.52,297.43,RISING_RISK
17.31,41.72,598.79,46.28,24.38,218.34,NORMAL
22.93,25.25,557.79,39.05,25.75,141.06,NORMAL
15.48,35.01,541.12,30.68,23.13,174.36,NORMAL
48.92,66.93,989.04,42.32,24.88,340.09,RISING_RISK
40.78,62.4,818.62,37.16,23.81,300.42,RISING_RISK
15.64,38.48,603.1,45.21,24.29,205.64,NORMAL
21.25,20.8,549.37,39.06,25.78,141.16,NORMAL
15.67,35.5,536.71,30.5,22.86,165.21,NORMAL
49.78,68.71,997.01,42.39,24.05,341.41,RISING_RISK
38.64,62.38,836.84,37.65,23.82,306.6,RISING_RISK
17.24,36.12,599.1,45.18,24.48,194.87,NORMAL
19.89,22.41,536.41,39.4,25.46,145.21,NORMAL
13.58,33.35,530.96,31.75,23.84,165.96,NORMAL
50.33,66.86,984.35,42.46,24.22,341.27,RISING_RISK
39.81,60.58,853.47,37.61,23.81,310.8,RISING_RISK
17.8,34.53,597.13,43.19,24.52,180.15,NORMAL
19.43,20.88,538.42,38.8,25.39,148.03,NORMAL
12.98,33.47,527.8,32.54,23.7,164.55,NORMAL
49.94,67.27,990.08,41.91,23.86,343.89,RISING_RISK
38.34,61.89,864.89,38.06,24.22,327.33,RISING_RISK
17.16,31.69,591.67,42.49,24.57,179.85,NORMAL
21.27,18.51,544.76,38.85,25.37,141.88,NORMAL
10.9,34.43,526.07,33.91,23.11,168.68,NORMAL
50.6,65.04,1005.08,41.3,23.69,340.28,STAGNATION_PREDICTED
37.55,63.6,873.74,38.47,23.99,331.82,RISING_RISK
17.74,30.27,567.25,40.7,24.62,175.98,NORMAL
21.5,18.47,546.79,36.16,25.36,137.85,NORMAL
11.22,30.3,532.15,34.17,23.08,178.51,NORMAL
50.36,65.05,1005.77,42.67,23.98,332.52,STAGNATION_PREDICTED
37.44,62.85,884.67,40.35,24.3,333.56,RISING_RISK
17.87,29.51,566.89,38.47,24.34,164.77,NORMAL
20.33,18.22,529.94,36.53,25.17,139.52,NORMAL
11.54,28.33,524.47,34.62,23.92,185.13,NORMAL
48.57,64.4,1005.79,42.71,23.46,339.11,STAGNATION_PREDICTED
41.29,61.26,889.8,42.6,24.53,340.05,RISING_RISK
17.34,25.96,556.64,39.34,24.5,154.21,NORMAL
23.02,17.21,520.0,37.37,25.02,143.5,NORMAL
13.06,29.76,520.43,35.78,23.87,180.86,NORMAL
50.25,64.05,1001.32,43.42,23.28,340.39,STAGNATION_PREDICTED
44.65,64.69,906.96,41.51,24.43,338.45,RISING_RISK
17.01,24.98,541.38,39.89,24.89,151.76,NORMAL
22.66,19.48,519.39,37.77,24.94,131.6,NORMAL
12.63,29.7,528.08,35.62,23.97,176.55,NORMAL
47.13,62.01,995.62,42.12,23.23,345.73,RISING_RISK
46.53,63.86,924.88,39.76,24.57,342.65,RISING_RISK
12.91,25.63,541.93,40.33,24.34,146.67,NORMAL
20.16,18.13,520.55,37.11,24.76,136.7,NORMAL
13.06,25.47,523.82,37.75,24.32,172.27,NORMAL
41.72,62.78,966.57,42.6,23.47,332.43,RISING_RISK
44.64,65.69,928.52,40.21,24.25,339.14,RISING_RISK
13.65,22.28,533.31,41.17,24.32,159.2,NORMAL
20.02,16.88,531.18,35.99,24.14,142.7,NORMAL
10.73,24.33,531.07,38.86,24.34,169.04,NORMAL
44.02,61.92,949.42,42.61,23.13,327.84,RISING_RISK
44.94,65.45,930.83,39.68,24.32,338.32,RISING_RISK
11.64,23.31,528.4,41.89,24.08,160.32,NORMAL
19.17,14.61,537.85,38.25,24.17,136.25,NORMAL
11.25,24.77,542.35,38.75,24.26,169.42,NORMAL
44.4,61.95,936.24,43.23,22.84,323.53,RISING_RISK
44.23,65.81,935.04,41.17,24.34,332.53,RISING_RISK
10.16,21.09,520.39,41.59,24.14,159.74,NORMAL
18.99,16.45,539.96,37.96,24.37,137.09,NORMAL
12.86,23.77,533.44,38.85,24.51,162.88,NORMAL
44.41,60.11,911.52,40.82,23.01,319.8,RISING_RISK
45.03,64.7,950.28,41.24,24.31,335.69,RISING_RISK
9.4,23.8,509.54,44.03,24.45,149.86,NORMAL
18.28,16.3,550.54,39.25,24.18,130.67,NORMAL
15.76,25.35,524.6,39.05,24.38,158.1,NORMAL
44.09,57.72,883.83,41.34,23.03,307.9,RISING_RISK
44.77,62.65,960.57,42.87,24.53,338.55,RISING_RISK
7.94,25.15,503.45,44.36,24.01,153.2,NORMAL
15.79,17.97,548.14,39.83,24.21,128.49,NORMAL
14.74,21.63,517.47,38.88,24.2,156.57,NORMAL
45.14,54.47,862.13,40.14,23.03,287.55,RISING_RISK
44.37,62.93,967.17,42.25,23.84,345.36,RISING_RISK
7.25,26.67,507.78,43.53,23.73,156.38,NORMAL
18.05,15.4,556.63,40.96,24.35,136.9,NORMAL
14.9,22.34,519.49,37.34,23.99,164.49,NORMAL
43.08,51.05,834.09,40.1,23.08,285.89,RISING_RISK
44.56,64.68,997.95,44.45,24.06,349.97,RISING_RISK
9.83,27.14,517.95,42.86,23.19,158.47,NORMAL
18.46,14.79,563.57,40.61,24.07,138.08,NORMAL
12.55,20.04,506.31,37.17,23.89,163.13,NORMAL
41.71,50.1,812.41,41.54,23.74,274.74,RISING_RISK
44.72,63.89,998.87,45.9,23.76,350.32,RISING_RISK
12.75,26.64,528.7,42.57,23.15,164.59,NORMAL
18.54,13.6,553.37,43.87,24.16,137.34,NORMAL
12.68,20.07,502.37,40.5,24.03,158.75,NORMAL
39.19,46.85,796.14,40.23,23.95,261.37,RISING_RISK
43.18,65.23,1000.42,45.36,23.97,342.19,STAGNATION_PREDICTED
12.34,26.23,504.16,41.42,22.72,163.97,NORMAL
18.74,16.24,553.59,43.18,23.91,127.13,NORMAL
13.04,15.81,495.94,39.72,23.68,161.26,NORMAL
38.33,45.35,783.43,40.54,24.15,257.91,RISING_RISK
44.96,66.98,1005.85,44.35,23.74,333.92,STAGNATION_PREDICTED
12.45,29.93,503.64,40.45,22.56,157.01,NORMAL
20.0,16.51,545.05,43.35,24.36,130.75,NORMAL
13.12,15.18,504.89,40.85,23.91,163.57,NORMAL
41.06,45.12,777.25,41.12,24.11,247.32,RISING_RISK
43.03,68.86,1000.94,43.8,23.64,340.95,STAGNATION_PREDICTED
11.51,29.24,495.91,40.69,22.69,165.78,NORMAL
20.98,11.81,542.66,44.05,24.87,136.38,NORMAL
12.7,13.54,493.35,41.93,23.65,158.93,NORMAL
37.72,45.45,774.85,43.02,23.6,248.9,RISING_RISK
43.38,71.54,1012.12,44.12,22.9,342.91,STAGNATION_PREDICTED
11.26,28.43,492.19,41.66,22.74,165.18,NORMAL
20.08,9.54,533.77,43.62,24.97,139.51,NORMAL
10.7,16.69,495.16,42.01,23.66,164.57,NORMAL
36.27,46.51,755.23,43.39,23.53,244.0,RISING_RISK
44.14,72.91,1019.02,44.25,22.72,351.41,STAGNATION_PREDICTED
12.24,29.64,505.1,41.92,23.18,156.69,NORMAL
19.46,11.76,532.18,43.75,24.93,129.99,NORMAL
11.31,19.97,491.16,41.13,23.73,165.44,NORMAL
35.95,42.26,739.13,44.24,24.05,235.55,RISING_RISK
42.81,70.23,991.87,43.24,22.9,343.56,RISING_RISK
12.32,28.78,513.64,43.23,23.09,154.23,NORMAL
19.61,10.13,532.07,44.54,25.07,124.85,NORMAL
11.32,21.33,487.25,39.8,23.5,168.81,NORMAL
35.95,41.33,735.29,44.31,24.09,230.59,RISING_RISK
41.72,67.28,973.34,44.6,22.3,326.6,RISING_RISK
9.89,30.04,519.28,44.8,23.5,165.01,NORMAL
19.77,12.97,543.25,43.88,25.33,129.15,NORMAL
11.51,19.76,490.23,40.89,23.49,171.22,NORMAL
34.77,42.63,736.34,42.53,24.11,225.84,NORMAL
43.44,64.99,946.03,46.2,22.28,331.75,RISING_RISK
9.07,25.5,517.79,45.93,23.38,160.66,NORMAL
19.07,14.99,552.89,43.19,25.69,144.48,NORMAL
10.19,16.07,488.76,39.71,24.08,170.03,NORMAL
33.27,40.03,715.03,40.64,23.9,232.83,NORMAL
43.41,62.08,931.36,45.63,21.85,313.23,RISING_RISK
9.9,27.52,532.52,45.67,23.45,161.14,NORMAL
18.05,16.17,554.83,44.48,25.9,144.09,NORMAL
10.25,16.71,481.89,38.85,23.95,172.2,NORMAL
31.8,40.62,707.57,39.18,23.95,226.14,NORMAL
41.79,55.01,901.41,43.96,22.05,302.98,RISING_RISK
13.74,23.98,546.34,46.96,22.79,174.28,NORMAL
18.46,16.58,568.51,44.47,26.05,161.61,NORMAL
9.95,17.19,466.63,39.18,24.61,173.48,NORMAL
31.01,39.58,708.9,39.72,23.97,229.77,NORMAL
41.71,56.71,884.91,45.0,22.29,285.77,RISING_RISK
16.42,21.48,538.17,47.09,22.47,180.04,NORMAL
19.89,18.36,591.6,44.45,25.72,172.45,NORMAL
9.36,18.9,472.22,39.68,24.79,182.03,NORMAL
32.13,41.71,709.26,39.85,23.7,223.23,NORMAL
38.55,55.73,870.55,46.67,22.61,287.47,RISING_RISK
15.79,20.14,546.92,46.66,22.89,175.46,NORMAL
22.27,22.15,621.81,44.26,25.98,181.39,NORMAL
10.37,21.78,505.05,41.91,24.63,193.85,NORMAL
30.09,40.86,700.1,41.11,24.06,219.7,NORMAL
37.81,52.32,839.95,45.22,23.18,281.9,RISING_RISK
16.07,20.21,557.43,46.57,22.97,174.11,NORMAL
22.27,25.36,653.69,42.97,26.13,180.19,NORMAL
9.98,23.97,533.83,43.31,24.5,214.97,NORMAL
28.5,41.4,688.95,40.48,24.15,219.89,NORMAL
39.32,47.61,814.94,44.88,23.15,267.78,RISING_RISK
16.39,19.97,566.43,45.84,23.2,180.53,NORMAL
24.54,25.19,677.37,41.76,26.2,197.58,NORMAL
10.74,28.2,544.04,42.64,24.12,226.71,NORMAL
30.23,40.4,673.38,40.55,24.07,211.07,NORMAL
37.56,46.32,784.83,44.15,23.33,265.22,RISING_RISK
13.79,20.15,574.52,44.87,23.25,183.05,NORMAL
26.95,27.4,712.97,41.65,25.77,208.47,NORMAL
13.83,29.69,569.13,42.07,24.18,234.6,NORMAL
30.7,35.75,652.75,41.62,24.32,209.51,NORMAL
36.86,44.27,778.78,42.31,23.3,264.83,RISING_RISK
13.91,19.89,572.26,45.09,23.24,192.89,NORMAL
28.45,32.01,725.95,40.87,25.85,224.2,NORMAL
14.75,34.71,589.09,44.28,24.15,241.29,NORMAL
30.52,37.22,644.23,43.4,23.8,205.76,NORMAL
35.7,43.54,774.12,42.78,23.33,272.72,RISING_RISK
13.78,22.79,571.99,44.88,23.14,194.45,NORMAL
28.88,34.33,743.83,40.93,25.69,240.21,NORMAL
18.98,36.84,619.97,44.58,24.09,251.88,NORMAL
30.82,34.67,649.36,43.62,23.86,198.97,NORMAL
35.21,43.3,769.51,44.07,23.1,271.88,RISING_RISK
13.72,27.12,569.92,43.67,23.27,186.92,NORMAL
30.24,36.09,763.27,40.85,25.81,246.93,NORMAL
18.75,36.97,643.78,42.84,24.12,253.56,NORMAL
29.42,35.38,634.16,42.86,24.08,191.76,NORMAL
35.57,41.2,754.08,44.83,23.38,255.13,RISING_RISK
15.76,26.0,574.89,43.29,23.18,185.82,NORMAL
33.42,40.65,777.65,42.2,25.61,249.24,NORMAL
19.95,36.88,668.69,42.25,23.83,264.87,NORMAL
31.13,35.97,622.75,43.73,24.14,189.76,NORMAL
34.09,39.23,736.81,45.27,22.99,251.62,NORMAL
16.16,22.33,562.18,43.04,23.27,185.53,NORMAL
37.64,39.52,802.54,41.99,25.2,264.07,RISING_RISK
21.34,38.18,688.48,41.98,23.71,275.81,NORMAL
30.46,38.53,622.14,42.32,24.32,189.16,NORMAL
36.81,41.31,758.02,45.84,23.68,263.34,RISING_RISK
16.31,18.83,563.21,41.47,23.11,187.84,NORMAL
40.47,40.19,819.72,42.67,25.1,260.25,RISING_RISK
23.78,37.65,715.79,41.64,23.83,273.13,NORMAL
27.12,39.24,600.18,43.76,24.22,189.88,NORMAL
34.27,41.42,787.3,49.33,23.52,284.46,NORMAL
15.2,17.2,547.18,40.41,22.85,190.34,NORMAL
42.17,43.19,839.18,41.64,24.87,261.88,RISING_RISK
24.92,40.35,717.35,41.83,23.74,280.72,NORMAL
27.0,43.64,585.02,44.02,23.97,191.91,NORMAL
33.87,43.63,786.18,49.57,24.12,287.41,NORMAL
13.69,15.48,543.5,40.57,22.82,187.27,NORMAL
44.52,46.11,850.46,42.62,25.3,266.92,RISING_RISK
25.53,41.0,743.29,43.08,23.78,285.44,NORMAL
26.25,47.35,564.55,42.36,24.51,187.46,NORMAL
32.68,45.89,795.07,50.22,23.87,301.2,NORMAL
11.79,14.32,548.62,40.86,22.87,175.46,NORMAL
44.71,44.06,856.26,43.77,24.69,273.36,RISING_RISK
27.88,40.01,765.11,42.31,23.61,300.4,NORMAL
26.65,46.16,567.23,43.63,24.56,182.07,NORMAL
32.05,45.53,819.41,49.44,23.98,307.16,NORMAL
10.44,15.14,558.6,42.05,22.99,173.86,NORMAL
45.1,47.89,867.64,44.47,24.97,279.26,RISING_RISK
27.71,41.7,782.61,42.61,23.79,302.39,NORMAL
25.1,41.55,568.54,44.55,25.08,180.63,NORMAL
35.03,46.42,842.73,49.0,24.11,318.6,RISING_RISK
10.36,15.74,566.35,42.06,23.62,168.22,NORMAL
47.55,47.65,873.69,43.48,24.8,284.14,RISING_RISK
28.71,44.22,798.2,41.75,23.82,316.89,NORMAL
20.12,39.47,573.9,43.05,24.91,175.01,NORMAL
33.81,49.32,848.69,49.6,24.01,329.32,NORMAL
11.56,14.15,559.01,40.69,23.7,179.56,NORMAL
47.32,49.58,895.13,43.65,24.47,281.56,RISING_RISK
28.62,45.19,795.91,41.75,23.62,321.23,NORMAL
20.22,37.23,582.93,42.94,25.5,169.45,NORMAL
32.42,47.91,876.35,49.22,24.23,331.64,NORMAL
13.6,16.34,553.63,40.25,23.21,176.47,NORMAL
45.69,47.81,903.55,43.8,24.44,289.53,RISING_RISK
28.21,42.58,785.43,43.26,23.22,305.17,NORMAL
19.9,37.03,580.94,41.5,25.24,163.48,NORMAL
35.04,48.06,883.23,49.56,24.28,343.55,RISING_RISK
16.13,17.94,588.13,40.89,23.1,184.44,NORMAL
44.07,47.06,916.52,44.15,24.49,312.34,RISING_RISK
28.72,43.34,773.72,44.05,23.46,304.44,NORMAL
20.48,31.79,586.35,42.52,24.97,164.29,NORMAL
38.76,46.9,888.13,50.21,24.29,348.76,RISING_RISK
17.98,22.74,625.01,42.29,22.69,194.62,NORMAL
46.07,48.34,929.61,44.69,24.15,321.81,RISING_RISK
28.13,42.43,774.45,43.93,23.43,301.92,NORMAL
20.2,32.71,589.83,41.49,25.21,164.17,NORMAL
39.63,48.32,916.57,50.06,24.29,353.12,RISING_RISK
18.36,21.99,658.47,42.53,23.03,205.34,NORMAL
47.68,47.95,947.84,41.96,24.47,319.64,RISING_RISK
30.27,42.78,749.5,45.22,23.44,293.52,NORMAL
17.04,35.25,591.4,42.64,24.79,156.39,NORMAL
41.03,51.51,926.47,49.83,23.68,347.46,RISING_RISK
18.07,23.76,687.02,42.24,23.83,211.38,NORMAL
45.25,52.4,961.36,42.11,24.53,309.31,RISING_RISK
28.07,39.83,734.11,46.95,23.44,302.6,NORMAL
16.72,35.86,600.98,44.56,24.84,154.26,NORMAL
38.4,49.84,933.73,50.14,23.56,363.31,RISING_RISK
22.21,26.88,705.36,41.85,23.88,211.81,NORMAL
46.72,56.95,964.54,41.94,24.41,300.43,RISING_RISK
27.09,39.2,722.13,45.98,24.13,292.1,NORMAL
18.79,36.31,587.69,45.57,25.07,158.89,NORMAL
38.44,50.69,943.95,52.11,24.05,366.66,RISING_RISK
25.52,31.92,716.87,41.55,23.26,226.99,NORMAL
46.52,60.16,974.44,43.02,24.79,304.36,RISING_RISK
27.98,36.15,704.69,46.04,24.09,280.99,NORMAL
19.67,36.2,591.55,43.8,24.77,153.09,NORMAL
39.25,54.46,953.05,51.48,24.0,370.86,RISING_RISK
31.14,32.87,737.09,41.28,22.96,239.67,NORMAL
47.63,62.04,989.02,40.79,24.53,307.71,RISING_RISK
31.38,38.63,736.92,46.03,23.87,284.2,NORMAL
18.04,35.31,587.42,45.25,24.98,153.67,NORMAL
42.43,55.51,961.59,50.8,23.69,380.56,RISING_RISK
33.06,36.25,766.77,40.46,22.85,246.61,NORMAL
48.41,61.19,980.0,41.82,24.8,317.75,RISING_RISK
31.55,39.65,753.63,47.43,24.06,293.28,NORMAL
19.68,35.11,577.9,43.99,25.01,163.2,NORMAL
42.33,55.32,957.62,48.34,23.87,372.73,RISING_RISK
31.5,41.32,775.07,41.79,23.1,252.2,NORMAL
47.64,63.35,980.18,41.04,24.67,320.13,RISING_RISK
30.51,39.17,754.71,46.53,24.15,298.58,NORMAL
19.33,31.37,585.38,45.16,24.34,159.39,NORMAL
42.45,51.03,938.41,49.13,24.08,369.82,RISING_RISK
32.92,41.82,798.33,42.4,22.88,258.67,NORMAL
47.01,61.13,989.05,40.41,24.54,324.63,RISING_RISK
31.17,43.68,776.47,47.11,24.08,305.28,NORMAL
24.7,32.72,614.1,46.1,24.3,170.46,NORMAL
40.28,51.7,900.73,48.85,23.99,355.73,RISING_RISK
33.88,41.87,828.46,43.42,23.12,257.68,NORMAL
49.23,60.83,992.67,42.61,24.29,327.77,RISING_RISK
33.29,44.24,781.2,46.15,23.89,301.41,NORMAL
24.24,35.6,665.53,45.41,24.3,179.57,NORMAL
39.79,52.81,876.9,46.52,23.73,335.71,RISING_RISK
32.03,42.64,838.62,43.03,23.44,256.95,NORMAL
49.45,59.14,995.9,42.45,24.32,330.95,RISING_RISK
31.62,47.81,804.48,47.85,23.27,307.73,NORMAL
26.3,37.15,697.59,46.17,24.46,197.76,NORMAL
38.76,48.12,864.18,45.79,23.93,322.82,RISING_RISK
32.41,41.1,849.64,44.49,24.02,255.53,NORMAL
51.2,57.92,1017.97,42.14,24.59,323.52,STAGNATION_PREDICTED
32.64,53.19,828.65,46.93,22.93,305.35,RISING_RISK
28.92,35.39,696.95,46.25,24.8,207.15,NORMAL
35.15,43.78,846.41,46.29,23.92,315.16,RISING_RISK
33.61,45.07,863.54,43.98,24.24,267.17,NORMAL
52.75,61.08,1024.21,43.32,24.44,331.26,STAGNATION_PREDICTED
33.04,53.17,851.77,47.0,23.13,311.64,RISING_RISK
30.2,35.1,710.94,45.24,24.64,217.93,NORMAL
35.6,41.08,828.04,46.83,23.27,299.03,RISING_RISK
35.26,45.62,874.89,44.25,24.42,276.27,RISING_RISK
52.34,64.54,1040.46,44.46,24.52,330.48,STAGNATION_PREDICTED
37.24,55.78,866.41,46.41,23.8,311.48,RISING_RISK
31.52,37.43,726.81,46.41,24.1,231.46,NORMAL
33.25,41.06,816.96,49.11,23.67,301.26,NORMAL
36.43,47.44,899.56,42.57,24.22,277.23,RISING_RISK
47.88,63.88,1011.16,44.78,24.49,323.34,STAGNATION_PREDICTED
40.16,57.39,879.42,45.31,23.77,320.74,RISING_RISK
33.14,43.42,751.17,46.92,24.07,248.21,NORMAL
30.83,41.3,790.87,46.4,23.87,282.35,NORMAL
36.9,47.93,901.67,43.15,24.61,276.12,RISING_RISK
45.5,59.26,985.79,45.22,24.62,321.68,RISING_RISK
39.84,56.89,884.03,45.24,23.49,320.34,RISING_RISK
34.18,45.75,771.5,46.7,24.22,245.54,NORMAL
29.2,40.53,785.84,46.06,23.55,280.13,NORMAL
38.25,48.92,917.85,42.55,24.06,279.48,RISING_RISK
43.89,56.26,938.84,43.27,23.9,303.7,RISING_RISK
39.98,60.75,901.58,42.33,22.97,326.19,RISING_RISK
34.36,50.12,786.67,45.98,24.22,242.79,RISING_RISK
29.31,42.36,770.4,47.49,23.97,266.87,NORMAL
40.2,48.4,915.13,43.0,23.84,289.17,RISING_RISK
45.0,52.65,913.61,43.16,23.86,298.63,RISING_RISK
40.07,59.7,904.27,41.29,23.49,326.8,RISING_RISK
36.12,47.9,800.01,46.57,23.83,248.26,RISING_RISK
29.36,45.64,751.59,47.47,24.23,263.2,NORMAL
40.82,47.43,928.18,44.62,23.62,291.37,RISING_RISK
42.22,54.15,903.06,43.13,23.29,278.97,RISING_RISK
36.59,61.56,912.25,41.89,23.59,338.56,RISING_RISK
39.46,52.78,811.93,49.09,23.94,264.25,RISING_RISK
27.33,42.26,742.63,45.81,24.29,244.43,NORMAL
42.96,47.17,938.53,45.2,23.36,294.79,RISING_RISK
40.27,53.79,864.93,43.36,23.33,264.26,RISING_RISK
36.07,63.88,923.59,42.14,23.63,345.59,RISING_RISK
37.74,53.22,826.79,48.02,24.18,267.46,RISING_RISK
23.54,41.14,728.52,45.43,24.46,235.56,NORMAL
43.52,45.08,949.49,46.32,23.31,307.67,RISING_RISK
36.56,48.57,849.82,44.26,22.9,246.18,RISING_RISK
36.66,61.96,942.55,42.98,23.78,346.92,RISING_RISK
42.32,54.81,840.44,46.91,24.27,266.05,RISING_RISK
22.08,42.24,708.21,46.34,24.33,222.73,NORMAL
44.09,44.68,925.65,47.47,23.28,312.92,RISING_RISK
35.83,52.45,834.78,45.15,23.47,232.67,RISING_RISK
36.51,62.26,947.76,42.04,23.68,348.71,RISING_RISK
43.66,53.38,859.03,48.39,23.87,285.82,RISING_RISK
23.51,41.61,700.98,47.45,24.04,211.32,NORMAL
39.88,38.85,902.95,47.58,23.15,307.31,RISING_RISK
36.63,53.0,814.8,45.92,22.91,234.69,RISING_RISK
37.96,61.14,949.72,41.72,23.82,350.47,RISING_RISK
43.37,53.76,867.77,47.8,23.56,295.08,RISING_RISK
21.51,38.96,700.08,48.09,23.59,195.81,NORMAL
37.1,36.92,874.39,47.75,23.07,305.54,RISING_RISK
38.5,55.47,811.32,45.82,22.57,241.62,RISING_RISK
37.59,60.24,956.05,41.21,24.41,349.42,RISING_RISK
44.79,55.55,883.03,46.64,23.7,308.74,RISING_RISK
24.62,36.2,685.17,47.29,23.55,190.01,NORMAL
33.89,36.97,852.54,46.01,23.58,293.46,NORMAL
35.39,56.3,791.38,47.18,22.57,243.92,RISING_RISK
38.44,61.54,961.71,40.49,24.24,344.98,RISING_RISK
42.95,57.55,909.15,47.11,23.59,322.07,RISING_RISK
24.91,36.35,677.03,49.42,23.68,188.75,NORMAL
33.14,33.77,850.51,47.37,23.49,298.43,NORMAL
33.88,52.29,776.29,48.04,22.35,238.67,RISING_RISK
39.79,65.56,960.33,40.87,24.45,351.27,RISING_RISK
43.71,57.49,919.36,47.23,23.85,328.14,RISING_RISK
24.95,33.13,669.66,49.4,23.75,194.72,NORMAL
30.19,31.57,838.95,48.92,23.22,279.22,NORMAL
34.46,49.01,769.38,47.13,22.62,248.09,NORMAL
39.02,66.07,957.65,41.83,24.42,345.35,RISING_RISK
46.16,54.61,935.3,47.2,23.53,331.81,RISING_RISK
24.28,32.48,664.78,49.33,24.18,200.9,NORMAL
30.23,35.12,842.55,48.75,23.43,273.9,NORMAL
31.71,49.57,756.31,47.36,22.83,257.51,NORMAL
41.46,65.21,969.44,42.35,24.7,340.95,RISING_RISK
45.64,55.86,950.84,48.54,23.83,347.68,RISING_RISK
24.76,34.29,648.69,50.53,24.38,205.42,NORMAL
30.04,34.19,838.55,49.47,23.6,273.45,NORMAL
31.39,45.92,748.56,47.71,23.32,254.93,NORMAL
38.91,65.91,963.09,43.66,24.75,338.69,RISING_RISK
48.16,54.9,953.59,46.97,24.06,352.4,RISING_RISK
25.58,32.74,639.63,50.13,23.97,195.92,NORMAL
27.76,36.11,824.88,48.19,23.65,267.68,NORMAL
29.94,47.55,719.3,48.02,23.01,261.96,NORMAL
39.66,64.82,973.14,44.44,24.74,337.27,RISING_RISK
47.27,54.3,970.8,47.28,24.21,359.94,RISING_RISK
25.46,31.63,635.21,50.06,24.15,191.74,NORMAL
28.36,36.13,800.77,48.17,23.22,257.11,NORMAL
27.19,45.76,690.68,48.34,23.08,261.25,NORMAL
38.03,65.7,980.34,44.29,24.54,351.33,RISING_RISK
49.32,52.73,977.12,48.25,24.59,371.95,RISING_RISK
27.72,30.62,623.55,49.98,24.03,191.14,NORMAL
27.12,35.63,795.33,47.72,23.23,239.01,NORMAL
26.28,40.69,686.01,46.24,23.04,257.28,NORMAL
40.53,65.0,988.17,46.29,24.49,349.19,RISING_RISK
46.92,57.71,993.45,48.42,24.9,375.93,RISING_RISK
28.18,30.4,615.07,49.83,23.66,187.17,NORMAL
24.88,35.17,779.29,47.94,23.71,242.37,NORMAL
29.53,41.92,678.9,46.36,23.09,254.86,NORMAL
41.94,65.27,1001.04,46.36,24.41,351.79,STAGNATION_PREDICTED
46.63,59.6,986.03,47.73,24.73,374.16,RISING_RISK
25.65,25.5,606.14,50.53,23.49,188.66,NORMAL
23.59,33.27,759.44,47.09,23.41,231.26,NORMAL
28.63,42.0,665.19,44.97,23.02,242.52,NORMAL
44.57,63.4,999.83,47.23,23.56,357.28,RISING_RISK
47.23,57.9,994.36,47.9,25.72,385.3,RISING_RISK
24.51,27.29,609.33,51.12,23.56,199.42,NORMAL
24.17,30.22,755.04,46.7,24.01,220.91,NORMAL
30.42,43.14,655.58,44.48,23.21,229.94,NORMAL
46.13,61.97,998.44,46.12,22.84,351.96,RISING_RISK
46.28,57.93,985.47,49.42,25.66,387.97,RISING_RISK
24.76,31.21,610.89,51.97,23.29,200.73,NORMAL
21.84,30.48,743.07,46.94,24.55,215.68,NORMAL
30.23,39.86,645.32,44.54,22.96,220.78,NORMAL
44.25,65.98,1013.07,46.33,22.64,357.25,STAGNATION_PREDICTED
47.03,63.67,979.31,51.02,25.4,389.07,RISING_RISK
26.14,30.87,605.84,51.99,24.49,195.22,NORMAL
22.02,29.64,735.49,47.23,24.74,210.73,NORMAL
29.48,41.4,637.65,44.78,23.54,219.55,NORMAL
45.31,64.1,1013.48,46.54,22.44,359.45,STAGNATION_PREDICTED
48.73,64.28,983.64,50.09,25.47,395.45,RISING_RISK
25.63,29.23,592.33,51.46,24.46,189.93,NORMAL
20.0,27.74,729.94,46.59,24.18,206.45,NORMAL
29.32,42.5,621.2,44.31,23.35,213.12,NORMAL
43.56,64.08,1004.08,48.05,22.26,358.78,STAGNATION_PREDICTED
48.59,65.28,974.06,50.94,25.69,402.69,RISING_RISK
28.8,32.47,581.99,51.28,24.64,196.97,NORMAL
19.2,28.97,720.82,46.68,24.54,200.39,NORMAL
27.75,43.11,605.78,44.73,23.66,200.37,NORMAL
43.89,66.28,1021.24,47.29,22.27,357.11,STAGNATION_PREDICTED
49.92,63.82,979.58,50.99,25.38,402.82,RISING_RISK
27.44,32.2,577.29,53.91,24.6,201.66,NORMAL
18.48,28.94,701.36,45.35,24.53,197.24,NORMAL
25.28,43.71,595.07,44.56,23.96,187.53,NORMAL
45.24,66.39,1040.4,46.94,22.73,361.28,STAGNATION_PREDICTED
49.38,64.17,988.09,51.1,25.33,394.39,RISING_RISK
25.78,31.32,572.46,51.49,24.82,195.38,NORMAL
15.21,30.35,699.82,47.65,24.75,211.51,NORMAL
25.14,41.79,579.64,45.05,24.11,179.73,NORMAL
47.33,64.05,1050.23,48.73,22.11,367.78,STAGNATION_PREDICTED
48.18,65.09,998.15,52.37,25.09,394.8,RISING_RISK
28.76,32.12,580.54,50.08,24.84,189.42,NORMAL
13.08,25.56,686.72,47.75,24.47,209.9,NORMAL
22.18,41.13,578.29,45.24,24.22,181.1,NORMAL
43.65,63.42,1005.85,46.84,21.88,352.61,STAGNATION_PREDICTED
48.44,68.49,1005.9,52.11,24.94,405.35,STAGNATION_PREDICTED
27.92,29.95,576.89,48.59,25.44,186.84,NORMAL
13.03,24.15,674.17,47.75,24.38,221.21,NORMAL
20.71,37.54,581.26,45.61,24.36,181.9,NORMAL
43.48,65.18,991.12,46.61,22.28,347.1,RISING_RISK
47.5,69.63,1006.48,52.14,25.16,413.06,STAGNATION_PREDICTED
28.77,32.82,576.99,48.09,25.0,191.77,NORMAL
12.66,23.29,668.52,48.85,24.62,222.61,NORMAL
22.16,36.34,587.66,46.19,23.75,175.58,NORMAL
42.77,62.25,964.2,47.24,22.64,346.53,RISING_RISK
46.86,70.77,1021.11,52.17,24.45,416.42,STAGNATION_PREDICTED
30.16,30.99,568.95,47.04,25.08,185.52,NORMAL
13.83,25.27,668.99,48.02,24.38,208.54,NORMAL
25.6,35.9,577.66,46.43,24.44,159.7,NORMAL
39.88,61.1,939.44,47.06,22.69,343.45,RISING_RISK
47.61,72.74,1022.92,52.97,24.86,420.28,STAGNATION_PREDICTED
29.68,26.98,580.89,47.28,24.94,184.29,NORMAL
13.16,24.76,647.63,49.03,24.47,211.63,NORMAL
25.51,34.59,576.82,47.69,24.63,158.39,NORMAL
36.69,59.67,905.84,48.16,22.56,341.35,RISING_RISK
49.16,68.75,1035.91,52.25,24.67,417.82,STAGNATION_PREDICTED
26.96,26.25,569.61,49.36,24.73,192.3,NORMAL
11.32,24.03,633.62,46.85,24.15,194.26,NORMAL
24.27,30.92,574.0,47.37,25.12,154.68,NORMAL
37.75,60.08,881.45,49.59,22.49,337.53,RISING_RISK
47.19,71.22,1042.51,51.21,24.38,411.14,STAGNATION_PREDICTED
27.44,29.51,570.21,49.14,24.8,182.6,NORMAL
15.83,27.82,632.04,47.42,24.57,203.96,NORMAL
24.36,30.98,566.54,47.61,24.67,145.14,NORMAL
34.77,60.47,864.46,46.69,22.84,316.86,RISING_RISK
48.01,71.82,1043.33,51.24,24.27,409.68,STAGNATION_PREDICTED
23.76,24.64,560.75,47.86,24.59,179.28,NORMAL
15.37,26.66,622.57,48.69,24.65,207.47,NORMAL
25.03,27.32,550.12,47.13,24.7,152.64,NORMAL
34.0,59.5,867.9,44.43,22.82,295.11,RISING_RISK
49.49,71.34,1043.47,51.41,23.85,395.49,STAGNATION_PREDICTED
26.48,26.81,567.01,46.38,23.67,170.81,NORMAL
16.01,29.12,594.21,49.28,24.34,196.16,NORMAL
25.99,26.17,551.9,48.09,24.6,155.42,NORMAL
35.6,56.13,850.66,44.64,22.3,300.09,RISING_RISK
49.04,70.32,1044.61,52.56,23.63,399.71,STAGNATION_PREDICTED
24.95,29.42,562.76,47.84,24.06,175.92,NORMAL
14.22,23.81,579.16,48.88,24.15,197.03,NORMAL
24.41,25.0,556.52,47.68,24.37,158.6,NORMAL
33.6,52.01,830.33,46.71,22.37,295.21,RISING_RISK
50.43,74.5,1042.76,53.47,23.48,401.44,STAGNATION_PREDICTED
24.5,34.16,565.21,48.23,23.83,177.95,NORMAL
14.78,25.5,570.54,47.07,24.29,177.51,NORMAL
22.32,25.09,545.63,47.92,24.14,148.29,NORMAL
31.98,54.71,813.05,47.16,22.23,283.76,RISING_RISK
50.65,73.35,1031.31,54.44,23.41,404.44,STAGNATION_PREDICTED
22.41,34.87,569.67,48.5,23.75,181.52,NORMAL
13.14,24.18,568.03,47.9,24.16,172.9,NORMAL
21.59,28.42,536.16,48.65,24.03,150.93,NORMAL
32.37,56.94,794.8,47.11,21.89,273.03,RISING_RISK
46.27,75.15,1030.52,55.0,23.52,416.41,STAGNATION_PREDICTED
22.93,33.26,570.58,48.99,22.92,185.47,NORMAL
13.08,24.91,569.67,46.4,24.03,172.05,NORMAL
20.47,28.49,536.5,48.04,23.64,159.29,NORMAL
32.01,55.24,786.04,48.06,22.25,267.92,RISING_RISK
41.99,70.45,1007.94,55.81,23.71,409.64,STAGNATION_PREDICTED
21.34,31.53,575.41,50.82,23.22,196.32,NORMAL
11.07,26.66,566.39,48.03,24.31,175.01,NORMAL
22.46,27.37,525.86,48.0,23.99,153.45,NORMAL
30.3,55.92,772.3,46.32,22.16,259.5,RISING_RISK
41.59,65.18,972.6,54.93,23.97,398.45,RISING_RISK
20.38,31.69,561.51,50.15,22.98,199.08,NORMAL
9.06,27.04,555.0,48.69,24.68,174.08,NORMAL
25.05,27.9,520.66,48.24,23.59,159.41,NORMAL
30.38,55.73,754.29,47.38,22.23,255.66,RISING_RISK
39.36,62.58,958.18,55.05,24.39,387.13,RISING_RISK
20.48,34.2,558.76,49.06,23.24,193.03,NORMAL
10.92,26.75,568.96,50.19,24.8,174.21,NORMAL
23.38,23.57,523.45,49.17,23.74,162.27,NORMAL
31.86,53.55,750.67,47.34,22.52,246.86,RISING_RISK
38.6,60.52,936.52,54.27,24.18,383.76,RISING_RISK
19.91,31.08,558.63,49.67,23.31,188.9,NORMAL
11.54,26.76,545.94,47.59,24.94,167.14,NORMAL
23.67,19.88,525.15,47.11,23.75,170.39,NORMAL
30.57,50.61,730.27,46.73,22.68,246.62,RISING_RISK
35.45,61.59,906.28,52.98,23.83,377.49,RISING_RISK
19.54,34.39,559.36,48.28,23.71,194.16,NORMAL
10.73,27.39,542.3,48.25,25.08,170.06,NORMAL
24.7,19.55,506.36,46.45,23.47,173.24,NORMAL
30.62,50.49,727.58,47.84,22.17,250.87,RISING_RISK
34.11,59.07,875.35,52.7,24.13,363.22,RISING_RISK
19.58,33.17,562.44,47.29,23.33,194.64,NORMAL
9.76,30.13,532.85,47.67,25.5,153.68,NORMAL
22.69,19.02,510.2,46.31,23.65,170.28,NORMAL
28.01,46.65,715.76,47.21,22.33,253.12,NORMAL
33.59,60.5,862.49,51.84,24.71,360.37,RISING_RISK
20.54,31.06,556.57,47.35,23.53,187.73,NORMAL
9.17,29.99,546.0,48.6,25.28,149.28,NORMAL
22.44,16.22,506.06,47.29,23.98,168.49,NORMAL
29.15,44.1,696.87,48.1,22.32,250.13,NORMAL
32.85,55.52,847.71,51.2,24.24,348.51,RISING_RISK
21.05,34.52,563.69,48.2,23.79,191.75,NORMAL
9.01,30.43,534.19,48.26,25.02,145.75,NORMAL
22.37,14.89,500.46,47.03,24.31,165.24,NORMAL
29.76,40.64,678.89,48.41,22.42,237.38,NORMAL
33.95,53.07,818.28,49.89,24.21,333.92,RISING_RISK
17.64,33.49,564.03,48.34,24.1,190.11,NORMAL
10.85,27.52,528.71,48.84,24.77,135.85,NORMAL
22.71,12.82,495.12,46.2,24.44,156.97,NORMAL
26.81,39.01,679.7,47.66,22.1,227.6,NORMAL
32.94,53.99,803.13,50.85,24.08,319.68,RISING_RISK
17.18,31.66,557.46,49.54,23.88,195.9,NORMAL
11.14,30.59,529.26,47.1,24.75,128.22,NORMAL
22.02,15.58,493.15,47.25,23.86,163.13,NORMAL
29.51,40.27,688.39,47.39,21.65,236.99,NORMAL
31.79,48.3,788.76,51.35,23.79,318.22,NORMAL
17.52,29.89,553.31,50.92,23.47,203.43,NORMAL
12.84,31.48,527.18,47.25,24.47,131.29,NORMAL
23.85,15.5,493.31,47.73,23.92,172.2,NORMAL
30.37,40.99,719.69,44.84,21.92,239.5,NORMAL
29.46,46.45,769.36,51.36,23.57,319.35,NORMAL
16.75,28.28,540.25,51.06,23.64,205.5,NORMAL
15.21,29.09,534.99,46.11,24.78,134.47,NORMAL
23.66,12.56,500.11,46.08,23.91,159.95,NORMAL
32.14,42.56,742.54,45.54,21.99,254.18,NORMAL
27.41,45.67,748.7,53.24,23.25,322.69,NORMAL
17.66,28.76,537.75,50.02,24.0,190.51,NORMAL
16.74,27.28,521.46,47.18,24.92,143.91,NORMAL
23.46,9.42,497.14,47.08,24.16,176.53,NORMAL
35.01,45.41,749.18,46.01,22.26,266.28,RISING_RISK
28.81,43.13,716.46,52.84,23.0,301.92,NORMAL
16.91,26.39,531.43,51.25,23.84,198.51,NORMAL
16.87,25.34,501.22,48.25,24.28,158.2,NORMAL
20.78,10.17,492.98,45.74,23.92,172.21,NORMAL
35.77,47.26,772.29,46.52,22.42,274.31,RISING_RISK
29.79,41.28,694.74,51.77,22.71,284.57,NORMAL
17.59,30.9,530.43,50.54,23.94,193.48,NORMAL
14.21,25.75,499.71,49.11,24.73,158.56,NORMAL
20.68,8.91,493.75,45.85,24.11,170.31,NORMAL
36.75,49.72,801.74,46.89,22.24,282.56,RISING_RISK
29.89,40.54,685.28,51.87,22.87,282.57,NORMAL
15.42,29.11,543.88,51.55,23.81,201.75,NORMAL
10.08,23.8,501.46,49.27,24.37,159.62,NORMAL
19.61,12.54,481.49,47.01,23.71,169.7,NORMAL
39.33,51.81,821.91,47.2,22.32,287.68,RISING_RISK
27.99,37.1,669.45,52.78,23.15,281.99,NORMAL
17.05,28.85,528.75,51.85,23.71,202.27,NORMAL
10.08,22.63,491.67,48.29,24.53,149.93,NORMAL
19.34,9.91,475.75,48.21,23.63,171.86,NORMAL
41.74,54.36,836.58,45.46,22.28,294.83,RISING_RISK
25.49,37.63,656.94,51.82,23.0,273.0,NORMAL
15.53,29.59,527.24,52.68,23.54,198.56,NORMAL
9.37,20.98,492.83,48.16,24.97,154.15,NORMAL
21.33,12.14,469.73,47.22,24.19,156.85,NORMAL
43.8,52.8,845.19,45.14,22.25,295.44,RISING_RISK
28.4,38.05,644.44,51.86,23.25,264.04,NORMAL
13.45,28.57,523.08,51.32,23.64,211.54,NORMAL
9.14,20.51,482.43,48.93,25.27,159.57,NORMAL
21.58,13.13,461.53,47.34,24.64,160.99,NORMAL
44.88,48.77,876.47,45.46,21.91,297.25,RISING_RISK
25.8,38.65,629.2,51.85,22.99,263.86,NORMAL
14.82,27.49,513.23,52.89,24.02,214.08,NORMAL
9.25,22.08,465.9,49.91,25.93,166.5,NORMAL
20.71,13.71,469.41,46.58,24.9,163.4,NORMAL
43.37,50.35,877.43,47.16,21.79,309.85,RISING_RISK
26.75,40.85,615.59,51.58,22.9,263.37,NORMAL
13.91,28.25,502.3,54.5,24.27,210.24,NORMAL
10.74,19.19,474.11,50.41,25.69,172.5,NORMAL
18.05,12.65,470.18,47.73,24.88,171.95,NORMAL
44.28,46.8,877.47,45.9,21.27,308.99,RISING_RISK
27.52,40.98,611.15,50.94,22.88,259.36,NORMAL
13.49,25.35,509.46,54.93,25.07,214.14,NORMAL
12.5,19.89,468.78,49.39,25.64,176.35,NORMAL
16.2,11.18,468.03,48.42,25.12,162.82,NORMAL
44.12,51.6,880.44,46.18,21.39,312.0,RISING_RISK
26.72,39.44,596.38,50.04,23.65,252.41,NORMAL
13.78,23.79,504.75,54.77,25.51,215.06,NORMAL
13.32,19.77,478.43,48.15,25.83,171.84,NORMAL
14.33,11.55,473.6,46.56,25.33,144.43,NORMAL
46.81,54.84,912.63,49.17,21.22,315.74,RISING_RISK
25.16,40.74,599.51,50.31,23.65,242.87,NORMAL
14.23,23.26,515.57,52.81,25.39,203.87,NORMAL
13.86,20.92,471.12,47.52,26.16,157.98,NORMAL
14.86,12.65,474.55,46.7,25.88,144.23,NORMAL
43.69,56.5,908.94,49.09,21.29,323.1,RISING_RISK
24.99,38.66,603.79,50.59,23.38,236.02,NORMAL
12.04,23.1,509.48,52.4,25.4,193.66,NORMAL
13.47,17.23,466.49,47.49,26.45,162.81,NORMAL
13.3,11.35,481.36,46.28,25.72,143.51,NORMAL
45.52,57.45,908.47,48.19,21.53,322.45,RISING_RISK
25.81,33.67,601.13,49.84,23.3,224.15,NORMAL
9.79,24.58,513.41,51.91,25.24,193.74,NORMAL
14.19,15.68,476.07,48.16,26.55,161.65,NORMAL
14.84,14.28,475.17,46.02,26.28,136.5,NORMAL
44.81,58.99,919.59,46.34,21.5,315.26,RISING_RISK
27.46,33.88,586.68,48.57,23.05,221.63,NORMAL
10.05,25.39,518.59,52.75,25.33,202.46,NORMAL
13.02,15.5,471.38,47.16,26.58,155.09,NORMAL
13.0,13.88,467.0,45.81,26.38,121.8,NORMAL
46.36,59.63,916.47,47.26,21.56,321.23,RISING_RISK
27.38,33.65,593.36,48.06,22.93,226.59,NORMAL
12.54,28.68,529.4,52.29,25.47,215.62,NORMAL
15.65,17.2,462.55,45.56,26.49,158.89,NORMAL
13.8,13.38,482.57,45.86,25.98,129.66,NORMAL
45.29,59.93,918.71,46.68,22.04,326.92,RISING_RISK
27.61,34.19,598.54,49.19,23.36,229.44,NORMAL
16.68,33.33,567.59,52.49,25.48,236.79,NORMAL
12.15,17.25,477.79,45.52,26.43,155.0,NORMAL
15.3,15.92,481.27,46.92,26.28,140.06,NORMAL
44.36,60.48,934.37,48.51,22.54,332.43,RISING_RISK
25.01,33.15,601.23,48.82,23.86,226.7,NORMAL
16.8,34.35,594.72,52.08,24.8,254.8,NORMAL
11.63,18.52,486.49,46.12,26.34,155.92,NORMAL
14.68,15.46,476.15,45.86,26.69,138.22,NORMAL
45.09,62.26,944.4,49.6,22.95,335.19,RISING_RISK
24.95,28.6,592.94,49.84,23.56,234.98,NORMAL
19.27,34.33,634.28,51.16,24.72,262.99,NORMAL
12.42,16.29,488.6,44.92,26.71,150.12,NORMAL
16.95,12.79,474.14,43.89,26.32,131.05,NORMAL
43.98,63.27,948.9,47.66,23.24,328.4,RISING_RISK
24.81,27.14,585.88,50.02,24.12,236.46,NORMAL
20.88,37.78,658.31,50.7,24.65,265.53,NORMAL
12.36,17.48,491.48,46.48,26.84,157.01,NORMAL
14.68,11.13,467.21,44.39,26.23,128.57,NORMAL
44.84,62.93,956.58,47.69,22.88,336.66,RISING_RISK
26.2,26.84,587.19,48.6,24.39,235.3,NORMAL
22.35,38.0,673.95,50.06,24.27,268.06,NORMAL
10.79,17.33,501.29,46.0,26.72,142.35,NORMAL
12.31,11.96,480.79,45.11,25.05,131.98,NORMAL
45.35,62.8,963.1,47.39,22.87,345.02,RISING_RISK
24.67,26.43,597.95,45.79,24.19,233.32,NORMAL
23.75,43.05,680.06,50.76,24.56,273.91,NORMAL
12.88,18.31,501.04,47.05,25.76,152.14,NORMAL
12.86,14.97,482.45,44.28,25.14,130.6,NORMAL
43.84,62.11,960.06,46.49,23.01,347.9,RISING_RISK
25.8,22.76,612.02,44.67,24.5,222.41,NORMAL
25.84,48.26,698.62,50.75,24.33,278.75,NORMAL
12.2,18.62,488.84,46.9,25.64,156.34,NORMAL
10.48,13.64,476.13,43.95,24.79,134.9,NORMAL
43.17,62.55,957.78,45.56,23.06,361.07,RISING_RISK
26.16,24.42,597.86,43.66,24.33,224.2,NORMAL
25.95,51.01,704.81,50.46,24.2,290.24,RISING_RISK
14.1,19.85,479.42,45.75,25.37,151.29,NORMAL
11.21,14.52,471.9,44.29,25.02,138.73,NORMAL
41.59,62.33,966.31,45.99,23.47,367.53,RISING_RISK
26.02,27.54,586.15,43.68,24.27,224.63,NORMAL
26.78,50.83,727.62,50.48,24.43,307.3,RISING_RISK
13.62,20.47,483.55,45.54,25.29,151.1,NORMAL
11.8,12.77,464.38,43.71,24.31,148.32,NORMAL
44.4,65.55,969.98,47.12,23.75,376.73,RISING_RISK
24.37,26.93,571.44,42.94,24.01,211.8,NORMAL
27.85,49.34,755.24,49.97,23.83,316.74,NORMAL
15.09,17.72,483.92,44.78,25.43,155.0,NORMAL
12.98,15.41,475.06,44.19,24.27,151.15,NORMAL
46.91,67.48,965.0,48.27,24.14,375.42,RISING_RISK
19.74,29.55,578.55,43.26,24.04,202.79,NORMAL
29.55,53.36,781.82,48.83,24.0,315.03,RISING_RISK
15.41,17.32,482.35,43.46,25.79,154.74,NORMAL
9.08,15.38,468.76,45.26,24.06,147.01,NORMAL
45.55,66.78,987.44,47.63,23.99,376.7,RISING_RISK
18.78,32.53,577.13,44.63,24.0,199.62,NORMAL
30.27,53.28,805.23,48.17,23.73,320.26,RISING_RISK
16.52,16.29,483.47,45.64,25.77,159.26,NORMAL
7.8,14.02,461.79,46.1,24.3,161.45,NORMAL
44.34,67.53,980.3,45.99,24.26,369.74,RISING_RISK
19.07,33.07,564.18,45.11,23.8,193.81,NORMAL
32.08,52.07,816.97,49.23,24.05,328.84,RISING_RISK
18.41,17.33,493.49,45.52,25.61,167.24,NORMAL
8.55,14.14,472.75,45.28,24.69,155.12,NORMAL
45.78,67.38,985.43,46.06,24.63,373.26,RISING_RISK
17.61,35.05,570.76,44.7,23.26,189.34,NORMAL
34.51,52.84,838.83,49.88,24.03,328.79,RISING_RISK
18.64,19.17,486.35,45.18,25.32,162.28,NORMAL
9.6,15.6,477.24,43.42,24.64,154.45,NORMAL
43.33,65.0,990.67,43.94,24.59,373.66,RISING_RISK
17.81,34.92,565.39,43.21,22.9,195.72,NORMAL
38.5,50.72,853.52,49.63,24.31,326.84,RISING_RISK
17.01,15.52,493.55,44.06,25.36,162.24,NORMAL
10.08,16.1,476.51,43.43,25.07,151.12,NORMAL
44.59,61.9,999.22,45.79,24.32,371.6,RISING_RISK
19.75,37.78,567.2,41.88,22.55,189.71,NORMAL
38.08,51.47,853.13,50.1,24.27,334.68,RISING_RISK
16.51,13.1,498.61,44.59,25.21,157.38,NORMAL
10.09,17.74,476.59,42.92,25.46,137.11,NORMAL
42.23,62.53,1014.68,43.83,24.41,375.0,STAGNATION_PREDICTED
17.26,34.54,563.72,40.34,22.81,200.5,NORMAL
35.34,54.29,864.88,49.16,23.77,335.81,RISING_RISK
12.97,13.76,501.53,44.3,25.16,154.81,NORMAL
10.01,20.74,468.73,41.8,25.58,133.62,NORMAL
43.73,60.72,1033.05,42.38,24.58,377.34,STAGNATION_PREDICTED
15.95,33.33,580.49,39.52,22.96,189.72,NORMAL
38.94,55.53,864.06,49.39,23.84,335.28,RISING_RISK
14.36,12.97,482.23,44.41,25.05,163.31,NORMAL
7.05,18.88,463.73,42.74,25.73,134.77,NORMAL
43.85,59.86,1004.68,43.06,24.89,366.23,STAGNATION_PREDICTED
19.17,35.58,615.78,39.85,22.48,197.71,NORMAL
35.0,51.73,838.57,47.89,24.31,317.22,RISING_RISK
12.85,11.38,477.37,43.39,25.01,172.73,NORMAL
8.59,17.54,469.64,42.07,25.55,134.07,NORMAL
43.44,56.05,979.39,42.86,24.39,358.84,RISING_RISK
21.47,37.99,636.37,41.07,22.54,202.84,NORMAL
34.38,46.98,816.0,46.12,24.77,299.46,NORMAL
12.65,11.45,475.1,42.86,24.89,165.7,NORMAL
7.23,19.93,461.01,42.94,25.58,143.86,NORMAL
38.91,52.91,965.84,42.91,24.0,348.11,RISING_RISK
23.18,35.3,655.35,38.73,23.07,214.97,NORMAL
34.06,47.92,803.7,46.15,24.43,290.5,NORMAL
12.91,13.85,484.49,42.64,25.23,174.11,NORMAL
5.24,20.94,454.89,42.57,25.66,135.18,NORMAL
36.78,49.15,923.09,42.91,23.95,347.3,RISING_RISK
24.44,37.6,677.57,38.04,23.44,228.66,NORMAL
32.0,46.64,793.75,46.9,24.37,278.74,NORMAL
12.13,15.52,485.24,41.96,25.08,177.61,NORMAL
7.56,23.21,459.57,41.95,25.52,135.3,NORMAL
34.47,47.56,911.25,42.7,24.26,340.74,NORMAL
25.63,40.83,699.79,38.99,23.42,238.92,NORMAL
31.01,44.58,787.35,47.43,23.98,276.62,NORMAL
11.35,17.39,498.32,42.5,25.34,171.28,NORMAL
4.05,19.2,461.5,41.62,25.07,142.21,NORMAL
32.12,44.44,888.34,41.24,25.06,322.42,NORMAL
27.14,44.54,726.06,39.62,23.55,246.95,NORMAL
30.26,44.28,770.55,48.35,23.7,274.52,NORMAL
8.84,12.21,501.19,41.4,24.96,176.05,NORMAL
6.07,18.17,460.01,42.89,24.86,135.49,NORMAL
32.13,43.07,878.73,40.84,25.13,305.65,NORMAL
30.4,47.73,747.6,38.92,23.69,246.1,NORMAL
28.36,44.06,761.07,47.96,23.48,268.92,NORMAL
7.63,14.5,496.35,41.47,25.2,175.15,NORMAL
5.98,19.33,451.35,42.97,24.66,139.26,NORMAL
29.72,42.72,860.4,40.06,24.64,288.52,NORMAL
30.3,51.0,764.68,37.39,23.87,255.98,RISING_RISK
28.04,44.96,753.35,47.78,23.6,267.13,NORMAL
8.3,13.35,477.34,41.42,25.19,172.97,NORMAL
5.8,19.83,438.81,42.72,24.38,136.95,NORMAL
26.52,42.44,835.29,39.77,25.06,285.38,NORMAL
32.87,55.01,795.53,37.11,24.03,259.03,RISING_RISK
27.78,41.42,726.02,48.61,23.91,258.59,NORMAL
8.31,13.32,478.07,43.53,25.33,179.58,NORMAL
6.89,17.58,440.84,43.14,24.38,145.06,NORMAL
24.2,41.09,829.52,41.46,25.34,285.91,NORMAL
33.73,58.9,807.4,37.6,24.31,258.06,RISING_RISK
27.5,41.35,714.35,49.47,24.72,268.32,NORMAL
7.83,13.3,466.18,42.78,25.61,181.33,NORMAL
6.51,18.3,439.9,44.02,24.31,155.88,NORMAL
24.51,40.45,818.07,40.36,24.99,278.82,NORMAL
34.17,61.59,819.11,37.11,23.96,263.9,RISING_RISK
27.99,41.19,711.83,49.2,24.24,255.89,NORMAL
8.81,12.37,466.3,42.68,25.32,182.21,NORMAL
6.86,20.87,429.4,44.54,24.27,154.36,NORMAL
23.99,41.49,794.76,40.47,25.24,280.93,NORMAL
35.11,61.84,829.7,38.06,23.84,268.21,RISING_RISK
25.63,37.66,703.61,49.12,24.14,250.65,NORMAL
7.99,12.58,484.75,42.33,25.2,186.21,NORMAL
6.61,17.97,434.52,43.7,24.33,156.07,NORMAL
25.46,37.31,776.99,40.34,25.51,275.12,NORMAL
34.78,63.16,848.13,38.3,23.74,282.43,RISING_RISK
22.1,35.3,681.17,50.14,24.55,257.03,NORMAL
7.54,11.36,485.35,42.91,25.44,188.56,NORMAL
7.15,19.54,435.41,44.63,24.72,155.18,NORMAL
24.66,36.55,767.01,39.21,25.37,270.92,NORMAL
36.1,65.17,853.42,39.52,23.39,291.2,RISING_RISK
17.25,32.2,668.85,49.77,24.17,255.26,NORMAL
8.89,11.06,487.76,44.01,25.39,198.33,NORMAL
8.25,21.0,431.19,43.25,24.43,163.1,NORMAL
25.08,38.47,752.18,38.68,25.51,260.51,NORMAL
34.59,65.34,872.02,39.03,23.31,299.97,RISING_RISK
18.99,34.65,694.62,50.99,24.4,265.05,NORMAL
6.27,12.77,492.24,44.1,25.45,187.92,NORMAL
9.98,21.57,427.99,41.73,24.32,156.19,NORMAL
22.5,36.43,738.69,38.3,25.4,243.12,NORMAL
35.47,64.93,888.85,38.57,23.26,297.87,RISING_RISK
21.38,38.86,708.82,50.6,24.53,285.2,NORMAL
6.11,13.91,489.19,44.73,25.39,184.83,NORMAL
9.41,22.45,444.85,40.63,24.01,165.08,NORMAL
22.58,36.37,726.48,38.75,25.45,233.77,NORMAL
37.06,66.22,906.81,39.75,23.23,294.3,RISING_RISK
19.89,40.99,720.19,50.32,24.59,296.58,NORMAL
5.64,12.7,480.71,44.83,25.29,177.98,NORMAL
7.1,22.28,454.76,38.64,23.91,165.07,NORMAL
20.1,36.49,716.8,37.29,25.11,228.65,NORMAL
37.39,70.3,920.42,39.96,23.64,300.23,RISING_RISK
22.33,41.56,741.08,50.35,24.98,299.59,NORMAL
5.14,13.37,485.09,45.92,25.44,184.04,NORMAL
9.05,22.12,453.33,39.8,23.75,174.32,NORMAL
20.49,37.11,727.93,35.53,25.52,232.59,NORMAL
37.64,68.25,932.88,39.4,24.31,307.58,RISING_RISK
24.04,42.44,771.24,50.09,25.56,307.86,NORMAL
4.22,14.1,480.21,45.34,25.61,180.36,NORMAL
10.0,23.63,453.65,40.24,23.97,166.21,NORMAL
20.11,37.34,709.08,36.69,25.82,228.6,NORMAL
38.28,70.49,925.82,40.35,24.42,309.75,RISING_RISK
23.1,44.77,790.44,48.89,25.24,314.92,NORMAL
6.99,16.6,476.83,44.4,25.34,176.64,NORMAL
10.9,22.75,451.6,40.9,23.77,160.58,NORMAL
19.83,38.63,714.4,36.63,25.72,218.45,NORMAL
37.23,71.72,950.24,41.56,24.7,320.62,RISING_RISK
22.24,44.69,806.01,48.79,24.99,310.55,NORMAL
11.0,15.62,484.79,44.37,25.35,174.44,NORMAL
12.39,22.45,449.8,41.04,23.94,162.39,NORMAL
18.62,40.0,708.73,36.09,25.71,215.84,NORMAL
38.08,73.83,964.32,42.03,24.69,335.4,RISING_RISK
23.19,44.43,828.0,48.46,24.89,313.4,NORMAL
12.77,15.58,480.55,44.4,25.44,177.05,NORMAL
11.97,21.54,455.78,40.87,23.66,160.1,NORMAL
16.34,41.44,698.17,35.97,25.9,209.13,NORMAL
38.67,71.94,982.14,40.69,24.38,333.88,RISING_RISK
24.09,42.73,842.55,47.76,24.59,310.56,NORMAL
14.86,16.85,494.81,46.02,25.16,183.46,NORMAL
12.58,24.33,456.35,39.88,23.51,171.14,NORMAL
17.91,40.55,685.08,35.29,25.76,205.78,NORMAL
38.54,71.57,988.57,40.38,23.64,340.3,RISING_RISK
27.85,46.65,858.15,48.76,25.01,310.23,NORMAL
14.91,17.55,502.62,48.38,24.42,191.57,NORMAL
12.0,21.14,459.04,38.2,23.42,169.34,NORMAL
18.78,42.8,693.96,35.81,25.51,207.74,NORMAL
39.86,70.27,1013.41,40.33,23.42,339.31,STAGNATION_PREDICTED
29.38,46.51,864.69,49.72,24.87,318.8,NORMAL
15.67,18.98,499.43,47.31,24.48,187.57,NORMAL
10.71,20.9,453.15,38.42,24.03,183.18,NORMAL
18.97,41.66,701.63,35.36,25.65,203.69,NORMAL
40.16,66.71,1016.24,42.01,23.49,333.66,STAGNATION_PREDICTED
29.83,46.85,881.57,48.93,24.62,315.63,NORMAL
15.25,17.35,504.89,45.57,24.92,170.53,NORMAL
9.61,18.6,458.5,37.61,24.25,179.15,NORMAL
20.02,38.87,686.45,35.77,25.09,192.08,NORMAL
40.56,62.76,1012.55,41.4,23.64,339.63,STAGNATION_PREDICTED
31.16,49.11,898.34,48.63,24.54,310.24,NORMAL
14.92,13.74,503.43,44.99,25.3,171.47,NORMAL
8.43,20.05,458.83,39.03,24.34,180.0,NORMAL
21.77,38.55,672.12,35.28,24.87,196.69,NORMAL
39.85,64.34,1020.01,40.71,23.94,349.38,STAGNATION_PREDICTED
34.31,52.64,902.58,47.96,24.59,311.41,RISING_RISK
15.9,17.4,506.43,44.58,25.05,171.16,NORMAL
5.94,18.28,460.32,39.42,23.9,177.5,NORMAL
21.33,36.95,661.96,35.41,25.2,196.11,NORMAL
41.93,64.92,1020.41,40.6,24.28,342.98,STAGNATION_PREDICTED
35.73,55.35,899.24,48.55,24.5,323.21,RISING_RISK
14.18,19.03,504.63,44.75,24.71,171.45,NORMAL
5.22,18.61,457.86,39.57,23.6,166.29,NORMAL
20.1,33.9,639.93,35.22,24.96,187.76,NORMAL
42.94,61.8,1020.41,40.97,24.36,334.57,STAGNATION_PREDICTED
34.48,50.21,911.89,47.93,24.68,325.59,RISING_RISK
15.98,19.57,501.27,44.27,25.01,161.74,NORMAL
3.76,17.42,460.9,39.86,23.86,166.18,NORMAL
19.78,29.12,628.17,35.08,24.85,180.54,NORMAL
42.75,61.46,1036.02,40.98,24.77,337.96,STAGNATION_PREDICTED
34.54,52.05,918.48,47.27,24.03,330.96,RISING_RISK
16.81,16.2,521.46,42.46,25.32,153.66,NORMAL
5.17,21.39,472.76,38.31,23.49,159.93,NORMAL
18.37,30.77,616.76,35.75,24.89,177.45,NORMAL
42.8,62.58,1023.83,42.07,24.77,341.78,STAGNATION_PREDICTED
36.09,54.29,937.61,46.52,24.29,337.38,RISING_RISK
19.35,15.71,520.15,41.74,25.05,145.84,NORMAL
9.35,20.74,477.99,38.05,23.55,161.2,NORMAL
17.7,33.13,609.56,34.38,24.86,179.06,NORMAL
44.21,61.32,1009.14,42.87,24.95,345.44,STAGNATION_PREDICTED
36.39,55.52,936.39,45.96,24.19,334.16,RISING_RISK
16.11,15.83,521.52,40.76,25.43,155.89,NORMAL
7.46,19.59,471.08,37.46,23.97,164.93,NORMAL
17.89,31.76,597.85,34.47,25.13,190.07,NORMAL
43.47,63.96,1019.15,41.92,24.87,342.36,STAGNATION_PREDICTED
38.95,54.39,958.57,45.22,24.38,329.77,RISING_RISK
13.56,17.08,513.2,42.44,25.91,147.67,NORMAL
10.71,17.18,464.4,38.29,23.43,165.53,NORMAL
18.28,31.15,595.6,34.12,25.07,197.42,NORMAL
44.52,67.27,1021.92,42.29,24.47,332.52,STAGNATION_PREDICTED
40.6,53.73,984.72,43.9,24.65,337.0,RISING_RISK
12.88,19.95,515.86,42.21,25.55,152.82,NORMAL
8.73,19.52,474.22,39.03,22.62,161.58,NORMAL
17.03,35.1,577.77,35.25,25.06,192.04,NORMAL
44.9,65.21,1021.04,43.81,24.13,329.73,STAGNATION_PREDICTED
41.79,58.97,980.44,43.4,24.73,336.83,RISING_RISK
11.82,20.01,511.03,42.81,25.57,147.95,NORMAL
7.27,20.94,482.79,40.75,22.97,161.15,NORMAL
16.98,35.77,565.71,34.48,24.89,203.6,NORMAL
44.77,70.69,1027.57,43.21,24.4,328.51,STAGNATION_PREDICTED
43.8,58.86,979.4,45.74,24.89,356.75,RISING_RISK
10.41,24.3,489.97,43.28,25.12,139.84,NORMAL
5.57,18.38,486.04,40.25,23.24,167.97,NORMAL
17.68,34.06,577.85,36.41,24.16,194.31,NORMAL
46.47,70.89,1039.15,42.69,24.76,338.31,STAGNATION_PREDICTED
46.18,59.78,981.33,45.86,24.73,361.78,RISING_RISK
10.36,23.47,490.66,43.17,25.35,142.51,NORMAL
5.71,18.95,481.67,41.25,23.18,159.46,NORMAL
15.58,33.4,573.15,35.45,23.72,187.4,NORMAL
46.13,74.14,1045.79,42.14,24.41,343.13,STAGNATION_PREDICTED
46.01,59.37,986.48,45.33,24.09,367.03,RISING_RISK
12.94,23.03,480.11,41.58,25.39,149.79,NORMAL
9.63,22.55,503.59,38.75,22.36,169.1,NORMAL
14.62,32.56,562.13,35.28,23.37,183.52,NORMAL
44.83,69.01,1028.82,41.93,24.33,322.68,STAGNATION_PREDICTED
47.73,61.83,978.95,46.12,23.93,370.55,RISING_RISK
13.65,23.47,478.66,41.74,25.05,147.61,NORMAL
12.25,28.23,537.68,38.32,22.39,176.75,NORMAL
15.3,28.75,552.73,37.16,23.55,191.45,NORMAL
43.49,66.17,1007.25,42.49,24.71,317.88,STAGNATION_PREDICTED
47.69,64.41,976.76,45.48,23.82,364.82,RISING_RISK
12.7,22.05,483.61,42.28,24.61,148.95,NORMAL
15.25,31.9,563.94,39.7,22.35,188.18,NORMAL
14.69,30.26,567.21,37.43,23.84,192.74,NORMAL
43.39,61.81,966.9,42.98,24.67,312.04,RISING_RISK
47.82,63.3,991.16,44.37,24.26,361.31,RISING_RISK
14.98,22.5,474.67,40.36,24.64,141.66,NORMAL
16.19,35.2,589.65,38.75,23.26,204.38,NORMAL
13.71,31.14,572.06,37.86,23.58,193.39,NORMAL
41.05,61.64,927.61,44.4,25.08,311.32,RISING_RISK
46.31,65.62,997.99,43.82,24.42,373.45,RISING_RISK
12.81,20.51,480.7,40.3,24.17,130.97,NORMAL
18.43,33.88,604.32,38.47,23.45,214.97,NORMAL
13.05,32.6,571.36,38.77,23.48,197.0,NORMAL
38.74,62.83,896.38,43.18,24.71,305.44,RISING_RISK
48.95,66.9,1006.36,43.63,24.65,374.61,STAGNATION_PREDICTED
13.73,20.38,476.74,41.96,24.34,135.09,NORMAL
19.83,36.33,642.75,39.22,23.18,230.47,NORMAL
15.21,32.04,566.11,38.64,23.58,190.76,NORMAL
37.18,59.31,872.69,43.41,24.35,293.27,RISING_RISK
47.79,66.94,1019.09,43.65,24.43,375.44,STAGNATION_PREDICTED
12.48,21.08,474.41,41.7,24.04,136.09,NORMAL
21.47,41.56,670.84,39.4,23.11,233.08,NORMAL
14.34,32.83,558.91,38.32,23.51,190.03,NORMAL
36.11,54.36,858.15,42.76,24.57,282.68,RISING_RISK
47.5,67.32,1020.95,43.68,24.51,366.72,STAGNATION_PREDICTED
12.51,18.12,478.88,43.83,24.04,129.81,NORMAL
22.4,39.68,684.13,39.73,23.18,239.12,NORMAL
15.89,32.6,550.86,38.97,23.63,192.96,NORMAL
33.93,53.6,851.37,42.64,24.07,274.31,RISING_RISK
50.71,65.82,1024.37,44.4,24.24,368.98,STAGNATION_PREDICTED
14.73,16.7,475.67,42.98,24.53,135.22,NORMAL
23.65,42.24,702.58,38.58,23.06,234.88,NORMAL
16.83,35.44,528.24,39.32,23.67,180.81,NORMAL
29.74,51.87,833.49,43.46,24.22,274.33,RISING_RISK
52.37,67.85,1036.13,42.85,24.17,366.38,STAGNATION_PREDICTED
14.27,19.46,468.75,41.87,25.0,132.12,NORMAL
25.88,46.44,732.79,37.26,23.14,248.27,NORMAL
15.56,35.54,522.76,39.75,23.65,181.71,NORMAL
26.63,55.34,818.6,43.57,24.38,268.32,RISING_RISK
51.26,68.24,1038.61,43.56,24.05,369.68,STAGNATION_PREDICTED
14.12,22.55,464.73,41.65,25.14,132.32,NORMAL
28.78,50.73,763.61,37.2,23.05,253.13,RISING_RISK
15.85,32.92,519.26,41.1,23.38,184.11,NORMAL
27.64,54.45,801.82,44.76,24.43,266.91,RISING_RISK
54.31,66.6,1043.26,44.19,24.28,362.89,STAGNATION_PREDICTED
15.61,23.82,468.07,41.1,25.12,140.45,NORMAL
27.55,50.41,800.0,38.78,23.18,260.78,RISING_RISK
18.38,34.58,507.4,39.53,23.44,175.5,NORMAL
26.1,52.78,790.71,45.99,24.38,271.51,RISING_RISK
53.76,62.6,1036.22,43.97,24.09,369.64,STAGNATION_PREDICTED
15.36,25.27,469.26,41.65,24.81,151.98,NORMAL
26.67,48.57,821.37,41.01,23.22,270.95,NORMAL
18.84,36.34,500.6,40.38,23.5,172.68,NORMAL
24.71,50.43,791.06,44.4,24.1,257.92,RISING_RISK
50.59,60.24,1009.62,45.57,23.87,365.75,STAGNATION_PREDICTED
14.87,24.64,465.29,41.48,24.96,148.1,NORMAL
26.23,50.13,828.14,42.15,23.18,270.53,RISING_RISK
17.78,35.26,502.96,40.13,24.06,166.32,NORMAL
24.24,50.21,768.17,44.9,23.89,259.64,RISING_RISK
50.95,57.38,989.28,46.06,23.71,353.89,RISING_RISK
15.07,22.04,446.97,42.92,24.57,143.14,NORMAL
28.48,52.14,847.4,44.59,23.11,277.58,RISING_RISK
16.42,35.11,506.99,39.43,24.07,162.76,NORMAL
24.39,46.69,748.42,44.61,24.33,260.6,NORMAL
48.83,56.64,960.4,46.1,23.57,353.32,RISING_RISK
16.06,22.19,452.32,43.45,24.46,134.71,NORMAL
29.75,50.09,862.23,45.66,23.59,272.15,RISING_RISK
17.2,34.94,510.91,39.58,24.24,162.16,NORMAL
25.8,43.51,728.14,45.07,23.93,251.73,NORMAL
47.81,56.36,942.75,43.9,23.55,341.64,RISING_RISK
13.71,20.38,440.48,44.56,24.26,136.18,NORMAL
28.38,52.11,871.39,44.66,23.44,285.12,RISING_RISK
13.81,35.87,507.9,40.11,24.54,170.32,NORMAL
24.89,42.44,707.17,46.21,23.55,263.28,NORMAL
46.86,57.01,919.2,43.4,23.82,325.68,RISING_RISK
13.42,22.34,451.91,43.94,23.98,140.05,NORMAL
30.94,52.68,878.53,44.27,23.77,280.0,RISING_RISK
11.94,38.93,499.99,38.18,24.38,184.35,NORMAL
26.6,42.93,698.0,47.15,23.34,266.04,NORMAL
46.29,53.95,883.39,42.69,24.06,315.3,RISING_RISK
14.51,22.15,466.71,43.12,23.73,144.48,NORMAL
32.67,55.95,879.82,44.6,23.55,280.2,RISING_RISK
13.84,40.45,503.33,38.9,24.61,192.43,NORMAL
24.78,40.29,696.83,47.76,23.5,258.0,NORMAL
43.54,52.07,855.83,43.59,24.52,305.74,RISING_RISK
13.51,21.63,471.33,44.14,23.26,139.26,NORMAL
32.62,57.6,889.0,43.76,23.56,283.58,RISING_RISK
13.24,41.19,505.07,39.3,24.96,185.74,NORMAL
24.58,33.99,685.48,47.17,23.45,257.77,NORMAL
41.34,48.21,839.23,43.06,24.9,302.57,RISING_RISK
11.15,20.24,464.95,43.16,23.34,138.27,NORMAL
32.19,59.77,903.58,43.62,23.7,281.04,RISING_RISK
11.01,43.07,500.52,38.66,24.81,190.84,NORMAL
23.72,33.38,685.56,46.75,23.54,249.16,NORMAL
38.73,44.4,819.43,44.13,24.48,302.57,RISING_RISK
11.47,20.16,465.9,44.49,23.45,142.12,NORMAL
31.77,58.04,927.38,43.66,23.66,277.7,RISING_RISK
8.81,40.56,506.12,39.83,24.22,188.24,NORMAL
22.68,31.78,675.14,47.6,23.33,238.86,NORMAL
38.75,45.74,837.07,44.88,24.19,304.64,RISING_RISK
11.85,19.54,519.48,42.22,22.93,158.11,NORMAL
31.51,59.5,931.96,43.96,23.77,294.02,RISING_RISK
9.09,43.5,509.83,38.17,24.22,182.59,NORMAL
22.1,30.31,669.08,48.4,23.12,233.67,NORMAL
39.19,47.96,853.85,44.31,24.92,320.03,RISING_RISK
14.65,25.62,549.72,41.43,23.21,164.29,NORMAL
35.35,63.53,931.02,43.41,23.35,291.82,RISING_RISK
8.6,42.75,512.2,37.36,24.33,191.64,NORMAL
22.99,32.49,698.58,47.13,22.89,244.61,NORMAL
37.85,50.48,867.04,44.69,24.37,328.06,RISING_RISK
17.42,29.62,574.79,41.17,23.24,172.52,NORMAL
31.48,65.15,946.07,42.68,23.06,292.01,RISING_RISK
6.66,39.77,514.54,38.95,24.25,196.05,NORMAL
22.87,35.24,711.12,45.18,22.6,248.14,NORMAL
35.82,52.38,867.68,45.08,24.0,334.2,RISING_RISK
19.54,32.64,600.36,40.29,22.88,180.67,NORMAL
32.58,65.53,947.93,43.33,23.35,298.26,RISING_RISK
5.05,38.98,515.2,41.32,24.25,204.46,NORMAL
24.47,39.87,744.35,45.61,23.08,265.54,NORMAL
34.51,55.61,888.43,42.82,23.8,338.7,RISING_RISK
22.35,35.52,641.55,40.81,22.57,188.56,NORMAL
32.28,66.42,957.92,43.12,23.27,304.85,RISING_RISK
4.47,37.61,507.45,42.21,24.41,197.92,NORMAL
27.71,40.68,783.46,46.71,23.58,281.9,NORMAL
36.94,51.51,912.69,44.35,23.91,345.06,RISING_RISK
23.17,34.7,660.91,40.72,22.8,191.61,NORMAL
33.39,66.17,957.97,42.94,22.86,306.49,RISING_RISK
4.29,36.47,524.74,42.35,24.38,196.4,NORMAL
28.56,38.49,786.01,46.69,23.99,288.22,NORMAL
37.89,53.66,931.53,43.9,23.82,342.54,RISING_RISK
27.26,37.93,682.36,40.92,22.8,204.34,NORMAL
35.36,66.4,960.83,43.53,22.94,306.77,RISING_RISK
4.08,33.71,531.46,42.86,25.1,199.74,NORMAL
28.67,37.47,810.98,47.18,24.01,294.48,NORMAL
39.2,55.32,942.97,44.78,24.04,349.2,RISING_RISK
28.54,39.31,704.18,39.99,23.41,205.93,NORMAL
38.1,67.48,946.08,44.73,23.1,321.23,RISING_RISK
4.03,34.12,523.45,44.63,25.18,197.65,NORMAL
28.86,39.1,827.58,45.89,23.99,297.63,NORMAL
40.42,55.51,952.27,46.35,24.48,356.11,RISING_RISK
29.58,39.87,715.39,40.2,23.09,211.86,NORMAL
37.73,68.59,935.86,44.9,23.54,324.78,RISING_RISK
3.41,34.07,527.67,43.1,25.1,204.95,NORMAL
28.55,43.02,845.08,45.1,23.85,296.71,NORMAL
39.05,60.95,955.16,45.96,24.48,352.75,RISING_RISK
32.89,40.97,727.69,38.88,22.56,229.53,NORMAL
39.5,68.17,937.62,43.12,23.51,321.88,RISING_RISK
5.26,40.33,563.1,45.91,24.66,212.51,NORMAL
32.54,44.91,852.22,46.83,23.77,303.48,NORMAL
38.93,60.12,950.24,46.54,25.31,355.64,RISING_RISK
31.96,43.01,741.62,38.55,22.7,234.75,NORMAL
39.92,67.07,953.38,42.78,23.64,323.92,RISING_RISK
8.19,41.53,586.86,44.84,24.98,219.8,NORMAL
32.13,46.24,863.75,47.21,23.82,303.17,NORMAL
38.41,64.1,951.37,46.61,25.83,367.45,RISING_RISK
33.57,44.42,764.06,39.93,22.86,252.76,NORMAL
41.69,67.36,973.83,42.15,23.51,332.76,RISING_RISK
11.7,40.61,611.34,45.06,24.54,222.68,NORMAL
30.11,45.39,872.02,45.72,23.26,305.02,NORMAL
39.64,64.96,960.03,45.18,25.76,365.19,RISING_RISK
33.72,47.64,786.04,39.6,23.06,250.81,NORMAL
43.25,66.25,968.92,41.61,23.92,323.47,RISING_RISK
10.72,40.46,633.28,45.03,24.76,232.5,NORMAL
30.49,44.36,885.69,44.84,23.26,302.22,NORMAL
36.7,63.43,987.33,43.51,25.71,361.63,RISING_RISK
37.38,46.94,781.14,39.2,22.8,248.88,RISING_RISK
43.52,67.15,968.53,42.51,23.54,320.95,RISING_RISK
11.79,44.43,667.45,46.06,23.91,247.5,NORMAL
31.49,50.63,894.74,45.12,23.41,308.14,RISING_RISK
38.56,64.8,994.61,44.56,26.35,361.57,RISING_RISK
39.58,48.85,801.46,39.99,23.2,256.19,RISING_RISK
44.23,66.42,970.69,41.96,23.74,327.84,RISING_RISK
15.91,46.05,696.35,45.43,23.73,247.52,NORMAL
33.93,54.14,903.79,47.22,23.73,322.68,RISING_RISK
37.58,63.98,976.82,44.81,26.0,359.42,RISING_RISK
40.11,47.89,822.94,41.26,23.24,263.23,RISING_RISK
43.43,63.6,976.86,42.83,23.48,334.45,RISING_RISK
16.91,51.97,732.73,45.33,23.38,252.88,RISING_RISK
33.95,57.51,922.18,48.84,23.74,330.25,RISING_RISK
39.74,63.6,984.53,45.85,26.23,371.94,RISING_RISK
38.66,49.43,832.08,39.82,23.71,273.35,RISING_RISK
41.82,62.49,992.19,43.22,23.41,335.15,RISING_RISK
21.51,53.0,736.01,43.95,22.8,265.91,RISING_RISK
33.8,58.62,944.91,48.08,23.64,329.77,RISING_RISK
36.67,64.65,995.72,46.73,26.35,386.43,RISING_RISK
40.77,52.7,852.13,41.78,23.54,274.46,RISING_RISK
44.19,66.2,999.44,43.99,22.87,339.47,RISING_RISK
25.06,54.84,758.93,43.48,22.92,269.48,RISING_RISK
34.14,58.63,953.16,48.79,23.63,321.12,RISING_RISK
37.22,71.38,995.34,45.47,25.83,381.13,RISING_RISK
39.6,54.42,826.25,42.61,24.0,258.68,RISING_RISK
44.71,66.5,1020.17,43.84,22.48,340.33,STAGNATION_PREDICTED
25.57,56.0,787.59,45.03,22.73,271.83,RISING_RISK
32.16,58.51,964.48,49.51,24.16,322.25,RISING_RISK
36.27,71.07,999.02,44.58,26.11,384.65,RISING_RISK
38.03,53.86,814.04,43.94,24.01,248.14,RISING_RISK
43.65,66.51,1046.08,44.42,22.69,341.01,STAGNATION_PREDICTED
25.97,55.91,815.2,44.05,22.61,268.45,RISING_RISK
33.46,58.74,980.17,49.16,23.86,329.02,RISING_RISK
35.56,68.49,1007.29,42.87,26.38,379.94,STAGNATION_PREDICTED
36.74,55.79,838.92,43.28,23.75,242.12,RISING_RISK
44.2,70.97,1044.23,45.76,22.74,344.47,STAGNATION_PREDICTED
25.77,59.17,830.84,43.82,22.78,282.9,RISING_RISK
34.33,62.13,1002.93,48.77,23.65,342.13,RISING_RISK
37.35,64.45,993.26,42.83,26.46,383.95,RISING_RISK
37.51,56.46,850.54,43.93,23.67,252.77,RISING_RISK
43.77,71.9,1035.08,46.04,22.92,345.49,STAGNATION_PREDICTED
29.99,58.93,847.23,45.02,22.59,286.83,RISING_RISK
35.47,62.89,1001.42,48.76,23.68,343.4,STAGNATION_PREDICTED
38.95,69.34,1015.03,42.64,26.2,383.96,STAGNATION_PREDICTED
39.53,59.31,852.79,43.1,23.54,262.55,RISING_RISK
46.58,73.87,1035.67,46.52,22.87,358.13,STAGNATION_PREDICTED
30.79,58.6,842.29,44.67,22.38,288.58,RISING_RISK
36.13,64.49,997.73,48.39,23.43,348.05,RISING_RISK
40.92,70.46,1016.32,41.73,25.91,385.28,STAGNATION_PREDICTED
42.53,61.02,868.33,43.44,23.71,266.21,RISING_RISK
44.16,72.49,991.57,46.71,23.21,344.22,RISING_RISK
31.1,60.66,859.48,43.64,22.14,290.89,RISING_RISK
36.72,65.34,988.42,48.13,23.39,353.98,RISING_RISK
41.42,71.74,1007.89,41.56,25.58,380.14,STAGNATION_PREDICTED
44.0,60.49,873.47,43.17,23.28,284.28,RISING_RISK
41.46,67.57,962.11,46.87,23.24,336.81,RISING_RISK
34.43,61.52,865.71,43.39,22.37,293.91,RISING_RISK
39.06,66.46,992.11,48.73,23.63,358.45,RISING_RISK
39.01,69.65,995.88,40.11,25.54,364.33,RISING_RISK
44.15,64.87,875.47,43.22,23.14,290.96,RISING_RISK
42.47,61.76,936.64,45.51,23.29,313.48,RISING_RISK
36.09,64.15,883.55,42.67,22.62,297.81,RISING_RISK
38.58,62.65,988.48,48.3,24.33,350.39,RISING_RISK
33.41,68.9,965.51,40.31,25.56,353.08,RISING_RISK
42.28,63.68,886.93,42.83,23.33,298.49,RISING_RISK
42.69,60.77,920.31,43.61,22.94,302.97,RISING_RISK
38.3,66.02,902.22,44.1,22.87,312.56,RISING_RISK
40.82,61.2,1008.42,48.89,24.65,357.81,STAGNATION_PREDICTED
33.65,70.16,935.31,41.87,25.9,351.31,RISING_RISK
43.79,63.55,896.95,45.18,22.93,308.04,RISING_RISK
42.74,59.22,899.32,45.39,23.37,289.62,RISING_RISK
39.41,67.42,904.13,45.89,22.93,312.95,RISING_RISK
42.72,59.64,995.5,47.7,24.27,356.6,RISING_RISK
31.4,67.85,904.29,41.8,25.75,338.15,RISING_RISK
43.02,64.12,917.6,47.56,22.59,328.15,RISING_RISK
42.1,54.78,865.0,45.66,23.67,282.47,RISING_RISK
38.83,65.82,922.63,45.83,22.77,326.83,RISING_RISK
44.54,62.88,1012.53,49.16,23.91,365.62,STAGNATION_PREDICTED
31.47,63.78,878.23,42.02,25.83,327.76,RISING_RISK
42.63,63.76,921.64,47.09,22.57,329.79,RISING_RISK
38.8,51.53,846.75,46.02,23.95,274.08,RISING_RISK
41.13,67.64,941.5,46.45,22.66,332.87,RISING_RISK
42.71,64.93,1022.65,48.12,23.96,363.96,STAGNATION_PREDICTED
33.33,62.53,856.17,42.11,25.23,315.81,RISING_RISK
41.72,63.63,932.61,47.55,22.71,342.55,RISING_RISK
37.58,52.51,841.02,46.78,23.57,272.71,RISING_RISK
41.43,68.39,950.16,45.42,22.71,331.97,RISING_RISK
42.02,68.25,1027.93,48.72,24.27,376.55,STAGNATION_PREDICTED
32.47,59.25,826.34,41.55,24.83,302.06,RISING_RISK
42.93,64.83,939.79,45.7,23.07,341.26,RISING_RISK
35.62,51.94,823.38,46.88,23.21,275.0,RISING_RISK
39.47,69.9,966.64,47.2,23.06,354.16,RISING_RISK
41.54,68.5,1021.73,48.73,24.1,371.89,STAGNATION_PREDICTED
29.16,62.25,823.52,41.29,24.58,284.74,RISING_RISK
46.18,63.48,954.68,46.05,22.61,343.31,RISING_RISK
32.45,51.8,811.96,47.25,22.96,266.02,RISING_RISK
43.19,72.17,970.78,46.5,23.13,349.93,RISING_RISK
41.04,68.39,1026.58,49.7,24.37,371.4,STAGNATION_PREDICTED
29.01,57.41,798.48,40.86,24.67,282.38,RISING_RISK
44.74,63.98,949.1,46.77,23.05,345.41,RISING_RISK
32.16,51.77,802.85,46.22,22.61,256.89,RISING_RISK
45.84,71.6,977.52,48.13,22.96,357.56,RISING_RISK
41.07,68.46,994.07,49.84,23.87,367.06,RISING_RISK
28.68,56.32,782.23,39.82,24.23,278.95,RISING_RISK
44.71,60.48,956.97,47.6,22.9,341.04,RISING_RISK
28.55,50.82,782.86,47.06,22.25,250.35,RISING_RISK
45.22,69.68,975.31,48.53,23.05,359.39,RISING_RISK
39.75,66.97,966.05,49.5,23.81,351.44,RISING_RISK
29.83,51.76,753.46,39.61,24.51,273.8,RISING_RISK
45.58,58.31,948.67,47.15,22.81,346.38,RISING_RISK
28.23,46.85,760.04,47.39,22.49,243.97,NORMAL
45.03,67.15,982.3,48.12,23.07,354.51,RISING_RISK
38.73,60.64,938.38,48.73,24.43,342.29,RISING_RISK
28.28,50.25,743.41,39.09,24.06,262.02,RISING_RISK
46.38,61.64,949.7,46.54,22.46,347.05,RISING_RISK
25.96,46.67,740.77,46.01,22.56,229.04,NORMAL
45.96,68.22,994.77,48.08,22.7,347.8,RISING_RISK
38.6,56.36,917.84,47.52,24.61,328.77,RISING_RISK
29.0,49.33,735.13,39.03,23.86,262.68,NORMAL
44.13,59.46,931.5,47.91,22.07,357.71,RISING_RISK
24.2,52.26,726.79,47.33,22.74,228.62,RISING_RISK
47.05,70.21,996.77,47.91,22.8,350.68,RISING_RISK
39.22,54.88,904.02,49.23,24.56,332.34,RISING_RISK
27.64,46.88,710.84,38.81,24.0,251.7,NORMAL
42.76,55.71,920.0,48.78,22.35,354.4,RISING_RISK
21.83,54.7,713.4,46.93,23.46,225.01,RISING_RISK
49.54,69.5,1013.54,46.1,23.06,349.19,STAGNATION_PREDICTED
36.42,51.03,898.48,48.85,24.92,329.05,RISING_RISK
27.45,43.22,706.18,39.3,24.04,239.91,NORMAL
43.54,53.94,891.28,49.44,22.68,350.55,RISING_RISK
20.33,53.16,697.83,45.59,23.77,219.7,RISING_RISK
51.09,73.88,1014.26,47.87,22.93,346.59,STAGNATION_PREDICTED
34.41,45.92,878.86,49.84,25.32,323.46,NORMAL
29.09,41.98,699.26,40.92,24.09,227.36,NORMAL
42.0,53.94,864.03,49.26,22.87,344.58,RISING_RISK
18.8,53.49,676.27,44.73,23.83,208.98,RISING_RISK
52.45,72.71,1014.01,47.28,23.07,341.03,STAGNATION_PREDICTED
32.28,43.53,857.61,48.82,24.39,316.53,NORMAL
26.79,44.94,690.31,42.95,24.0,221.39,NORMAL
38.19,54.13,838.16,48.68,22.66,345.17,RISING_RISK
18.93,51.45,672.84,46.01,23.59,207.26,RISING_RISK
52.49,74.05,1024.31,48.16,23.2,354.28,STAGNATION_PREDICTED
30.54,43.48,842.22,47.48,24.52,287.26,NORMAL
25.58,45.12,684.39,42.21,23.9,218.84,NORMAL
37.82,50.59,829.75,49.27,22.81,341.41,RISING_RISK
19.94,50.23,664.26,44.24,23.4,209.43,RISING_RISK
52.21,73.19,1030.71,48.64,23.76,363.38,STAGNATION_PREDICTED
29.48,41.85,824.56,48.21,24.5,273.55,NORMAL
24.02,45.18,663.07,41.7,23.87,214.24,NORMAL
35.65,48.0,813.17,46.95,22.61,316.94,RISING_RISK
21.09,48.45,657.49,45.26,23.23,214.42,NORMAL
53.58,73.92,1025.51,48.55,24.09,370.65,STAGNATION_PREDICTED
26.93,42.51,789.66,49.09,24.54,276.97,NORMAL
22.18,42.23,657.15,41.37,23.83,214.43,NORMAL
33.78,46.7,787.22,47.03,23.3,322.16,NORMAL
17.84,43.09,659.89,46.25,23.17,205.27,NORMAL
53.83,75.71,1036.6,48.73,24.42,374.86,STAGNATION_PREDICTED
25.46,42.0,763.97,47.82,24.6,266.97,NORMAL
18.9,44.56,647.45,42.89,24.2,208.5,NORMAL
33.69,45.22,775.75,47.52,23.26,325.46,NORMAL
15.01,44.3,651.27,46.87,23.29,200.96,NORMAL
53.34,75.84,1047.14,50.16,23.98,382.62,STAGNATION_PREDICTED
27.17,44.57,787.66,48.62,24.37,265.96,NORMAL
22.28,43.74,637.57,43.18,24.25,199.34,NORMAL
32.9,44.25,754.3,48.22,23.28,315.78,NORMAL
13.42,40.96,639.19,44.56,23.45,200.6,NORMAL
52.83,80.18,1045.98,48.44,24.14,368.46,STAGNATION_PREDICTED
29.32,50.09,788.17,49.23,24.26,274.4,RISING_RISK
20.53,44.04,630.02,44.24,24.36,200.98,NORMAL
30.24,40.96,731.41,47.42,22.8,307.46,NORMAL
13.15,37.07,637.69,44.22,23.65,192.67,NORMAL
52.2,75.77,1018.45,48.97,24.58,368.02,STAGNATION_PREDICTED
28.98,52.76,812.61,49.84,24.41,276.92,RISING_RISK
21.18,44.12,613.97,43.11,24.22,204.83,NORMAL
25.36,36.87,700.95,47.56,22.68,296.1,NORMAL
14.44,35.53,631.89,46.3,23.8,193.27,NORMAL
50.68,72.01,988.14,48.55,24.67,348.07,RISING_RISK
31.32,56.58,828.54,49.89,24.57,296.77,RISING_RISK
21.32,41.67,616.64,43.72,24.12,199.75,NORMAL
26.89,37.13,695.26,47.71,23.11,289.17,NORMAL
17.0,38.47,653.1,45.11,23.84,200.51,NORMAL
52.46,69.04,964.81,50.55,24.06,347.31,RISING_RISK
33.01,53.33,835.65,48.95,24.85,304.65,RISING_RISK
23.46,39.66,619.7,42.85,24.1,195.77,NORMAL
23.25,36.43,687.48,49.25,23.67,296.2,NORMAL
17.13,40.67,682.38,43.6,24.02,209.84,NORMAL
50.66,67.62,939.78,51.21,23.46,337.88,RISING_RISK
33.15,55.78,867.22,48.49,25.07,303.85,RISING_RISK
20.05,37.57,616.65,43.51,23.44,191.83,NORMAL
27.33,36.09,680.31,48.88,23.64,286.54,NORMAL
17.49,41.53,707.17,44.33,24.29,224.59,NORMAL
46.29,64.67,909.7,49.48,23.26,317.65,RISING_RISK
33.88,56.13,878.45,48.56,25.36,308.05,RISING_RISK
21.5,36.25,600.79,45.37,24.03,184.3,NORMAL
24.65,36.8,690.77,48.34,23.77,277.81,NORMAL
18.79,38.18,716.64,45.05,24.39,230.36,NORMAL
46.64,62.35,877.89,50.36,23.92,320.66,RISING_RISK
35.38,57.22,888.75,48.2,24.69,315.97,RISING_RISK
22.17,36.44,607.11,45.82,24.19,180.8,NORMAL
25.86,35.75,667.99,50.22,24.19,278.61,NORMAL
20.24,37.74,735.39,45.3,24.09,237.99,NORMAL
44.89,57.19,857.93,48.59,23.35,309.36,RISING_RISK
37.04,58.28,897.84,49.17,25.21,323.53,RISING_RISK
21.79,34.67,598.9,45.11,24.57,178.56,NORMAL
26.72,31.46,661.45,49.8,24.21,267.86,NORMAL
22.98,36.65,746.69,46.04,23.39,249.8,NORMAL
41.38,54.38,821.35,48.26,23.83,301.06,RISING_RISK
39.11,59.84,909.22,48.9,25.02,320.76,RISING_RISK
21.66,35.66,595.54,45.25,24.75,173.4,NORMAL
25.25,30.57,649.69,50.29,24.34,269.64,NORMAL
25.17,37.79,753.32,47.17,23.45,266.57,NORMAL
38.47,53.77,805.64,44.74,23.97,271.72,RISING_RISK
38.42,62.42,912.93,50.4,25.12,324.09,RISING_RISK
22.07,35.26,588.08,45.89,25.12,166.55,NORMAL
26.82,29.74,646.23,50.05,24.56,269.24,NORMAL
29.58,39.02,768.7,47.87,23.48,263.82,NORMAL
35.91,50.94,790.58,45.09,23.46,280.37,RISING_RISK
38.6,62.15,911.84,49.78,25.47,322.81,RISING_RISK
20.97,35.71,583.07,45.28,24.98,160.36,NORMAL
26.7,27.29,663.84,50.16,24.08,263.77,NORMAL
30.49,39.2,791.87,48.6,23.73,267.62,NORMAL
32.61,50.12,766.86,43.65,23.92,273.03,RISING_RISK
39.69,61.41,926.0,50.3,25.39,334.62,RISING_RISK
17.79,32.78,575.19,45.16,24.77,152.03,NORMAL
26.03,28.29,649.83,49.06,23.82,254.61,NORMAL
31.26,43.48,807.28,50.76,23.3,276.39,NORMAL
29.86,48.25,748.16,44.4,23.73,262.51,NORMAL
38.96,66.39,944.11,50.69,25.22,330.9,RISING_RISK
20.03,28.65,584.26,44.33,25.01,143.64,NORMAL
26.28,29.61,652.47,49.82,24.05,244.74,NORMAL
31.13,42.8,826.01,51.74,23.55,274.13,NORMAL
29.72,45.77,724.8,44.25,23.93,244.81,NORMAL
39.68,66.52,945.57,51.45,25.83,336.19,RISING_RISK
14.24,28.4,586.3,45.63,25.2,141.47,NORMAL
27.2,30.79,640.32,48.84,23.63,237.06,NORMAL
32.18,46.42,837.95,51.0,23.42,292.82,NORMAL
26.8,46.27,724.06,44.18,23.6,235.92,NORMAL
41.14,66.76,967.19,51.32,25.41,343.84,RISING_RISK
13.39,29.46,580.02,44.55,24.85,135.36,NORMAL
25.75,29.34,628.21,48.38,23.49,229.28,NORMAL
33.15,49.21,849.12,49.93,23.41,288.28,NORMAL
27.63,44.17,718.58,45.35,23.59,231.41,NORMAL
40.95,71.59,958.73,51.46,24.95,349.86,RISING_RISK
10.93,31.65,581.26,44.33,24.38,136.26,NORMAL
23.62,28.8,620.41,48.36,23.59,230.03,NORMAL
32.64,47.4,865.72,48.82,23.02,284.71,NORMAL
25.28,44.7,710.86,46.89,23.08,229.4,NORMAL
41.73,74.59,974.05,50.73,25.52,355.27,RISING_RISK
12.51,32.88,577.04,43.95,24.25,129.29,NORMAL
22.7,29.4,617.56,49.11,23.31,232.87,NORMAL
33.33,49.69,886.82,47.0,22.9,281.81,NORMAL
25.63,40.17,692.34,47.4,23.29,229.2,NORMAL
41.71,74.57,977.81,49.93,25.82,362.41,RISING_RISK
12.37,33.54,568.35,44.61,24.34,134.68,NORMAL
22.02,28.04,600.81,47.45,23.46,234.52,NORMAL
35.41,52.4,909.11,48.51,22.68,303.68,RISING_RISK
24.46,36.32,685.9,47.85,23.46,227.67,NORMAL
41.87,72.74,979.51,49.94,25.68,364.47,RISING_RISK
13.2,28.9,558.45,45.3,24.36,135.19,NORMAL
19.41,26.01,604.63,47.11,23.6,238.45,NORMAL
34.63,50.97,909.75,49.27,22.41,307.9,RISING_RISK
22.75,30.7,669.7,48.51,23.7,223.45,NORMAL
40.99,71.52,987.68,50.35,25.7,368.19,RISING_RISK
13.24,27.53,554.89,46.51,24.34,139.72,NORMAL
22.09,27.69,604.19,46.24,23.96,223.49,NORMAL
34.5,50.03,916.14,48.74,22.45,320.39,RISING_RISK
20.08,27.2,662.2,47.13,24.02,220.27,NORMAL
42.14,71.46,981.2,50.93,26.16,376.51,RISING_RISK
12.83,23.96,564.14,46.18,24.89,145.48,NORMAL
22.28,29.82,614.02,46.51,23.88,219.18,NORMAL
38.31,50.02,900.81,48.34,22.94,327.88,RISING_RISK
18.48,29.14,650.3,46.44,24.27,215.7,NORMAL
40.03,73.38,993.88,50.05,26.51,378.84,RISING_RISK
11.27,25.05,561.45,44.23,24.27,143.69,NORMAL
20.26,29.95,615.21,47.22,23.95,212.78,NORMAL
39.96,52.84,915.41,47.99,22.67,344.28,RISING_RISK
15.4,28.97,640.32,45.49,23.83,200.17,NORMAL
41.72,73.1,994.06,52.07,27.02,395.25,RISING_RISK
12.15,30.51,592.0,44.26,24.87,147.73,NORMAL
21.14,31.44,635.55,47.74,24.23,226.82,NORMAL
41.56,56.57,915.02,47.21,22.32,340.78,RISING_RISK
16.83,27.74,624.53,46.15,23.59,214.62,NORMAL
44.35,70.92,995.97,53.05,26.72,408.43,RISING_RISK
11.03,29.04,631.96,45.43,24.49,160.66,NORMAL
22.48,33.09,674.15,48.66,24.56,238.01,NORMAL
44.81,54.88,925.55,45.58,22.43,341.81,RISING_RISK
15.81,27.32,624.47,45.86,23.49,206.56,NORMAL
47.71,71.12,1011.01,54.34,26.36,422.15,STAGNATION_PREDICTED
15.34,30.37,655.24,45.93,24.36,169.92,NORMAL
21.73,34.28,690.35,49.44,24.79,248.47,NORMAL
44.61,56.34,919.58,46.28,22.21,350.04,RISING_RISK
15.06,24.52,615.87,44.79,23.42,203.83,NORMAL
49.74,71.56,1025.56,53.68,26.12,422.18,STAGNATION_PREDICTED
18.81,33.76,674.41,46.88,24.93,192.54,NORMAL
22.29,34.8,713.86,49.39,24.43,258.53,NORMAL
43.65,58.1,931.81,44.1,22.03,347.55,RISING_RISK
14.4,24.91,609.07,45.31,23.28,203.02,NORMAL
51.78,70.45,1027.13,51.96,25.57,405.25,STAGNATION_PREDICTED
20.8,33.27,710.89,46.79,24.84,202.54,NORMAL
21.24,35.61,736.39,50.14,24.47,265.75,NORMAL
43.99,59.37,948.13,44.45,22.43,348.4,RISING_RISK
18.0,25.75,606.1,45.47,23.35,200.81,NORMAL
49.02,71.25,1033.04,52.11,25.65,418.41,STAGNATION_PREDICTED
21.39,35.16,723.01,47.27,24.99,207.58,NORMAL
22.65,36.26,748.25,51.55,24.29,286.17,NORMAL
44.23,62.15,964.39,44.26,22.91,354.68,RISING_RISK
15.58,26.89,602.75,46.91,23.32,198.43,NORMAL
50.29,71.66,1042.73,49.95,25.51,418.27,STAGNATION_PREDICTED
23.52,36.65,753.15,45.96,25.03,213.05,NORMAL
24.14,38.63,762.65,51.81,24.36,295.22,NORMAL
45.11,61.83,963.22,43.63,23.12,358.97,RISING_RISK
18.36,23.17,584.52,47.56,24.07,199.26,NORMAL
49.65,74.04,1053.98,48.06,25.55,416.11,STAGNATION_PREDICTED
24.99,37.44,757.09,46.13,24.5,223.44,NORMAL
20.81,38.55,779.56,51.17,24.6,295.1,NORMAL
46.71,65.12,984.68,43.13,23.27,359.83,RISING_RISK
19.33,21.76,589.19,47.23,24.27,195.79,NORMAL
51.33,71.65,1048.25,48.38,25.38,416.48,STAGNATION_PREDICTED
24.55,39.97,770.05,49.14,24.49,248.28,NORMAL
21.86,39.98,798.52,51.78,24.94,296.19,NORMAL
47.02,63.91,994.97,43.19,22.9,354.71,RISING_RISK
19.09,21.56,586.54,47.68,24.44,193.65,NORMAL
51.97,68.99,1027.39,48.94,24.86,394.36,STAGNATION_PREDICTED
27.97,42.17,787.64,49.34,24.34,257.58,NORMAL
23.35,39.22,807.46,51.24,25.15,312.17,NORMAL
49.83,65.86,998.19,44.93,22.69,353.09,RISING_RISK
17.82,17.89,573.94,48.37,24.35,194.27,NORMAL
49.08,65.58,1002.45,49.76,24.53,384.77,STAGNATION_PREDICTED
29.14,44.16,812.0,50.39,24.7,264.57,NORMAL
25.38,36.6,826.58,51.9,25.41,324.94,NORMAL
50.3,69.01,995.68,46.07,23.05,363.77,RISING_RISK
17.08,19.49,579.59,48.18,24.59,195.1,NORMAL
47.54,63.81,972.82,50.52,25.1,376.04,RISING_RISK
29.81,43.1,842.41,51.76,24.96,280.82,NORMAL
26.96,37.8,845.16,52.96,25.6,340.57,NORMAL
51.65,70.63,999.85,45.53,22.67,360.17,RISING_RISK
17.94,20.49,573.77,47.68,24.53,189.09,NORMAL
45.03,58.99,953.01,50.51,25.23,374.77,RISING_RISK
33.73,44.16,858.99,52.19,24.72,288.36,NORMAL
29.2,36.54,852.08,53.7,25.2,349.32,NORMAL
51.56,71.39,1008.35,45.08,22.54,351.53,STAGNATION_PREDICTED
17.93,20.52,556.07,48.3,24.54,192.74,NORMAL
42.35,57.18,941.34,49.81,25.25,353.5,RISING_RISK
34.42,45.1,857.94,52.59,24.72,300.27,NORMAL
31.07,39.04,858.01,53.01,25.16,350.17,NORMAL
51.04,71.21,1020.1,46.47,22.52,350.08,STAGNATION_PREDICTED
16.87,19.61,544.8,48.39,24.0,183.04,NORMAL
41.68,54.98,919.42,52.4,25.87,357.8,RISING_RISK
35.29,44.8,868.08,51.14,24.55,296.86,RISING_RISK
31.57,39.75,868.42,52.62,24.96,354.86,NORMAL
51.11,72.75,1025.29,43.96,22.36,347.18,STAGNATION_PREDICTED
17.85,16.63,536.44,50.68,24.19,185.66,NORMAL
40.74,54.87,902.07,51.94,26.02,339.14,RISING_RISK
35.98,41.01,883.68,52.94,24.5,306.82,RISING_RISK
30.58,42.53,868.93,53.25,24.91,354.42,NORMAL
53.29,71.26,1043.65,45.8,22.37,354.09,STAGNATION_PREDICTED
16.53,18.88,544.38,50.68,24.09,193.28,NORMAL
41.22,51.58,881.78,53.09,26.18,330.84,RISING_RISK
35.48,42.69,898.58,54.05,24.39,312.96,RISING_RISK
31.88,44.45,877.08,50.75,24.9,351.66,NORMAL
52.13,69.16,1022.29,47.42,22.69,349.01,STAGNATION_PREDICTED
15.51,18.07,553.5,50.96,24.16,199.12,NORMAL
37.92,53.86,862.61,53.12,26.19,326.21,RISING_RISK
39.47,46.54,897.26,53.81,24.42,329.46,RISING_RISK
33.66,43.12,892.47,49.9,25.05,345.43,NORMAL
52.99,68.07,1001.5,46.68,22.98,332.15,STAGNATION_PREDICTED
12.13,19.79,547.17,51.8,24.39,201.48,NORMAL
35.59,50.86,841.85,53.17,26.06,330.57,RISING_RISK
39.48,49.28,905.19,51.49,24.31,325.03,RISING_RISK
33.97,45.32,902.8,48.9,24.78,346.1,NORMAL
53.61,68.88,966.82,45.48,23.3,312.83,RISING_RISK
10.71,13.9,542.81,51.33,24.3,197.72,NORMAL
35.27,49.28,822.48,53.11,26.42,330.89,RISING_RISK
39.63,51.7,906.91,50.58,24.01,319.47,RISING_RISK
34.35,40.96,917.0,49.05,24.85,348.06,NORMAL
51.5,66.32,925.79,46.73,23.62,304.79,RISING_RISK
11.34,17.28,543.88,50.42,24.08,199.06,NORMAL
34.85,47.36,798.94,53.48,26.02,323.47,NORMAL
40.58,54.26,920.33,49.71,24.57,321.44,RISING_RISK
33.67,43.11,937.67,48.99,24.44,360.83,NORMAL
50.72,64.2,911.85,44.69,24.04,283.29,RISING_RISK
11.56,19.0,546.5,50.12,24.22,191.55,NORMAL
33.78,45.72,782.22,53.23,26.03,309.21,NORMAL
38.76,57.14,927.27,47.6,24.78,318.93,RISING_RISK
32.01,43.0,914.05,47.38,24.31,348.6,NORMAL
47.34,59.23,885.34,43.57,23.36,281.42,RISING_RISK
9.79,21.14,530.43,50.37,24.17,199.02,NORMAL
32.48,45.2,775.97,52.77,26.08,296.99,NORMAL
38.05,58.22,936.45,47.52,24.53,313.33,RISING_RISK
29.37,38.43,894.85,48.06,23.77,340.95,NORMAL
44.08,58.66,879.56,42.76,23.29,276.59,RISING_RISK
9.68,20.63,529.6,50.28,24.42,193.54,NORMAL
28.63,47.25,756.09,52.33,26.16,288.44,NORMAL
40.28,56.45,937.19,50.13,24.75,320.07,RISING_RISK
29.11,34.8,884.41,48.36,23.92,342.58,NORMAL
40.5,54.05,866.82,42.58,23.15,257.52,RISING_RISK
9.27,17.96,525.94,51.28,24.09,186.23,NORMAL
27.77,42.17,743.77,53.3,25.98,289.88,NORMAL
40.48,58.96,950.98,50.37,24.15,323.14,RISING_RISK
28.47,36.28,860.98,48.39,23.91,331.04,NORMAL
37.81,54.59,838.68,41.97,23.45,244.77,RISING_RISK
10.02,18.93,524.61,50.64,24.33,188.26,NORMAL
25.95,42.95,734.51,53.82,25.9,283.61,NORMAL
40.91,61.73,943.74,47.66,24.08,320.02,RISING_RISK
25.98,32.95,846.4,46.82,24.03,313.59,NORMAL
34.92,51.88,828.5,41.57,23.77,245.77,RISING_RISK
9.22,19.9,529.97,50.16,23.91,180.34,NORMAL
26.87,43.3,722.71,53.94,25.34,280.75,NORMAL
45.32,63.6,959.75,48.99,24.08,330.75,RISING_RISK
22.64,33.26,834.68,46.45,24.17,302.04,NORMAL
35.9,49.37,813.48,42.91,23.99,240.0,RISING_RISK
11.54,18.97,533.69,49.0,24.45,173.99,NORMAL
25.63,43.62,708.51,51.71,25.96,275.41,NORMAL
46.79,65.6,977.64,49.03,23.9,341.03,RISING_RISK
21.67,34.97,805.29,45.12,24.16,281.15,NORMAL
35.0,50.31,800.48,41.65,24.04,238.33,RISING_RISK
13.08,19.6,532.27,49.26,24.53,173.17,NORMAL
21.76,42.04,681.2,50.57,25.95,263.68,NORMAL
45.74,62.16,1006.76,49.5,23.22,344.89,STAGNATION_PREDICTED
22.51,34.25,783.58,45.06,24.35,264.31,NORMAL
32.39,48.68,784.82,41.49,23.48,240.6,NORMAL
13.66,19.61,526.97,49.52,24.69,173.19,NORMAL
24.55,40.82,696.23,50.4,25.86,262.27,NORMAL
45.95,60.29,1006.76,47.59,22.91,339.31,STAGNATION_PREDICTED
20.37,33.29,774.49,45.63,24.65,259.03,NORMAL
30.26,50.15,779.8,40.74,23.2,239.38,RISING_RISK
14.02,22.16,526.17,48.87,24.75,163.65,NORMAL
25.19,42.57,686.65,50.24,25.44,261.36,NORMAL
42.25,54.63,968.44,48.03,22.67,325.06,RISING_RISK
20.9,34.64,762.52,46.61,24.36,250.91,NORMAL
32.08,49.27,789.04,41.1,22.55,253.44,NORMAL
13.56,24.78,519.66,47.37,24.71,157.83,NORMAL
25.58,41.67,673.02,50.59,25.2,265.49,NORMAL
39.14,48.4,950.34,46.73,23.11,323.92,RISING_RISK
21.6,34.39,747.94,46.97,24.24,240.31,NORMAL
34.89,52.89,791.75,42.26,22.36,255.44,RISING_RISK
14.72,21.43,514.86,46.26,24.69,145.61,NORMAL
25.92,39.14,655.66,50.0,25.3,257.66,NORMAL
36.38,47.11,939.52,46.48,23.18,315.0,RISING_RISK
22.42,34.7,733.75,46.83,24.17,245.45,NORMAL
37.73,50.84,800.18,43.46,22.52,263.05,RISING_RISK
15.17,20.41,533.79,42.89,24.85,156.19,NORMAL
24.98,37.01,635.05,49.48,25.01,246.0,NORMAL
38.01,45.72,921.09,46.45,23.27,317.81,RISING_RISK
23.65,31.74,723.44,48.47,24.15,242.25,NORMAL
39.3,52.18,811.19,42.91,22.58,273.11,RISING_RISK
12.83,21.86,543.45,41.89,24.66,157.26,NORMAL
23.62,32.18,636.75,48.51,25.03,236.73,NORMAL
41.34,48.47,933.91,45.66,23.03,325.29,RISING_RISK
23.27,34.7,716.08,48.19,23.59,239.49,NORMAL
39.73,55.78,828.25,44.21,22.72,290.72,RISING_RISK
12.68,21.37,537.1,40.44,25.06,155.19,NORMAL
26.28,32.02,625.75,50.51,24.88,238.72,NORMAL
41.58,52.41,943.97,46.21,22.55,330.74,RISING_RISK
25.89,31.46,717.9,49.31,23.5,244.44,NORMAL
37.94,58.34,832.17,45.66,23.02,295.31,RISING_RISK
13.21,19.74,533.56,39.47,24.64,153.55,NORMAL
25.25,28.66,605.49,51.09,25.1,227.33,NORMAL
40.86,50.11,969.78,44.67,22.37,326.61,RISING_RISK
24.55,29.93,718.12,49.38,23.73,247.65,NORMAL
37.27,56.81,835.72,45.91,22.8,322.11,RISING_RISK
17.8,16.16,549.3,39.25,24.87,152.84,NORMAL
24.32,25.46,585.39,50.79,25.22,219.07,NORMAL
41.4,51.87,985.62,44.8,22.05,332.93,RISING_RISK
26.79,31.44,693.77,48.96,24.09,248.74,NORMAL
37.32,58.33,850.56,44.98,22.63,323.54,RISING_RISK
17.89,18.87,543.42,40.85,24.31,149.95,NORMAL
23.15,25.68,579.61,50.35,25.42,218.24,NORMAL
43.08,53.81,994.12,45.64,22.7,332.94,RISING_RISK
24.62,31.47,687.75,48.85,24.13,246.35,NORMAL
39.21,57.2,877.75,44.43,22.89,327.84,RISING_RISK
18.77,16.18,549.35,41.83,24.26,147.95,NORMAL
24.02,26.4,579.51,50.42,25.17,221.54,NORMAL
42.93,55.19,1002.16,42.62,22.81,332.44,STAGNATION_PREDICTED
23.57,30.03,670.35,46.97,24.18,226.14,NORMAL
40.48,56.53,893.35,44.73,22.52,338.54,RISING_RISK
18.38,18.43,545.93,42.1,24.28,145.71,NORMAL
22.69,27.26,582.19,49.76,25.11,226.93,NORMAL
43.09,56.6,1017.36,41.33,22.74,331.5,STAGNATION_PREDICTED
22.76,34.66,671.96,47.13,24.02,228.72,NORMAL
42.59,56.13,902.47,43.29,22.46,337.97,RISING_RISK
18.35,17.17,542.75,42.88,24.17,151.29,NORMAL
20.68,23.09,569.74,48.23,24.72,213.92,NORMAL
44.92,57.81,1010.5,40.47,22.72,342.68,STAGNATION_PREDICTED
21.54,33.69,652.66,46.42,24.11,226.82,NORMAL
44.17,56.27,927.04,43.16,22.43,336.29,RISING_RISK
18.62,17.39,530.6,44.26,23.98,155.1,NORMAL
20.48,17.19,547.21,46.77,24.58,204.19,NORMAL
46.77,56.71,1015.66,41.62,22.36,341.3,STAGNATION_PREDICTED
18.76,31.49,643.83,44.51,24.43,215.36,NORMAL
43.7,56.83,928.84,41.84,23.04,342.02,RISING_RISK
17.57,16.02,528.88,41.92,23.36,154.7,NORMAL
21.13,21.99,539.31,47.04,24.59,208.84,NORMAL
46.54,54.77,1022.29,40.56,22.19,340.9,STAGNATION_PREDICTED
20.1,31.51,644.67,46.02,24.42,208.98,NORMAL
44.77,60.99,934.19,42.18,22.59,333.02,RISING_RISK
15.87,15.5,525.23,41.89,23.29,150.35,NORMAL
20.39,22.45,542.41,47.54,24.65,216.71,NORMAL
44.91,56.3,1025.6,40.19,22.65,338.48,STAGNATION_PREDICTED
20.18,33.33,627.76,46.85,24.61,208.93,NORMAL
42.88,64.74,944.07,42.01,22.57,332.82,RISING_RISK
14.28,20.4,509.75,40.46,23.94,149.88,NORMAL
22.45,19.02,538.31,47.03,25.42,216.51,NORMAL
41.75,57.47,1038.05,38.72,22.21,341.63,STAGNATION_PREDICTED
20.74,31.31,634.99,47.74,24.5,202.71,NORMAL
44.94,61.34,949.24,42.45,22.64,340.56,RISING_RISK
14.45,18.63,513.52,42.1,23.66,148.03,NORMAL
20.53,18.41,532.81,45.36,25.46,205.48,NORMAL
41.52,58.65,1033.21,38.41,21.9,339.31,STAGNATION_PREDICTED
17.27,29.36,638.23,49.14,24.41,209.95,NORMAL
44.78,62.2,953.29,42.88,22.56,345.63,RISING_RISK
14.14,17.24,501.43,41.45,23.19,149.25,NORMAL
18.99,18.68,519.19,45.62,25.74,196.97,NORMAL
41.39,62.7,1049.35,39.54,22.14,342.95,STAGNATION_PREDICTED
19.77,27.51,618.46,49.13,24.38,215.49,NORMAL
46.19,63.39,959.98,42.7,23.06,337.33,RISING_RISK
16.06,20.94,504.97,42.96,23.23,154.29,NORMAL
20.61,15.69,512.64,45.12,25.96,180.72,NORMAL
40.59,66.33,1041.85,38.63,21.79,342.0,STAGNATION_PREDICTED
19.95,28.09,614.78,49.68,24.43,217.46,NORMAL
45.75,63.43,956.72,42.73,23.25,340.49,RISING_RISK
14.38,19.39,509.04,42.25,22.9,150.36,NORMAL
20.37,15.46,514.09,46.36,26.07,190.76,NORMAL
44.93,67.52,1045.7,40.32,21.74,345.21,STAGNATION_PREDICTED
22.53,28.72,596.95,50.97,24.71,223.69,NORMAL
45.83,63.56,971.0,42.65,23.38,339.92,RISING_RISK
12.26,20.94,536.51,44.74,22.94,167.39,NORMAL
19.78,14.92,524.17,47.27,26.51,190.51,NORMAL
46.74,66.03,1051.33,40.21,21.84,350.82,STAGNATION_PREDICTED
22.67,26.09,598.75,49.58,24.79,208.94,NORMAL
45.4,65.17,982.42,42.78,23.89,337.43,RISING_RISK
15.12,19.19,557.5,44.14,23.51,178.56,NORMAL
17.63,14.81,525.45,46.09,26.11,185.98,NORMAL
46.42,67.06,1039.08,42.02,22.09,360.0,STAGNATION_PREDICTED
21.32,27.4,622.24,47.99,24.83,207.67,NORMAL
46.35,61.33,997.61,43.46,23.33,347.0,RISING_RISK
18.85,26.9,573.21,43.11,23.22,184.71,NORMAL
19.07,14.62,527.77,46.25,26.1,191.24,NORMAL
44.99,73.25,1025.71,42.62,21.98,369.94,STAGNATION_PREDICTED
24.51,27.99,660.13,46.99,25.03,204.19,NORMAL
45.46,63.13,997.16,45.45,23.3,346.28,RISING_RISK
20.18,27.83,605.67,41.75,23.1,202.01,NORMAL
18.04,17.78,526.79,46.13,26.05,193.83,NORMAL
44.41,70.18,1042.5,41.09,22.07,374.52,STAGNATION_PREDICTED
26.95,28.98,677.47,47.18,25.36,218.21,NORMAL
44.11,63.9,1003.98,46.72,23.51,346.09,STAGNATION_PREDICTED
23.12,31.76,644.03,42.5,23.29,216.37,NORMAL
16.33,18.0,531.82,46.63,25.79,190.83,NORMAL
44.13,66.65,1050.87,41.64,22.08,391.56,STAGNATION_PREDICTED
26.11,29.3,709.32,46.27,25.18,226.93,NORMAL
42.97,64.59,1010.51,46.92,23.53,352.92,STAGNATION_PREDICTED
27.39,35.08,662.5,41.52,23.7,238.48,NORMAL
16.48,20.32,519.23,46.17,25.52,177.36,NORMAL
44.49,67.79,1052.71,42.45,22.36,394.66,STAGNATION_PREDICTED
26.83,28.65,727.4,44.66,24.78,237.95,NORMAL
43.18,63.38,1014.05,46.35,23.35,352.12,STAGNATION_PREDICTED
28.47,41.76,702.2,43.86,24.21,253.13,NORMAL
17.04,19.78,506.21,45.67,25.54,178.85,NORMAL
44.81,67.37,1056.72,42.24,22.56,392.28,STAGNATION_PREDICTED
28.63,35.7,730.15,45.93,24.54,245.18,NORMAL
43.18,61.78,1021.75,44.35,23.05,346.51,STAGNATION_PREDICTED
29.82,45.02,722.17,41.54,24.1,267.67,NORMAL
18.69,20.18,517.34,46.48,25.87,183.32,NORMAL
46.2,67.56,1069.07,41.27,22.42,378.42,STAGNATION_PREDICTED
32.36,38.99,752.78,45.15,24.21,256.45,NORMAL
43.85,61.9,1024.22,43.17,23.11,351.85,STAGNATION_PREDICTED
32.53,45.91,743.64,43.02,23.71,274.9,NORMAL
19.01,17.18,523.7,46.04,25.68,190.13,NORMAL
46.67,66.38,1059.61,41.26,22.58,379.65,STAGNATION_PREDICTED
32.64,39.61,777.48,45.15,24.14,268.57,NORMAL
43.56,65.17,1026.13,44.14,22.71,349.33,STAGNATION_PREDICTED
32.04,43.04,762.55,42.0,24.15,287.75,NORMAL
18.51,12.13,538.59,46.01,25.18,182.28,NORMAL
47.36,65.35,1044.5,40.26,22.81,385.43,STAGNATION_PREDICTED
31.39,43.7,796.9,44.32,24.27,275.32,NORMAL
44.39,65.05,1025.02,44.56,22.68,350.48,STAGNATION_PREDICTED
32.98,42.9,776.51,41.92,24.14,289.94,NORMAL
19.9,13.44,542.83,46.08,24.99,176.49,NORMAL
43.02,67.69,1053.1,39.05,22.62,389.47,STAGNATION_PREDICTED
32.05,47.24,805.23,43.08,24.19,283.44,NORMAL
44.93,66.38,1027.81,44.3,22.48,356.43,STAGNATION_PREDICTED
34.12,45.97,792.49,42.41,24.51,293.16,NORMAL
18.94,13.4,519.69,45.33,25.0,167.87,NORMAL
42.54,64.5,1057.52,39.62,22.44,386.06,STAGNATION_PREDICTED
34.4,48.96,824.77,44.41,24.45,278.75,NORMAL
46.42,67.48,1032.44,45.47,22.3,363.78,STAGNATION_PREDICTED
33.85,49.59,813.56,43.07,24.27,306.73,NORMAL
17.67,13.02,522.74,44.37,24.98,171.91,NORMAL
43.8,62.47,1067.54,39.88,22.8,390.55,STAGNATION_PREDICTED
36.75,50.72,832.26,43.15,24.75,272.64,RISING_RISK
46.89,68.5,1045.62,45.11,21.74,362.51,STAGNATION_PREDICTED
35.92,50.69,825.38,45.37,24.54,309.7,RISING_RISK
16.77,12.46,512.7,44.42,24.68,175.22,NORMAL
43.56,65.11,1055.58,40.34,22.97,402.36,STAGNATION_PREDICTED
38.94,51.86,828.69,44.58,24.35,278.58,RISING_RISK
45.8,68.45,1052.65,44.05,21.87,360.15,STAGNATION_PREDICTED
34.82,50.43,835.63,46.41,24.14,313.06,RISING_RISK
16.62,13.2,507.3,45.63,24.13,183.6,NORMAL
43.94,66.47,1055.16,40.84,23.0,403.51,STAGNATION_PREDICTED
37.95,55.63,845.65,44.88,24.31,289.83,RISING_RISK
44.08,67.65,1073.54,42.69,22.18,348.46,STAGNATION_PREDICTED
33.85,53.71,850.49,46.48,23.8,314.55,RISING_RISK
16.84,17.0,504.69,45.62,23.75,182.46,NORMAL
41.36,68.63,1052.33,41.45,23.67,393.69,STAGNATION_PREDICTED
38.54,56.42,844.89,44.41,24.47,302.85,RISING_RISK
42.65,68.17,1076.33,44.15,22.81,348.13,STAGNATION_PREDICTED
36.98,57.78,864.01,49.34,23.7,330.98,RISING_RISK
17.65,15.46,509.43,44.58,23.83,175.69,NORMAL
42.71,72.69,1056.85,41.63,24.02,384.89,STAGNATION_PREDICTED
37.69,59.05,858.1,42.86,24.67,309.34,RISING_RISK
41.03,68.85,1075.16,42.74,22.76,355.74,STAGNATION_PREDICTED
39.45,57.9,872.89,48.96,23.54,336.98,RISING_RISK
17.58,14.56,504.6,43.85,23.81,174.92,NORMAL
43.0,70.78,1058.13,42.46,23.87,384.63,STAGNATION_PREDICTED
38.24,61.86,881.37,42.09,24.97,299.76,RISING_RISK
40.48,68.18,1070.27,43.53,23.03,368.7,STAGNATION_PREDICTED
38.83,57.7,880.47,48.39,23.56,337.12,RISING_RISK
15.68,12.54,491.02,43.87,23.5,170.29,NORMAL
45.25,71.23,1074.42,42.83,23.91,377.63,STAGNATION_PREDICTED
40.22,65.24,878.91,40.92,24.97,302.7,RISING_RISK
41.88,68.62,1065.31,43.77,22.71,377.38,STAGNATION_PREDICTED
39.24,60.31,882.28,48.86,23.73,337.65,RISING_RISK
17.34,13.55,495.4,43.91,23.95,173.86,NORMAL
47.16,71.81,1062.05,42.65,23.94,372.81,STAGNATION_PREDICTED
39.58,68.8,881.85,40.55,25.35,294.67,RISING_RISK
42.71,70.22,1082.49,43.4,22.39,373.34,STAGNATION_PREDICTED
40.34,61.95,903.98,47.78,23.95,341.35,RISING_RISK
19.78,16.09,505.36,43.09,24.55,168.3,NORMAL
48.7,69.79,1061.9,42.31,23.77,379.09,STAGNATION_PREDICTED
41.0,68.71,891.24,41.03,25.7,301.61,RISING_RISK
39.9,71.4,1080.2,42.99,22.65,370.49,STAGNATION_PREDICTED
40.83,67.36,910.28,47.15,23.91,342.73,RISING_RISK
19.91,13.26,507.88,43.09,24.59,165.33,NORMAL
49.1,71.98,1057.13,42.15,23.98,380.78,STAGNATION_PREDICTED
41.42,68.86,905.29,41.93,25.41,303.61,RISING_RISK
40.72,73.91,1063.11,42.51,22.72,374.14,STAGNATION_PREDICTED
40.84,67.3,896.44,46.04,23.63,329.88,RISING_RISK
18.85,13.85,506.52,43.14,24.39,168.63,NORMAL
44.34,70.5,1020.97,42.07,23.44,361.42,STAGNATION_PREDICTED
43.19,65.06,916.29,41.7,24.58,305.57,RISING_RISK
43.79,71.2,1069.07,42.26,22.79,377.85,STAGNATION_PREDICTED
40.24,65.92,873.59,44.41,23.41,312.54,RISING_RISK
16.98,12.92,503.92,45.72,24.65,180.49,NORMAL
41.63,64.52,986.02,43.84,23.5,345.32,RISING_RISK
45.14,64.27,935.66,39.31,24.81,310.64,RISING_RISK
41.14,70.9,1062.85,42.2,23.08,395.99,STAGNATION_PREDICTED
36.49,64.46,861.01,44.37,23.31,310.36,RISING_RISK
19.28,12.6,491.43,46.24,24.93,184.61,NORMAL
39.54,63.94,961.92,43.85,23.37,342.33,RISING_RISK
45.89,65.99,950.34,37.41,24.48,311.67,RISING_RISK
42.67,69.07,1060.33,42.52,23.04,395.58,STAGNATION_PREDICTED
33.03,58.42,841.6,42.74,23.6,297.19,RISING_RISK
16.04,12.31,488.35,45.37,25.38,182.36,NORMAL
37.81,60.77,926.75,43.73,23.55,323.37,RISING_RISK
43.95,66.07,965.15,36.82,24.87,310.93,RISING_RISK
41.73,67.64,1057.68,42.92,22.92,388.61,STAGNATION_PREDICTED
34.08,58.43,834.1,41.98,23.74,286.19,RISING_RISK
15.9,11.63,483.72,44.92,25.42,180.4,NORMAL
35.08,57.51,904.32,42.08,23.99,316.71,RISING_RISK
42.46,68.05,943.63,37.7,24.63,311.7,RISING_RISK
43.56,70.85,1058.59,42.6,22.88,386.47,STAGNATION_PREDICTED
34.02,54.18,822.45,42.78,24.26,291.28,RISING_RISK
16.78,14.31,503.73,46.26,25.26,189.95,NORMAL
33.25,54.86,876.67,42.58,23.68,328.99,RISING_RISK
41.55,66.09,919.87,39.02,24.75,294.11,RISING_RISK
42.02,71.25,1051.81,43.62,23.19,389.88,STAGNATION_PREDICTED
33.53,50.08,799.65,41.22,23.88,279.36,RISING_RISK
15.88,17.13,499.64,47.86,25.48,205.58,NORMAL
32.24,56.03,866.21,41.08,23.7,318.73,RISING_RISK
39.9,62.68,905.94,37.71,24.73,291.0,RISING_RISK
41.54,69.72,1062.19,40.94,23.17,388.48,STAGNATION_PREDICTED
32.45,48.05,781.76,40.28,23.17,276.55,NORMAL
17.4,14.75,508.4,48.04,25.35,201.66,NORMAL
31.78,54.19,846.43,41.62,23.35,311.55,RISING_RISK
36.99,59.7,888.29,37.13,24.98,293.15,RISING_RISK
40.73,71.09,1055.88,40.72,23.46,389.38,STAGNATION_PREDICTED
32.53,45.16,781.63,41.64,23.29,270.39,NORMAL
15.98,15.64,520.01,46.61,25.12,185.68,NORMAL
32.56,50.39,828.71,42.12,23.67,292.29,RISING_RISK
34.82,58.76,873.69,39.08,25.2,284.94,RISING_RISK
41.89,72.56,1055.11,40.94,23.27,384.42,STAGNATION_PREDICTED
32.77,45.24,773.5,40.25,23.52,269.56,NORMAL
13.62,15.19,529.76,45.08,24.79,180.36,NORMAL
29.42,52.58,809.62,41.28,23.88,273.81,RISING_RISK
32.24,56.04,854.84,40.48,25.13,283.56,RISING_RISK
40.93,73.46,1050.93,40.91,23.45,391.37,STAGNATION_PREDICTED
29.99,45.17,756.58,39.47,23.45,260.64,NORMAL
13.86,17.08,529.18,44.57,24.44,175.26,NORMAL
29.05,51.46,784.26,40.3,24.4,262.01,RISING_RISK
31.91,53.64,836.34,39.25,25.21,286.58,RISING_RISK
41.84,75.93,1051.45,40.59,23.53,407.12,STAGNATION_PREDICTED
29.75,41.06,750.25,39.62,23.64,258.07,NORMAL
12.24,17.17,545.17,43.81,24.22,180.34,NORMAL
26.42,47.13,768.67,39.51,24.14,251.85,NORMAL
30.96,57.65,821.84,38.98,24.84,271.34,RISING_RISK
43.37,71.63,1055.0,40.19,23.31,403.96,STAGNATION_PREDICTED
28.5,39.31,732.63,40.35,23.44,252.54,NORMAL
12.38,16.15,531.24,43.71,24.28,168.01,NORMAL
25.51,45.75,747.76,38.76,24.02,254.68,NORMAL
30.57,55.86,812.16,39.23,24.47,267.66,RISING_RISK
43.27,69.64,1016.8,40.29,23.19,395.42,STAGNATION_PREDICTED
27.98,35.54,720.65,40.34,23.72,242.22,NORMAL
12.29,18.5,518.58,44.38,24.84,167.32,NORMAL
25.09,44.65,735.83,39.86,24.21,256.79,NORMAL
28.44,54.57,788.29,39.62,24.29,255.43,RISING_RISK
42.87,66.69,1006.5,39.39,23.02,379.05,STAGNATION_PREDICTED
25.17,36.08,696.59,39.22,23.85,232.71,NORMAL
13.43,16.32,508.08,46.42,24.85,175.91,NORMAL
23.32,42.64,722.57,39.04,23.89,247.25,NORMAL
26.87,51.7,784.83,40.6,24.53,250.95,RISING_RISK
40.6,61.97,973.66,40.62,23.16,371.45,RISING_RISK
25.22,35.55,693.17,39.21,24.17,231.01,NORMAL
13.3,17.85,508.16,46.63,24.79,168.95,NORMAL
22.94,42.53,729.16,38.29,23.8,238.59,NORMAL
27.18,49.68,765.4,40.22,24.71,247.47,NORMAL
38.46,63.86,960.2,40.66,23.59,353.56,RISING_RISK
24.86,37.61,688.1,40.85,23.82,224.92,NORMAL
15.68,20.02,494.79,48.0,25.06,172.98,NORMAL
22.02,45.17,717.77,38.43,24.1,236.03,NORMAL
26.78,47.56,747.98,40.63,25.05,241.99,NORMAL
36.55,58.51,946.13,40.42,23.18,338.18,RISING_RISK
20.47,38.63,671.17,41.67,24.16,214.75,NORMAL
13.83,22.72,493.45,45.83,25.22,163.18,NORMAL
22.46,42.88,700.34,39.18,23.79,226.6,NORMAL
25.88,47.82,765.78,40.15,24.9,245.67,NORMAL
35.54,55.87,937.3,40.02,22.92,329.36,RISING_RISK
18.7,37.02,666.61,40.29,24.05,210.72,NORMAL
11.35,23.84,502.99,46.23,25.14,163.01,NORMAL
21.14,39.57,677.56,40.09,23.27,220.06,NORMAL
26.76,45.53,788.01,39.14,24.75,258.29,NORMAL
35.05,52.33,906.73,39.84,22.99,325.6,RISING_RISK
16.79,40.36,664.7,41.01,24.26,207.68,NORMAL
10.81,23.39,526.22,48.58,25.12,169.33,NORMAL
22.09,39.14,666.86,39.86,22.97,226.94,NORMAL
28.63,43.03,792.81,40.52,24.88,255.57,NORMAL
36.39,55.72,926.23,40.41,23.01,321.99,RISING_RISK
16.36,42.21,658.59,40.2,23.91,208.2,NORMAL
8.75,22.4,515.91,47.89,24.55,163.48,NORMAL
20.09,40.74,671.39,38.12,22.74,235.32,NORMAL
27.92,47.35,812.75,41.01,24.95,264.1,NORMAL
35.26,56.16,943.89,41.27,23.01,325.42,RISING_RISK
15.8,40.56,643.48,41.01,23.69,187.84,NORMAL
8.79,17.88,517.32,47.42,24.85,158.33,NORMAL
18.37,40.0,670.87,38.41,22.76,232.29,NORMAL
30.39,44.68,814.48,40.36,25.38,263.57,NORMAL
36.27,54.31,948.3,41.03,23.38,327.33,RISING_RISK
18.54,37.33,652.17,41.78,23.73,178.29,NORMAL
7.91,16.44,535.28,47.84,24.21,181.24,NORMAL
17.92,35.81,664.14,37.4,22.55,226.01,NORMAL
29.84,44.91,827.94,40.52,25.47,267.16,NORMAL
37.4,55.23,959.29,41.54,23.59,318.31,RISING_RISK
18.68,36.12,631.02,41.47,23.83,168.61,NORMAL
8.01,15.48,516.89,46.98,24.18,172.34,NORMAL
15.51,35.19,653.24,38.4,22.46,222.39,NORMAL
31.18,47.61,833.52,41.76,25.85,274.97,NORMAL
38.39,57.4,968.93,40.89,23.99,317.46,RISING_RISK
18.29,39.25,631.16,43.49,23.84,164.25,NORMAL
10.28,16.01,511.47,48.05,24.04,172.65,NORMAL
13.55,33.61,656.97,39.58,22.66,222.77,NORMAL
32.94,49.62,837.86,41.99,25.08,282.11,NORMAL
41.63,62.09,971.75,40.64,24.25,319.36,RISING_RISK
19.44,39.14,630.45,42.23,24.08,161.18,NORMAL
9.29,15.63,508.9,46.58,24.05,176.15,NORMAL
13.24,31.54,652.81,40.95,23.32,217.11,NORMAL
35.79,49.91,836.62,42.72,25.08,280.76,RISING_RISK
40.8,64.3,975.42,41.56,24.45,330.59,RISING_RISK
18.15,35.2,605.89,42.61,23.95,166.03,NORMAL
10.65,15.96,503.64,45.62,24.59,172.99,NORMAL
14.58,31.12,656.24,40.64,22.77,210.18,NORMAL
38.02,50.75,858.43,41.64,25.36,276.48,RISING_RISK
40.4,69.09,981.74,42.13,24.66,331.53,RISING_RISK
17.43,34.36,588.46,41.18,24.39,168.23,NORMAL
11.0,18.54,502.02,46.13,24.81,175.12,NORMAL
15.93,31.67,661.94,42.21,22.82,216.99,NORMAL
37.66,50.49,861.53,41.82,24.74,280.17,RISING_RISK
43.3,71.01,984.34,41.84,24.39,333.74,RISING_RISK
16.06,29.15,575.1,41.08,24.71,162.96,NORMAL
9.61,15.49,508.41,46.16,25.18,171.73,NORMAL
13.63,30.17,650.88,41.83,23.12,227.89,NORMAL
41.86,49.48,880.59,41.81,24.42,289.7,RISING_RISK
45.66,72.83,989.55,41.38,24.25,340.32,RISING_RISK
17.46,28.15,584.03,41.12,24.54,164.62,NORMAL
8.53,15.56,511.87,44.42,24.96,164.22,NORMAL
11.75,29.87,659.33,41.4,23.32,226.49,NORMAL
42.59,49.29,897.09,43.35,24.4,290.88,RISING_RISK
45.11,75.03,1003.48,41.27,23.77,349.11,STAGNATION_PREDICTED
16.13,28.52,581.3,40.38,24.87,167.23,NORMAL
7.86,14.71,506.12,42.52,24.97,149.19,NORMAL
10.76,33.98,638.4,41.09,23.32,214.15,NORMAL
43.31,53.88,917.06,42.1,23.99,290.59,RISING_RISK
46.78,76.46,1006.82,41.9,23.64,341.92,STAGNATION_PREDICTED
16.37,25.59,575.6,39.85,25.28,163.77,NORMAL
9.27,12.21,508.41,41.68,24.8,148.95,NORMAL
9.26,34.69,638.29,39.82,23.34,203.95,NORMAL
44.99,58.13,916.4,42.09,24.2,293.98,RISING_RISK
46.94,81.21,1015.15,43.45,23.84,343.12,STAGNATION_PREDICTED
13.95,27.38,579.27,39.0,25.5,160.41,NORMAL
10.96,11.1,518.65,42.16,25.27,147.56,NORMAL
12.12,35.25,628.92,41.09,23.4,204.32,NORMAL
40.73,58.83,937.64,42.82,24.44,300.69,RISING_RISK
45.52,81.83,1016.11,43.38,24.33,347.39,STAGNATION_PREDICTED
15.05,28.07,578.9,40.34,25.47,151.78,NORMAL
11.77,13.86,519.46,40.9,25.22,140.6,NORMAL
11.25,35.57,624.35,42.43,23.01,211.53,NORMAL
43.09,58.96,961.32,41.56,24.13,302.24,RISING_RISK
45.99,78.27,1022.92,42.67,24.4,348.9,STAGNATION_PREDICTED
15.51,29.2,577.38,40.21,24.96,152.79,NORMAL
10.66,12.36,528.86,40.53,24.93,139.43,NORMAL
12.41,34.96,627.53,43.01,22.51,210.0,NORMAL
45.07,61.03,968.3,39.09,24.1,312.78,RISING_RISK
46.55,81.26,1027.25,42.78,24.42,348.58,STAGNATION_PREDICTED
15.11,29.57,570.24,40.35,24.8,161.38,NORMAL
8.98,14.08,528.91,41.35,25.13,136.52,NORMAL
11.38,29.65,605.08,43.43,23.33,203.88,NORMAL
45.32,60.38,975.02,38.53,24.05,313.47,RISING_RISK
44.5,79.37,1029.63,39.51,23.89,348.93,STAGNATION_PREDICTED
14.46,27.37,572.32,41.17,24.6,164.85,NORMAL
10.07,13.99,522.31,40.56,24.85,137.53,NORMAL
11.28,31.57,611.39,42.04,23.47,207.65,NORMAL
44.43,61.36,966.44,39.17,23.89,303.69,RISING_RISK
44.3,79.8,1033.22,39.03,23.59,343.94,STAGNATION_PREDICTED
14.7,27.8,564.3,42.23,24.2,162.9,NORMAL
9.18,13.34,519.14,41.82,24.93,141.6,NORMAL
9.87,30.42,605.65,42.94,23.79,203.57,NORMAL
42.15,62.81,960.28,38.55,23.12,302.26,RISING_RISK
46.62,79.33,1035.68,39.03,23.05,340.45,STAGNATION_PREDICTED
14.75,26.15,554.32,40.98,23.72,163.99,NORMAL
9.36,13.55,511.57,41.97,24.37,147.64,NORMAL
7.27,27.98,592.06,42.22,24.33,191.41,NORMAL
43.1,64.14,967.09,39.44,22.74,306.51,RISING_RISK
44.18,74.3,1002.51,38.38,22.97,333.28,STAGNATION_PREDICTED
15.03,25.05,541.53,41.17,23.65,171.71,NORMAL
8.74,11.54,507.56,42.81,24.33,149.62,NORMAL
6.45,26.04,587.7,41.53,23.93,190.53,NORMAL
46.11,62.6,962.86,38.63,22.35,314.13,RISING_RISK
42.96,74.97,973.68,36.55,22.96,326.99,RISING_RISK
14.71,22.06,541.94,41.57,23.81,175.63,NORMAL
10.73,15.17,516.0,43.47,24.02,153.68,NORMAL
1.55,22.62,582.55,43.11,24.12,185.02,NORMAL
46.89,65.23,964.14,37.99,22.1,320.43,RISING_RISK
42.99,71.82,959.95,38.01,22.83,316.6,RISING_RISK
14.36,22.24,547.62,41.64,23.84,176.89,NORMAL
11.04,14.72,524.72,43.22,23.63,161.21,NORMAL
3.72,26.69,591.39,43.68,24.23,182.78,NORMAL
48.3,69.25,979.27,38.89,21.72,318.39,RISING_RISK
41.03,66.86,940.49,38.12,23.05,305.48,RISING_RISK
15.01,22.9,544.96,42.65,23.5,164.88,NORMAL
8.42,16.96,538.66,43.5,23.73,161.03,NORMAL
5.08,26.44,586.56,43.37,23.96,185.69,NORMAL
49.28,70.65,976.5,39.9,21.77,327.14,RISING_RISK
38.12,64.29,912.55,37.18,23.37,296.56,RISING_RISK
16.32,21.26,537.95,40.15,23.56,161.04,NORMAL
10.02,19.34,546.65,44.03,23.72,166.99,NORMAL
7.59,27.3,588.19,44.22,24.16,183.22,NORMAL
49.24,66.71,984.04,39.47,22.2,329.97,RISING_RISK
36.33,62.65,901.78,36.58,23.36,285.13,RISING_RISK
14.72,20.3,519.65,39.92,24.29,154.93,NORMAL
10.96,18.98,544.33,43.75,23.89,156.3,NORMAL
9.41,24.49,572.52,43.36,24.76,170.43,NORMAL
47.56,67.2,984.52,39.19,22.47,344.74,RISING_RISK
34.1,59.96,878.01,36.88,23.63,278.28,RISING_RISK
12.54,19.55,535.9,39.9,23.87,163.63,NORMAL
12.38,20.31,541.86,42.91,24.22,159.63,NORMAL
12.32,25.47,592.01,43.67,25.05,188.99,NORMAL
45.97,65.01,969.26,40.55,22.47,332.32,RISING_RISK
31.86,57.44,869.05,36.35,23.54,276.46,RISING_RISK
10.04,20.88,550.05,38.29,24.04,151.11,NORMAL
13.77,23.44,534.97,42.1,23.87,156.29,NORMAL
14.33,27.41,617.06,43.54,24.95,201.91,NORMAL
44.57,63.61,926.61,42.54,22.98,318.85,RISING_RISK
31.92,55.92,851.33,36.65,23.68,270.85,RISING_RISK
5.28,17.66,555.4,39.48,23.81,148.22,NORMAL
11.73,21.36,550.24,41.22,24.13,159.47,NORMAL
16.31,26.12,639.35,42.01,25.07,219.16,NORMAL
43.55,62.74,915.52,43.28,23.68,307.3,RISING_RISK
31.78,52.34,829.85,38.39,23.84,267.77,RISING_RISK
4.88,15.84,550.55,39.09,23.58,158.73,NORMAL
11.17,19.61,545.85,42.11,24.04,164.78,NORMAL
19.13,31.39,650.25,42.92,24.98,228.21,NORMAL
44.33,58.86,894.74,42.48,23.85,298.86,RISING_RISK
34.04,52.32,810.33,40.01,23.47,265.24,RISING_RISK
3.04,13.0,554.59,38.86,24.1,155.09,NORMAL
8.62,23.12,541.07,42.28,24.2,158.28,NORMAL
20.98,34.0,673.62,42.45,25.3,253.09,NORMAL
39.38,55.47,863.6,43.64,24.19,293.85,RISING_RISK
31.53,48.88,790.82,39.57,23.32,249.51,NORMAL
6.09,16.41,561.4,39.08,24.0,153.43,NORMAL
9.16,25.46,535.01,42.18,23.96,156.94,NORMAL
24.76,37.17,701.85,40.66,25.02,260.47,NORMAL
37.86,56.9,854.4,43.74,24.41,280.03,RISING_RISK
31.96,50.73,813.53,38.27,23.07,256.75,RISING_RISK
7.96,17.17,558.45,39.29,24.45,147.83,NORMAL
10.24,24.82,528.05,43.24,23.99,155.32,NORMAL
24.66,38.53,726.17,40.09,24.94,265.25,NORMAL
38.9,60.27,867.17,44.51,24.41,285.8,RISING_RISK
30.62,52.56,829.16,36.99,23.55,259.05,RISING_RISK
10.18,22.31,552.32,40.02,24.45,136.93,NORMAL
11.47,25.94,536.09,41.6,24.06,149.64,NORMAL
25.05,38.2,737.01,39.29,24.77,277.48,NORMAL
39.4,60.83,888.81,43.34,24.73,293.67,RISING_RISK
31.77,53.32,841.92,36.22,23.69,263.69,RISING_RISK
7.64,20.54,568.5,39.34,24.75,136.53,NORMAL
11.82,24.86,537.34,42.36,24.1,152.18,NORMAL
27.17,38.91,750.65,39.44,24.47,288.41,NORMAL
40.17,57.57,895.42,43.7,24.83,295.8,RISING_RISK
31.35,56.68,857.5,38.48,24.22,264.24,RISING_RISK
11.83,23.05,564.15,40.11,24.85,136.5,NORMAL
11.57,26.61,539.25,43.13,23.8,151.09,NORMAL
27.17,41.26,767.49,38.82,24.24,297.12,NORMAL
41.95,56.21,901.12,43.98,24.86,302.25,RISING_RISK
30.31,56.45,865.44,38.21,24.15,269.86,RISING_RISK
10.25,23.23,564.26,39.2,24.99,129.89,NORMAL
12.13,29.07,541.97,43.26,24.34,144.57,NORMAL
30.58,46.0,790.17,39.33,24.2,298.99,NORMAL
41.1,58.43,902.92,42.63,24.6,311.23,RISING_RISK
30.9,58.1,870.15,38.16,24.03,278.44,RISING_RISK
10.4,22.82,549.93,39.36,25.66,132.18,NORMAL
13.93,29.41,528.37,43.22,24.04,145.9,NORMAL
31.54,43.61,793.45,40.43,23.6,300.47,NORMAL
42.0,59.89,917.56,41.47,24.41,321.17,RISING_RISK
31.48,60.84,867.5,39.3,24.37,275.33,RISING_RISK
11.0,19.38,544.24,38.73,25.87,128.2,NORMAL
12.6,27.71,533.64,44.16,24.05,154.63,NORMAL
28.34,45.59,807.91,41.08,23.61,301.35,NORMAL
42.32,62.18,915.78,40.75,24.05,318.65,RISING_RISK
32.14,59.97,880.34,39.66,24.59,289.48,RISING_RISK
10.28,17.51,533.17,39.64,26.17,129.01,NORMAL
17.21,30.61,557.69,43.82,24.32,173.04,NORMAL
29.58,43.31,828.08,41.51,23.65,317.09,NORMAL
38.37,64.95,930.9,42.9,23.61,328.32,RISING_RISK
33.5,60.71,902.62,38.83,24.22,277.45,RISING_RISK
10.91,16.87,530.98,39.44,25.94,137.66,NORMAL
19.36,30.73,573.21,43.99,24.54,176.44,NORMAL
30.23,40.74,844.35,43.51,23.55,325.39,NORMAL
39.29,66.12,944.76,42.87,23.34,330.94,RISING_RISK
33.78,60.63,922.84,39.33,23.69,278.48,RISING_RISK
11.67,16.85,522.25,39.54,26.44,133.56,NORMAL
20.79,32.45,603.76,43.37,24.85,174.67,NORMAL
28.74,40.51,858.32,43.65,23.27,331.26,NORMAL
38.51,66.22,932.22,43.48,23.69,330.6,RISING_RISK
30.58,60.5,927.11,39.75,24.01,277.06,RISING_RISK
14.04,14.39,523.43,38.93,26.04,154.85,NORMAL
23.81,38.34,635.17,43.61,24.59,186.16,NORMAL
33.19,42.95,858.63,42.82,23.32,329.08,NORMAL
35.82,68.59,938.94,42.54,23.66,333.06,RISING_RISK
32.05,61.09,944.1,40.73,24.16,281.41,RISING_RISK
17.77,16.57,515.91,39.1,26.46,144.52,NORMAL
25.36,39.61,658.52,43.81,25.0,199.51,NORMAL
34.86,46.65,869.2,43.54,24.25,334.28,NORMAL
37.54,66.48,943.13,43.31,23.75,332.16,RISING_RISK
34.82,60.99,944.11,38.99,24.09,295.27,RISING_RISK
16.07,14.96,511.05,39.22,26.0,138.79,NORMAL
28.0,42.34,679.87,44.47,24.59,214.48,NORMAL
34.6,47.41,885.18,41.79,24.32,345.59,NORMAL
38.21,68.61,952.28,42.58,24.24,340.35,RISING_RISK
36.29,61.06,956.8,38.63,24.12,299.86,RISING_RISK
19.33,14.57,509.2,39.83,25.73,143.47,NORMAL
30.27,47.45,697.95,45.54,24.52,218.41,NORMAL
32.87,48.85,891.37,40.98,24.09,349.51,NORMAL
40.06,64.98,969.43,43.52,24.69,329.81,RISING_RISK
36.87,65.59,973.09,38.45,23.98,310.87,RISING_RISK
20.19,13.74,497.68,40.81,25.99,140.49,NORMAL
30.78,49.72,719.01,45.24,24.69,228.49,NORMAL
33.87,46.46,886.93,41.91,24.16,355.73,NORMAL
35.87,68.04,974.67,42.83,24.84,334.33,RISING_RISK
38.1,66.03,991.05,38.93,24.46,317.5,RISING_RISK
20.06,12.6,489.16,39.95,25.63,146.72,NORMAL
31.67,47.86,752.92,44.0,25.2,244.91,NORMAL
31.76,50.34,912.77,43.83,24.68,357.96,RISING_RISK
38.98,64.24,971.99,40.52,24.98,344.7,RISING_RISK
38.76,66.63,1001.76,38.36,24.51,322.85,STAGNATION_PREDICTED
21.0,10.28,492.97,40.5,24.92,143.48,NORMAL
33.76,50.27,777.02,44.84,25.4,244.63,RISING_RISK
32.18,52.85,920.0,43.36,24.54,350.27,RISING_RISK
39.58,58.61,988.12,41.29,25.9,344.67,RISING_RISK
40.73,71.83,1019.45,39.48,24.16,327.37,STAGNATION_PREDICTED
21.51,8.16,483.66,40.91,25.49,134.23,NORMAL
34.34,53.97,785.24,45.51,25.78,252.61,RISING_RISK
33.25,55.47,924.5,42.63,24.39,353.6,RISING_RISK
41.1,59.81,979.94,42.55,26.21,348.66,RISING_RISK
41.56,69.74,1037.77,41.07,23.81,319.77,STAGNATION_PREDICTED
21.11,8.52,490.29,41.31,25.56,135.57,NORMAL
35.33,54.51,808.66,45.45,25.78,269.12,RISING_RISK
33.53,54.43,931.71,41.43,24.91,359.65,RISING_RISK
42.75,59.46,985.98,42.08,25.97,350.55,RISING_RISK
41.43,71.85,1041.15,41.34,23.65,323.53,STAGNATION_PREDICTED
20.47,9.28,470.98,42.65,25.74,134.86,NORMAL
35.11,55.21,809.45,45.31,25.54,272.53,RISING_RISK
33.94,55.32,932.56,41.7,24.93,354.27,RISING_RISK
42.95,62.59,991.04,42.6,26.05,347.22,RISING_RISK
41.67,69.92,1025.25,42.1,23.72,330.45,STAGNATION_PREDICTED
21.07,11.39,474.25,42.82,25.42,145.58,NORMAL
36.63,59.14,832.79,43.36,25.93,280.93,RISING_RISK
36.01,56.66,939.5,41.12,24.74,351.14,RISING_RISK
43.93,63.31,986.67,42.76,26.2,344.25,RISING_RISK
42.68,71.03,1016.06,41.45,23.98,329.64,STAGNATION_PREDICTED
20.9,11.37,488.81,43.98,25.45,141.48,NORMAL
37.5,60.61,849.2,43.61,26.5,284.31,RISING_RISK
36.41,59.38,955.03,41.89,25.05,346.73,RISING_RISK
45.05,65.67,976.15,42.98,26.46,349.9,RISING_RISK
44.58,66.44,1010.35,41.23,23.64,331.57,STAGNATION_PREDICTED
20.98,14.5,496.21,43.86,25.02,146.54,NORMAL
38.77,63.35,847.44,44.86,26.16,291.01,RISING_RISK
37.85,59.68,962.86,41.12,25.05,344.66,RISING_RISK
43.18,67.12,978.39,43.26,26.9,359.98,RISING_RISK
42.84,66.11,995.08,41.87,23.5,335.31,RISING_RISK
22.75,18.94,493.54,44.1,25.23,139.65,NORMAL
40.87,64.81,872.2,44.97,25.9,294.44,RISING_RISK
38.27,62.19,968.89,42.01,24.53,349.32,RISING_RISK
45.75,64.27,981.48,44.04,26.69,366.26,RISING_RISK
46.51,66.3,1018.67,42.0,23.91,338.26,STAGNATION_PREDICTED
21.51,19.34,498.5,46.41,25.33,140.54,NORMAL
40.15,64.95,869.44,45.22,25.42,303.24,RISING_RISK
37.83,62.13,976.36,42.17,24.72,346.88,RISING_RISK
44.2,67.28,990.94,46.38,26.52,374.94,RISING_RISK
46.22,63.34,1019.83,43.97,24.08,341.64,STAGNATION_PREDICTED
20.67,21.05,482.05,47.43,25.51,146.92,NORMAL
38.3,65.37,883.49,43.75,25.41,301.09,RISING_RISK
40.19,59.77,975.51,44.1,24.12,355.17,RISING_RISK
42.31,65.75,995.89,46.75,26.31,370.26,RISING_RISK
46.9,64.33,1020.75,44.57,24.07,341.15,STAGNATION_PREDICTED
21.43,22.65,480.75,46.37,25.43,138.24,NORMAL
40.45,63.08,888.98,43.52,24.59,313.84,RISING_RISK
42.83,61.49,980.38,44.59,24.07,354.23,RISING_RISK
44.55,65.72,1017.17,46.83,26.16,378.37,STAGNATION_PREDICTED
48.21,65.54,1015.74,43.4,24.37,348.83,STAGNATION_PREDICTED
18.76,20.08,472.67,49.11,24.82,149.41,NORMAL
41.36,62.93,902.91,43.63,24.08,310.34,RISING_RISK
42.89,62.43,978.89,44.22,24.24,348.81,RISING_RISK
46.73,68.5,1021.71,48.4,26.46,380.31,STAGNATION_PREDICTED
44.15,69.38,1017.71,42.1,24.16,361.9,STAGNATION_PREDICTED
19.75,21.52,461.94,48.74,24.37,147.43,NORMAL
42.81,65.61,917.27,44.07,24.22,319.29,RISING_RISK
45.89,63.73,983.82,45.52,23.95,349.21,RISING_RISK
47.03,66.95,1029.06,47.58,26.16,380.17,STAGNATION_PREDICTED
42.79,68.67,997.46,43.34,24.08,343.64,RISING_RISK
17.33,20.58,460.0,50.22,24.29,161.2,NORMAL
44.57,62.83,920.96,45.38,24.23,325.91,RISING_RISK
44.36,62.93,957.23,46.01,24.13,339.53,RISING_RISK
49.46,64.67,1035.68,49.05,26.04,384.65,STAGNATION_PREDICTED
42.92,64.11,966.33,42.41,24.06,333.15,RISING_RISK
16.58,21.52,454.68,49.14,24.48,155.12,NORMAL
46.51,62.11,939.26,47.24,24.01,335.43,RISING_RISK
44.05,56.0,940.7,46.92,24.24,338.33,RISING_RISK
49.97,66.35,1039.34,49.33,26.08,396.93,STAGNATION_PREDICTED
43.48,61.68,936.11,43.43,24.0,320.88,RISING_RISK
14.84,19.42,458.39,48.49,23.99,156.9,NORMAL
47.82,63.58,949.75,47.86,23.8,334.07,RISING_RISK
41.15,54.44,918.65,46.87,24.68,321.31,RISING_RISK
50.46,67.18,1052.57,50.66,26.14,400.59,STAGNATION_PREDICTED
42.64,57.84,910.43,43.36,23.94,310.17,RISING_RISK
14.87,18.96,468.46,47.72,23.59,155.24,NORMAL
47.71,60.73,943.31,47.53,23.99,339.29,RISING_RISK
42.34,53.99,896.6,46.54,24.92,321.04,RISING_RISK
53.63,65.04,1063.28,50.71,26.03,394.68,STAGNATION_PREDICTED
44.8,60.36,919.12,43.61,24.18,318.82,RISING_RISK
14.94,19.59,463.9,48.11,23.63,155.5,NORMAL
47.08,62.06,952.39,48.1,24.07,354.85,RISING_RISK
39.89,51.16,872.25,46.29,25.36,296.97,RISING_RISK
53.46,60.77,1053.78,49.0,25.75,398.34,STAGNATION_PREDICTED
44.0,63.5,923.43,42.91,24.1,323.43,RISING_RISK
15.61,18.46,467.48,48.63,23.63,163.0,NORMAL
48.28,64.6,963.84,47.24,24.33,365.03,RISING_RISK
38.24,53.14,854.14,47.89,25.24,290.59,RISING_RISK
53.44,62.75,1063.64,48.52,25.64,398.78,STAGNATION_PREDICTED
43.33,64.37,926.97,44.0,23.89,327.82,RISING_RISK
14.31,15.88,459.48,49.44,23.38,166.56,NORMAL
49.69,62.69,972.03,47.52,24.64,367.76,RISING_RISK
39.37,54.56,840.07,45.19,24.98,268.92,RISING_RISK
52.14,63.77,1061.42,48.68,25.29,402.96,STAGNATION_PREDICTED
43.6,63.75,925.34,44.02,24.07,317.99,RISING_RISK
11.48,17.35,452.85,50.89,23.73,172.76,NORMAL
52.91,61.89,982.74,49.05,24.31,372.81,RISING_RISK
36.36,49.25,833.68,45.85,24.25,254.9,RISING_RISK
53.91,62.03,1065.82,47.83,25.63,408.31,STAGNATION_PREDICTED
42.95,61.54,917.38,44.59,24.37,322.85,RISING_RISK
10.72,17.79,445.92,48.88,23.83,170.98,NORMAL
51.53,62.63,978.85,49.74,24.61,378.18,RISING_RISK
32.65,47.81,825.13,46.05,24.31,239.48,NORMAL
53.5,62.49,1065.96,47.15,25.4,406.24,STAGNATION_PREDICTED
42.14,60.46,932.51,44.28,24.62,333.04,RISING_RISK
9.34,18.94,463.32,49.26,23.45,183.76,NORMAL
49.5,61.77,964.51,49.45,24.66,358.53,RISING_RISK
31.89,45.18,805.61,48.12,24.16,248.09,NORMAL
53.53,61.8,1076.44,46.83,24.9,407.68,STAGNATION_PREDICTED
44.4,61.69,921.74,44.39,24.8,333.56,RISING_RISK
11.64,15.31,461.64,48.59,22.98,185.29,NORMAL
45.9,58.9,952.35,48.74,24.45,353.82,RISING_RISK
29.52,45.2,793.22,49.2,24.14,250.35,NORMAL
50.37,59.41,1039.14,46.8,25.03,397.08,STAGNATION_PREDICTED
45.53,60.87,938.63,44.04,24.94,333.27,RISING_RISK
12.19,14.3,474.16,50.03,22.95,181.28,NORMAL
44.9,57.02,939.44,48.86,24.04,346.61,RISING_RISK
29.67,44.41,786.97,50.4,24.69,263.26,NORMAL
48.61,55.99,1009.97,47.5,25.36,389.56,STAGNATION_PREDICTED
46.71,61.42,943.64,43.98,24.96,349.78,RISING_RISK
10.97,14.64,487.43,51.16,22.56,186.56,NORMAL
42.29,55.3,924.48,47.45,23.83,324.47,RISING_RISK
29.28,44.21,783.63,50.0,24.46,251.49,NORMAL
47.31,57.89,992.46,48.77,25.29,380.23,RISING_RISK
46.48,62.17,945.99,42.25,24.85,347.8,RISING_RISK
11.37,16.08,480.23,51.7,22.2,190.42,NORMAL
40.46,52.0,893.38,47.66,23.87,312.66,RISING_RISK
27.39,42.23,759.08,49.43,24.46,250.53,NORMAL
44.6,55.47,945.02,50.49,25.54,373.48,RISING_RISK
47.96,65.47,941.8,42.72,25.14,347.27,RISING_RISK
13.64,15.04,485.23,51.52,22.25,188.2,NORMAL
41.6,47.85,884.81,47.79,24.12,305.59,RISING_RISK
29.12,39.35,744.82,48.48,24.58,239.99,NORMAL
44.02,54.72,923.6,51.88,25.69,365.41,RISING_RISK
52.27,66.05,961.86,43.26,25.03,349.38,RISING_RISK
11.69,12.42,472.48,50.55,22.15,191.04,NORMAL
41.14,48.56,856.35,48.9,23.69,303.14,RISING_RISK
26.01,39.15,724.63,47.2,25.05,233.48,NORMAL
40.26,52.9,913.33,51.27,25.5,359.66,RISING_RISK
51.47,66.15,958.23,43.48,24.54,359.77,RISING_RISK
10.78,13.3,477.39,51.41,21.93,191.19,NORMAL
40.37,46.66,828.03,50.29,23.41,307.39,RISING_RISK
25.0,41.79,710.71,47.24,25.0,233.01,NORMAL
39.38,49.2,883.65,52.02,25.59,363.04,RISING_RISK
51.62,67.49,963.81,42.5,24.38,352.13,RISING_RISK
12.94,15.59,456.79,51.86,21.93,185.79,NORMAL
38.78,48.98,851.21,51.84,22.86,324.59,RISING_RISK
27.43,40.65,695.26,47.23,25.57,229.03,NORMAL
37.47,48.94,866.02,50.59,25.5,345.91,RISING_RISK
50.24,68.39,964.88,43.26,24.51,352.49,RISING_RISK
12.56,14.59,457.08,52.43,21.74,182.42,NORMAL
41.98,48.84,856.6,52.07,22.4,329.06,RISING_RISK
26.43,38.57,678.13,48.17,25.16,222.88,NORMAL
36.08,48.12,846.24,48.7,25.77,326.9,RISING_RISK
52.56,68.89,957.87,44.37,24.82,368.71,RISING_RISK
11.32,12.14,473.31,51.68,21.97,182.91,NORMAL
41.69,49.3,863.03,51.4,22.43,326.32,RISING_RISK
23.83,35.9,654.42,47.52,24.72,220.67,NORMAL
34.95,46.03,840.01,48.38,25.15,314.24,NORMAL
53.34,70.15,967.97,45.3,24.89,365.15,RISING_RISK
10.64,13.1,480.9,52.27,21.49,182.96,NORMAL
43.94,50.22,872.35,52.92,22.11,343.43,RISING_RISK
26.37,34.68,648.25,48.21,24.84,217.67,NORMAL
31.81,45.03,814.14,47.68,25.47,308.0,NORMAL
49.26,67.89,956.38,46.43,24.38,354.82,RISING_RISK
11.29,14.87,472.73,52.58,21.5,186.83,NORMAL
46.45,50.93,878.62,51.62,22.11,339.62,RISING_RISK
26.08,36.94,659.17,47.02,24.2,210.46,NORMAL
31.46,42.58,805.82,47.1,25.15,306.92,NORMAL
44.79,63.31,950.18,46.2,24.16,342.25,RISING_RISK
9.27,12.32,467.41,53.45,21.86,190.36,NORMAL
47.99,49.34,892.7,50.82,22.34,341.57,RISING_RISK
25.97,35.49,666.39,50.04,24.29,215.52,NORMAL
30.35,37.31,804.07,48.61,25.26,305.81,NORMAL
41.25,67.03,925.81,44.02,24.02,327.11,RISING_RISK
9.08,11.1,478.94,54.23,21.6,193.64,NORMAL
49.77,48.5,898.6,50.66,22.35,355.45,RISING_RISK
23.33,31.95,628.44,50.78,24.59,212.49,NORMAL
29.66,34.98,786.88,48.14,25.01,300.82,NORMAL
39.96,63.22,911.53,44.16,24.17,316.01,RISING_RISK
7.78,9.94,468.86,53.98,21.65,182.38,NORMAL
48.48,48.68,914.58,49.49,22.47,344.56,RISING_RISK
22.33,33.08,624.92,48.96,24.09,214.25,NORMAL
27.72,34.46,789.4,47.38,24.97,293.01,NORMAL
39.46,59.8,884.26,45.59,23.39,296.37,RISING_RISK
7.16,8.14,479.64,53.16,21.59,194.27,NORMAL
49.11,48.24,928.16,49.6,21.88,350.66,RISING_RISK
25.74,30.78,629.84,48.73,24.05,218.55,NORMAL
24.24,32.34,768.02,48.56,24.89,293.62,NORMAL
38.91,57.58,871.83,46.29,23.21,279.02,RISING_RISK
8.46,7.27,481.46,53.27,21.44,203.22,NORMAL
49.95,47.29,927.24,49.6,22.13,351.72,RISING_RISK
27.92,27.46,623.01,50.19,23.83,222.05,NORMAL
27.48,32.91,779.01,48.85,25.16,305.07,NORMAL
37.5,57.58,850.41,47.01,22.66,277.68,RISING_RISK
6.93,8.84,485.89,54.74,21.46,207.95,NORMAL
47.41,50.43,926.93,50.17,22.28,363.38,RISING_RISK
24.0,25.21,620.49,51.05,24.09,224.36,NORMAL
27.21,35.79,805.07,49.76,24.5,308.9,NORMAL
37.71,57.92,827.28,46.05,23.81,261.0,RISING_RISK
5.96,5.72,476.18,54.6,21.64,200.98,NORMAL
46.62,51.22,932.42,51.12,22.35,361.17,RISING_RISK
24.93,28.98,663.8,49.71,24.55,235.95,NORMAL
29.08,35.19,817.26,51.3,24.9,324.95,NORMAL
36.5,54.68,817.09,44.76,24.37,241.84,RISING_RISK
7.84,9.75,475.99,54.31,21.98,206.37,NORMAL
47.47,48.78,928.71,52.19,22.34,361.32,RISING_RISK
24.72,28.18,693.9,50.03,24.6,239.4,NORMAL
29.26,35.1,817.86,49.73,25.05,323.53,NORMAL
34.08,53.22,810.4,45.15,24.56,249.48,RISING_RISK
5.69,9.79,478.01,55.06,22.05,217.63,NORMAL
48.77,50.37,930.12,52.16,22.48,372.9,RISING_RISK
25.64,29.75,715.18,49.64,24.06,241.15,NORMAL
33.37,37.64,824.44,48.56,24.87,339.29,NORMAL
31.83,53.77,798.89,45.06,24.6,243.38,RISING_RISK
5.94,10.28,479.31,55.16,21.7,215.63,NORMAL
50.15,48.7,931.23,50.64,22.7,360.96,RISING_RISK
29.31,33.15,733.49,48.18,23.84,245.76,NORMAL
32.78,42.21,842.57,50.43,25.08,358.09,NORMAL
33.57,51.8,803.83,46.26,24.76,239.35,RISING_RISK
5.85,12.74,483.7,52.95,22.06,212.04,NORMAL
49.73,47.41,948.88,52.18,23.35,379.16,RISING_RISK
30.39,34.84,748.67,45.86,23.69,237.46,NORMAL
31.66,44.64,856.59,49.96,24.85,352.76,NORMAL
32.16,47.94,786.41,45.64,25.07,231.34,NORMAL
6.24,12.79,492.5,52.65,21.91,216.72,NORMAL
48.31,49.51,949.63,49.21,23.58,380.99,RISING_RISK
31.22,36.56,762.82,45.96,23.49,242.08,NORMAL
31.3,49.99,875.12,49.57,25.15,353.2,NORMAL
30.03,44.68,783.89,45.93,24.8,225.84,NORMAL
7.56,15.54,484.1,52.44,21.53,214.05,NORMAL
51.24,51.79,959.59,47.49,23.56,366.01,RISING_RISK
31.61,40.41,787.46,46.01,23.54,253.84,NORMAL
33.14,51.47,887.84,51.05,25.16,361.63,RISING_RISK
28.83,41.77,779.27,45.52,25.1,230.68,NORMAL
6.11,19.75,481.3,51.17,21.93,196.56,NORMAL
47.17,46.29,933.82,48.61,23.81,354.68,RISING_RISK
31.95,41.62,797.11,46.26,23.84,269.62,NORMAL
34.65,54.39,935.14,48.91,24.39,359.03,RISING_RISK
29.98,38.27,769.39,46.43,25.15,237.3,NORMAL
6.13,20.23,491.12,50.85,21.83,193.68,NORMAL
46.56,46.56,917.89,47.36,23.67,353.36,RISING_RISK
31.27,42.51,800.41,47.05,24.07,284.39,NORMAL
34.05,51.47,939.55,48.68,24.57,369.28,RISING_RISK
30.49,37.44,761.38,48.21,24.87,247.17,NORMAL
7.22,19.12,491.44,50.99,22.31,188.93,NORMAL
44.36,44.11,900.63,46.49,24.54,346.03,RISING_RISK
33.67,42.87,812.18,46.5,24.29,285.96,NORMAL
32.27,47.34,947.15,49.78,24.39,364.42,NORMAL
28.06,39.5,751.86,47.81,24.71,242.6,NORMAL
7.83,22.97,496.29,48.38,22.15,177.19,NORMAL
41.51,40.71,867.79,46.82,24.66,337.77,RISING_RISK
33.66,43.98,815.64,46.98,24.53,289.61,NORMAL
34.74,48.06,948.13,49.98,24.46,363.57,NORMAL
27.1,42.26,742.23,46.71,24.97,234.64,NORMAL
3.93,22.39,494.06,48.51,22.3,173.97,NORMAL
43.25,40.94,849.03,47.44,24.82,323.41,RISING_RISK
32.87,44.47,836.96,47.41,24.29,301.94,NORMAL
35.23,49.67,945.42,49.73,23.91,356.42,RISING_RISK
26.7,40.89,732.07,45.24,24.9,226.21,NORMAL
1.72,23.23,505.75,47.31,22.46,181.27,NORMAL
37.93,40.06,849.76,47.09,24.9,312.85,RISING_RISK
32.51,45.09,840.88,46.87,24.29,297.74,NORMAL
35.96,50.85,966.54,51.29,24.24,357.8,RISING_RISK
24.36,38.19,714.0,45.21,24.52,219.53,NORMAL
2.14,22.27,498.84,48.68,22.59,188.9,NORMAL
36.71,39.26,838.91,46.98,25.46,296.62,RISING_RISK
32.83,46.86,852.04,49.37,24.26,315.84,NORMAL
35.18,49.9,972.71,50.53,24.12,354.57,RISING_RISK
24.55,37.34,702.22,46.29,24.76,215.64,NORMAL
2.31,23.88,503.09,48.57,22.61,182.63,NORMAL
37.35,37.3,816.29,46.43,24.9,287.44,RISING_RISK
34.85,46.98,865.86,48.69,24.94,310.3,NORMAL
34.43,49.34,958.93,49.55,23.75,347.58,NORMAL
24.71,36.43,680.78,46.04,24.56,210.14,NORMAL
4.72,24.85,513.43,49.41,22.66,181.12,NORMAL
36.61,32.62,797.01,47.2,25.12,283.91,RISING_RISK
36.69,48.56,892.77,46.97,24.81,305.17,RISING_RISK
34.96,51.1,931.59,51.02,23.34,334.37,RISING_RISK
27.79,33.37,676.77,46.95,24.88,210.03,NORMAL
3.53,23.11,503.91,48.5,22.48,168.25,NORMAL
32.8,32.89,767.65,46.67,24.93,277.54,NORMAL
35.63,49.17,893.86,46.3,24.92,309.12,RISING_RISK
34.33,51.72,904.62,51.16,23.69,332.18,RISING_RISK
25.93,30.39,674.51,46.75,24.75,208.97,NORMAL
4.88,21.9,500.42,49.61,22.74,176.03,NORMAL
32.84,32.48,755.23,45.23,24.64,271.61,NORMAL
39.08,50.39,911.08,48.14,24.48,324.26,RISING_RISK
33.68,53.75,889.77,49.95,23.99,318.58,RISING_RISK
22.81,31.85,680.1,47.33,24.49,218.01,NORMAL
5.57,22.05,491.82,50.11,22.7,172.87,NORMAL
32.38,30.98,739.62,46.64,25.36,275.2,NORMAL
40.47,50.52,914.34,48.24,24.06,322.98,RISING_RISK
32.29,53.8,880.79,48.57,24.09,306.27,RISING_RISK
23.68,32.83,674.66,47.09,23.82,210.79,NORMAL
7.37,19.44,498.95,49.74,22.63,174.97,NORMAL
29.41,28.28,728.01,45.94,25.58,262.46,NORMAL
39.82,51.12,928.72,47.86,23.94,322.88,RISING_RISK
31.41,50.63,866.65,49.01,24.33,302.75,RISING_RISK
21.1,33.07,663.43,48.05,23.67,216.78,NORMAL
8.62,20.36,503.79,50.32,22.43,170.3,NORMAL
28.8,27.2,715.26,47.24,25.46,263.79,NORMAL
41.04,50.69,936.42,47.8,23.66,336.98,RISING_RISK
29.41,47.03,856.9,49.69,24.18,292.38,NORMAL
21.44,33.53,644.64,48.65,23.75,218.23,NORMAL
11.63,20.84,499.38,50.39,22.83,166.59,NORMAL
27.98,25.97,700.81,45.73,25.4,246.25,NORMAL
42.65,51.75,958.3,47.9,24.17,340.16,RISING_RISK
26.32,46.59,835.23,49.4,24.2,286.9,NORMAL
21.04,32.85,648.73,48.74,24.06,214.8,NORMAL
13.88,24.08,538.98,50.26,23.22,174.33,NORMAL
25.72,28.0,680.1,47.42,25.14,241.81,NORMAL
42.77,58.83,962.81,48.22,24.71,344.47,RISING_RISK
25.51,45.62,816.24,50.75,24.51,282.68,NORMAL
19.6,33.61,640.09,47.41,24.22,219.56,NORMAL
17.61,25.3,568.23,51.37,22.98,187.52,NORMAL
27.61,29.45,671.43,47.26,25.26,230.14,NORMAL
44.35,59.7,976.85,48.36,24.68,354.68,RISING_RISK
25.43,43.61,786.77,51.6,24.24,271.46,NORMAL
18.63,34.27,636.03,47.26,24.57,219.61,NORMAL
15.68,26.17,581.5,51.88,23.37,201.91,NORMAL
27.65,28.46,675.62,45.98,24.97,219.72,NORMAL
45.06,60.9,979.34,48.73,24.65,354.03,RISING_RISK
24.28,41.92,776.09,51.26,24.0,259.75,NORMAL
17.08,29.78,622.47,46.61,24.82,211.09,NORMAL
18.01,24.53,613.36,52.42,23.6,226.63,NORMAL
26.9,33.94,669.2,45.26,24.96,217.6,NORMAL
43.59,64.14,982.88,48.42,24.98,361.63,RISING_RISK
24.08,39.74,754.4,50.51,23.59,262.67,NORMAL
18.57,28.12,610.09,46.27,24.84,208.15,NORMAL
17.82,26.65,645.33,52.47,23.64,237.69,NORMAL
28.29,34.81,663.44,45.2,25.17,221.12,NORMAL
44.94,65.83,997.78,47.58,24.52,365.82,RISING_RISK
23.92,38.93,758.18,49.79,23.33,247.85,NORMAL
20.15,29.71,598.19,46.25,25.24,209.7,NORMAL
20.25,29.7,664.17,51.56,23.4,239.95,NORMAL
28.97,34.91,669.34,44.44,24.97,207.76,NORMAL
42.87,68.05,996.7,48.98,24.87,374.09,RISING_RISK
23.46,36.69,740.88,47.83,23.21,232.21,NORMAL
18.41,28.72,597.1,45.43,25.11,205.1,NORMAL
21.25,30.47,680.83,49.95,23.54,252.13,NORMAL
27.51,32.8,662.82,43.56,25.15,208.35,NORMAL
46.25,68.43,982.2,49.31,24.35,390.07,RISING_RISK
23.37,36.02,716.27,48.93,23.12,221.73,NORMAL
17.12,29.68,588.58,47.36,25.12,209.38,NORMAL
20.7,34.02,718.44,49.75,23.58,255.63,NORMAL
25.97,32.28,647.09,42.93,24.92,192.95,NORMAL
44.78,61.51,957.51,49.2,24.33,377.25,RISING_RISK
24.04,34.6,703.57,48.68,23.32,223.44,NORMAL
13.89,29.79,585.58,48.22,25.01,208.68,NORMAL
23.8,34.01,735.42,50.65,23.51,268.76,NORMAL
24.21,29.77,634.7,42.56,24.94,186.63,NORMAL
45.09,57.55,921.44,49.62,24.65,377.94,RISING_RISK
23.31,33.69,686.58,47.47,23.2,222.0,NORMAL
12.76,27.8,579.97,48.91,24.98,208.74,NORMAL
24.64,35.85,748.0,52.13,23.03,278.43,NORMAL
20.95,29.55,633.05,44.63,24.75,177.62,NORMAL
43.96,55.99,898.61,51.36,24.28,378.68,RISING_RISK
22.7,33.83,659.49,48.84,23.23,222.37,NORMAL
13.38,28.36,565.26,49.13,25.29,200.48,NORMAL
26.6,42.35,771.86,50.03,23.03,278.53,NORMAL
21.67,27.99,625.07,44.9,24.91,173.06,NORMAL
43.27,51.19,891.18,50.35,24.43,360.08,RISING_RISK
22.6,33.63,662.32,48.35,23.42,204.89,NORMAL
13.34,25.89,549.92,49.81,25.65,200.69,NORMAL
28.49,42.83,789.82,49.71,22.88,293.28,NORMAL
18.83,25.97,627.48,46.73,25.35,167.55,NORMAL
41.32,49.39,869.25,49.38,24.32,340.12,RISING_RISK
22.15,33.04,652.51,48.46,23.96,209.22,NORMAL
17.48,23.86,540.07,50.53,25.82,193.16,NORMAL
29.61,45.37,814.44,49.62,23.0,301.94,NORMAL
19.94,27.2,618.17,48.14,25.85,171.0,NORMAL
40.7,50.35,832.04,49.3,24.7,327.29,RISING_RISK
20.59,34.42,657.37,47.9,24.08,195.77,NORMAL
18.86,26.21,530.32,51.23,25.78,197.26,NORMAL
29.01,43.31,820.37,48.87,23.23,312.83,NORMAL
20.18,24.61,603.53,48.22,26.3,173.66,NORMAL
39.23,49.16,801.94,49.15,24.78,317.18,RISING_RISK
21.28,32.56,653.9,47.29,24.04,192.08,NORMAL
17.31,22.92,533.89,50.54,25.71,187.09,NORMAL
31.37,43.3,837.77,50.73,23.2,317.95,NORMAL
20.43,26.97,604.3,47.14,26.73,172.15,NORMAL
38.56,44.18,788.6,48.61,25.22,309.74,RISING_RISK
20.79,31.29,638.52,47.82,23.81,198.87,NORMAL
18.58,24.32,548.11,51.12,25.31,184.53,NORMAL
30.43,42.72,862.38,50.35,23.16,322.43,NORMAL
20.9,26.42,586.61,47.19,26.8,173.5,NORMAL
37.99,45.87,779.26,49.56,25.51,306.32,RISING_RISK
18.79,28.18,624.91,46.84,23.89,182.29,NORMAL
17.7,25.0,548.72,50.44,25.3,168.11,NORMAL
32.03,43.01,866.36,50.01,22.89,326.86,NORMAL
22.81,28.9,592.32,47.98,26.16,177.4,NORMAL
38.39,44.84,765.39,48.92,25.12,291.65,RISING_RISK
16.36,25.62,626.16,47.56,24.36,183.94,NORMAL
16.51,23.03,554.15,50.66,25.31,164.28,NORMAL
34.05,45.71,867.53,49.48,22.71,325.96,NORMAL
22.75,28.54,583.45,46.91,26.02,166.16,NORMAL
37.87,41.01,738.74,47.9,25.64,275.14,RISING_RISK
14.12,28.34,618.97,46.83,24.75,177.96,NORMAL
16.79,23.79,548.2,51.51,25.47,167.38,NORMAL
32.81,47.18,868.22,49.54,22.91,319.42,NORMAL
22.14,29.47,581.19,47.21,26.43,171.08,NORMAL
37.52,40.5,726.15,45.95,25.8,258.82,RISING_RISK
13.08,24.49,604.13,47.53,25.01,175.07,NORMAL
17.53,23.76,542.62,51.33,25.73,156.01,NORMAL
34.51,49.02,878.12,48.31,23.18,313.66,NORMAL
21.79,29.42,572.02,47.71,26.12,177.37,NORMAL
36.42,39.95,712.62,47.36,25.81,261.62,RISING_RISK
13.34,22.77,590.42,46.73,24.99,170.66,NORMAL
15.38,25.49,537.53,51.86,25.22,151.99,NORMAL
31.23,48.77,888.02,49.75,23.13,327.23,NORMAL
21.55,28.38,567.8,48.22,25.92,186.13,NORMAL
36.58,34.39,703.81,47.7,25.42,255.25,RISING_RISK
14.39,21.45,574.64,46.88,25.01,168.73,NORMAL
18.27,24.95,543.24,52.32,25.21,167.46,NORMAL
30.31,47.02,863.72,49.79,23.05,325.73,NORMAL
21.03,28.53,557.2,46.34,25.68,178.59,NORMAL
36.55,34.48,702.02,48.98,24.98,255.0,RISING_RISK
14.84,22.67,565.2,46.58,24.89,167.77,NORMAL
16.63,25.84,534.58,52.16,25.05,153.5,NORMAL
28.5,48.83,837.31,48.73,23.37,317.54,NORMAL
19.53,29.82,559.58,47.61,25.62,191.83,NORMAL
35.22,37.87,719.65,48.63,25.22,268.81,RISING_RISK
17.07,19.48,551.03,46.4,24.87,161.66,NORMAL
16.92,25.85,534.36,53.62,25.3,159.19,NORMAL
26.0,48.22,829.91,49.72,23.48,316.09,NORMAL
18.37,28.67,556.4,47.12,25.51,191.9,NORMAL
35.41,39.91,732.41,49.44,25.62,271.64,RISING_RISK
17.28,18.16,548.19,46.56,25.38,160.63,NORMAL
16.51,28.86,537.27,54.0,25.31,167.7,NORMAL
25.35,47.93,827.83,50.5,23.46,303.94,NORMAL
16.98,28.2,545.19,46.57,24.87,189.52,NORMAL
35.73,40.56,755.17,48.09,25.55,272.78,RISING_RISK
16.49,17.5,540.62,45.95,25.53,167.05,NORMAL
15.76,28.05,523.6,52.65,24.84,166.85,NORMAL
26.29,46.39,818.66,50.33,23.64,299.48,NORMAL
16.33,29.45,539.25,46.55,25.13,182.27,NORMAL
34.41,43.35,772.69,45.95,25.01,270.77,NORMAL
17.82,17.76,555.59,45.35,24.75,156.62,NORMAL
14.33,27.51,511.72,50.81,25.31,155.58,NORMAL
25.04,44.91,803.95,49.59,23.36,292.77,NORMAL
14.59,31.86,543.39,48.13,24.85,186.65,NORMAL
32.4,43.46,786.78,45.73,24.85,272.89,NORMAL
17.19,18.62,550.7,44.32,24.22,158.21,NORMAL
14.25,29.63,498.15,50.19,25.24,143.61,NORMAL
24.11,47.06,795.13,49.16,23.64,284.06,NORMAL
12.55,31.26,533.37,49.32,24.47,195.54,NORMAL
32.94,45.5,785.29,46.32,25.02,259.68,NORMAL
18.94,21.7,552.26,43.38,23.73,165.58,NORMAL
14.17,29.97,497.65,49.24,25.33,148.02,NORMAL
23.1,46.05,781.21,48.47,23.18,281.26,NORMAL
14.44,29.53,531.95,48.71,24.22,186.4,NORMAL
33.63,42.95,804.18,46.61,25.11,264.42,NORMAL
18.29,22.88,528.69,41.98,24.11,164.31,NORMAL
12.68,29.59,496.42,49.26,25.35,143.97,NORMAL
23.61,43.71,760.91,47.65,23.15,266.93,NORMAL
13.21,29.64,540.99,49.48,24.34,187.3,NORMAL
32.62,42.43,840.31,47.31,25.72,277.58,NORMAL
17.92,20.41,518.02,40.27,24.2,163.58,NORMAL
14.52,31.85,523.44,47.68,25.29,141.5,NORMAL
23.21,42.51,746.12,49.14,22.99,268.15,NORMAL
12.79,28.85,545.3,50.26,24.17,187.08,NORMAL
36.41,44.58,845.08,46.42,25.69,283.15,RISING_RISK
18.28,20.45,528.06,38.25,24.14,165.74,NORMAL
17.15,34.13,550.01,49.13,25.39,152.35,NORMAL
22.93,42.38,737.53,49.5,22.6,275.28,NORMAL
10.11,25.98,532.61,48.95,24.0,197.71,NORMAL
36.26,46.41,848.27,46.84,26.19,303.99,RISING_RISK
19.28,22.86,528.55,39.16,24.44,166.87,NORMAL
20.29,37.05,580.99,47.22,25.1,157.75,NORMAL
21.51,44.5,736.56,49.62,23.16,273.12,NORMAL
9.18,23.53,523.61,46.87,24.52,180.66,NORMAL
38.75,49.47,852.86,47.74,25.67,307.92,RISING_RISK
20.81,24.33,522.09,39.17,24.02,164.85,NORMAL
21.24,36.52,612.38,45.86,25.42,165.26,NORMAL
21.43,42.84,711.58,48.85,23.27,258.96,NORMAL
8.43,20.31,526.47,46.97,24.78,178.45,NORMAL
40.06,50.05,874.27,47.15,25.64,314.2,RISING_RISK
17.73,22.05,507.46,38.11,24.16,157.19,NORMAL
23.46,38.37,640.85,45.73,25.43,175.35,NORMAL
20.97,39.59,708.72,49.64,23.07,256.87,NORMAL
7.99,18.65,515.76,46.89,24.54,178.95,NORMAL
42.36,49.43,889.36,46.94,25.8,319.25,RISING_RISK
14.94,23.01,490.79,37.57,24.07,149.86,NORMAL
26.03,42.9,669.6,46.14,25.06,187.1,NORMAL
19.98,37.07,696.19,48.0,23.61,252.49,NORMAL
7.91,22.24,525.94,47.75,23.95,174.7,NORMAL
43.16,49.95,882.77,47.91,25.29,322.84,RISING_RISK
19.45,22.6,491.94,39.36,24.07,140.84,NORMAL
27.77,43.58,685.09,44.41,25.14,192.03,NORMAL
20.62,34.14,683.69,47.3,23.42,245.22,NORMAL
10.65,19.36,523.35,49.46,23.87,182.77,NORMAL
43.15,51.45,895.17,47.66,25.19,325.61,RISING_RISK
17.65,20.6,496.42,40.4,24.46,142.34,NORMAL
30.18,43.48,711.23,42.93,25.02,199.91,NORMAL
18.39,35.74,684.1,47.42,23.36,244.47,NORMAL
10.21,17.97,515.26,50.04,24.21,185.33,NORMAL
40.87,50.64,899.3,45.98,25.06,329.3,RISING_RISK
19.41,17.66,492.09,38.64,24.94,139.39,NORMAL
30.79,44.3,728.7,42.19,25.02,212.61,NORMAL
18.93,33.47,673.28,46.55,23.98,238.54,NORMAL
9.94,18.69,517.15,50.06,24.07,189.99,NORMAL
39.89,49.77,889.06,44.89,24.8,316.24,RISING_RISK
19.32,18.85,485.23,40.77,25.78,143.48,NORMAL
32.24,44.27,747.32,42.47,24.76,214.45,NORMAL
19.34,33.22,654.72,45.34,24.72,234.79,NORMAL
10.11,17.5,526.78,51.46,24.14,198.32,NORMAL
35.24,47.24,878.37,44.07,24.73,309.64,RISING_RISK
18.75,17.11,477.11,39.3,25.07,144.35,NORMAL
32.9,44.81,761.95,44.33,24.45,219.11,NORMAL
19.35,34.91,652.6,44.56,24.54,229.84,NORMAL
12.28,14.97,529.28,49.44,24.18,193.6,NORMAL
36.04,46.3,843.31,42.18,24.47,292.26,RISING_RISK
19.46,17.89,473.93,41.13,25.01,159.15,NORMAL
36.54,45.26,771.89,43.79,24.51,242.82,RISING_RISK
19.04,33.23,637.32,45.67,24.67,219.11,NORMAL
12.05,15.16,520.03,48.88,24.52,182.65,NORMAL
35.6,45.78,830.73,41.49,24.52,273.79,RISING_RISK
18.11,17.87,465.12,40.27,24.57,166.65,NORMAL
39.36,48.85,795.79,43.86,24.62,251.71,RISING_RISK
18.66,32.9,634.28,44.27,25.04,202.6,NORMAL
10.81,18.73,524.88,47.23,24.35,170.93,NORMAL
33.61,42.59,822.77,43.07,24.29,266.87,NORMAL
18.88,18.22,457.98,41.53,24.29,158.16,NORMAL
38.94,47.67,814.82,42.64,24.67,261.99,RISING_RISK
15.36,32.18,634.48,44.02,24.67,204.4,NORMAL
8.92,18.56,525.28,47.63,25.11,171.93,NORMAL
31.17,40.69,812.53,42.44,24.78,263.32,NORMAL
16.2,18.32,454.73,42.25,24.87,159.67,NORMAL
38.84,51.1,829.05,42.68,24.79,271.7,RISING_RISK
15.54,32.19,625.97,43.76,24.67,196.59,NORMAL
8.13,16.79,520.39,46.87,24.91,166.81,NORMAL
32.48,38.13,796.27,40.63,25.03,259.49,NORMAL
17.8,15.48,451.3,43.78,24.81,160.07,NORMAL
40.25,48.74,853.63,41.54,24.06,269.72,RISING_RISK
16.49,29.58,616.76,42.96,24.14,201.76,NORMAL
8.52,18.39,530.76,46.66,24.49,169.01,NORMAL
29.41,35.76,778.01,42.15,24.69,252.44,NORMAL
17.2,14.9,453.45,43.25,25.31,163.19,NORMAL
39.29,46.93,861.86,40.51,24.19,274.31,RISING_RISK
17.1,30.21,622.38,44.91,24.43,190.24,NORMAL
10.78,16.61,511.59,46.43,24.75,168.36,NORMAL
25.12,37.58,757.73,41.77,24.1,246.74,NORMAL
17.59,14.45,441.31,43.1,25.59,157.31,NORMAL
43.42,47.59,872.36,39.05,24.07,278.94,RISING_RISK
13.51,28.7,635.06,44.97,24.23,194.85,NORMAL
9.65,17.99,501.25,45.75,25.1,169.29,NORMAL
21.97,38.52,737.71,41.78,23.67,246.8,NORMAL
17.64,16.17,427.54,43.1,25.32,142.84,NORMAL
45.28,50.71,874.08,38.18,24.05,284.79,RISING_RISK
14.91,26.65,628.94,43.02,24.46,193.41,NORMAL
9.88,16.67,510.25,45.64,24.99,171.21,NORMAL
20.66,36.14,736.99,42.11,23.72,245.27,NORMAL
15.64,15.67,439.52,41.63,25.27,142.05,NORMAL
44.6,50.28,890.96,37.74,24.07,294.02,RISING_RISK
11.87,27.46,620.11,40.42,24.24,193.79,NORMAL
9.33,15.51,507.53,45.26,25.14,172.79,NORMAL
17.64,38.69,727.21,40.71,24.11,241.48,NORMAL
16.03,13.44,448.31,39.69,24.99,160.0,NORMAL
42.69,51.28,880.1,38.35,24.43,285.83,RISING_RISK
11.29,25.86,622.77,41.12,23.95,186.64,NORMAL
11.41,17.49,515.44,45.77,24.78,173.78,NORMAL
18.33,38.63,736.08,41.23,24.06,236.09,NORMAL
12.69,14.51,443.25,40.34,24.76,156.87,NORMAL
36.68,47.31,861.15,38.59,23.78,278.76,RISING_RISK
12.53,28.36,614.63,39.52,24.65,194.29,NORMAL
11.47,14.66,518.21,43.86,24.73,174.33,NORMAL
17.47,38.78,714.2,40.93,24.21,231.37,NORMAL
12.11,13.44,454.67,40.89,24.87,163.2,NORMAL
35.08,52.3,854.34,38.61,23.62,269.67,RISING_RISK
10.53,26.09,617.66,38.81,24.68,189.54,NORMAL
13.41,16.76,522.5,45.06,24.47,167.31,NORMAL
19.31,35.77,699.41,41.15,24.16,226.63,NORMAL
12.94,14.73,458.17,40.12,24.7,161.94,NORMAL
35.28,48.73,831.35,37.8,23.72,260.6,RISING_RISK
12.36,24.58,608.48,38.79,24.97,197.89,NORMAL
13.23,16.31,525.84,47.82,24.54,178.55,NORMAL
18.3,36.9,695.35,40.11,24.02,218.51,NORMAL
12.94,17.08,450.08,39.76,25.07,158.02,NORMAL
35.68,47.23,811.57,38.48,23.78,246.46,RISING_RISK
14.37,22.79,607.51,39.02,25.18,189.53,NORMAL
12.23,18.63,533.22,46.04,24.82,179.15,NORMAL
17.45,32.47,680.95,41.5,23.5,219.66,NORMAL
13.96,17.93,455.95,41.35,24.5,161.05,NORMAL
34.58,45.02,798.67,38.1,23.31,242.89,NORMAL
15.35,23.73,590.77,38.5,25.11,191.42,NORMAL
15.36,19.56,550.55,45.34,24.79,189.92,NORMAL
16.91,28.54,667.42,42.92,23.71,230.26,NORMAL
16.18,16.91,454.24,40.32,24.42,160.58,NORMAL
32.86,45.8,799.32,36.69,23.37,224.3,NORMAL
16.18,21.87,593.59,37.7,24.87,198.14,NORMAL
20.31,22.63,570.61,46.3,24.42,204.6,NORMAL
12.67,29.42,648.94,44.68,23.57,221.27,NORMAL
17.15,17.2,464.07,40.14,24.19,157.71,NORMAL
33.78,43.38,792.88,38.25,23.4,229.86,NORMAL
17.8,19.96,585.33,37.08,24.54,188.2,NORMAL
20.66,22.0,593.69,47.27,24.61,214.46,NORMAL
13.67,28.44,648.78,44.9,23.62,218.4,NORMAL
17.87,19.12,475.39,40.24,24.03,157.3,NORMAL
32.98,42.39,769.56,37.18,23.28,224.97,NORMAL
18.46,23.52,574.73,37.16,23.94,188.98,NORMAL
22.79,28.24,611.61,47.74,24.62,221.48,NORMAL
15.64,25.16,652.79,42.9,23.49,218.49,NORMAL
15.8,20.32,453.44,41.93,23.95,161.9,NORMAL
30.54,41.36,749.53,36.89,23.49,216.82,NORMAL
16.54,25.54,561.98,38.86,23.56,187.93,NORMAL
25.05,30.65,645.37,46.45,24.78,231.7,NORMAL
15.31,26.58,638.11,43.43,23.96,217.26,NORMAL
16.65,16.94,455.23,42.74,23.84,154.32,NORMAL
30.01,43.0,735.38,37.34,23.33,219.82,NORMAL
19.36,24.06,549.0,38.39,23.08,179.38,NORMAL
28.14,31.89,668.08,44.75,24.8,230.74,NORMAL
15.02,23.73,635.81,43.67,24.51,210.32,NORMAL
12.35,14.58,443.48,43.88,23.87,153.56,NORMAL
28.91,43.33,722.93,37.3,22.91,214.61,NORMAL
21.75,24.75,565.59,39.03,23.42,185.77,NORMAL
26.24,34.33,682.47,42.34,24.48,238.94,NORMAL
14.19,24.17,626.18,42.51,24.63,208.14,NORMAL
12.51,16.18,439.03,43.39,23.51,153.83,NORMAL
26.03,40.19,712.46,38.18,22.79,208.22,NORMAL
22.85,25.62,577.74,38.37,23.35,188.23,NORMAL
24.7,40.24,701.12,43.2,24.36,244.84,NORMAL
11.72,25.14,612.15,42.09,24.72,212.03,NORMAL
12.21,15.48,435.05,43.17,23.46,155.33,NORMAL
23.63,37.93,712.41,39.68,22.59,209.03,NORMAL
25.69,24.39,571.91,37.31,23.64,197.83,NORMAL
28.36,39.35,737.91,42.44,23.76,259.56,NORMAL
9.53,25.01,594.07,41.79,24.41,216.36,NORMAL
10.99,15.76,428.27,42.05,24.16,156.86,NORMAL
24.92,37.33,704.62,38.99,22.63,213.76,NORMAL
27.07,24.49,568.45,36.87,23.56,187.94,NORMAL
29.36,40.84,749.78,42.87,23.28,262.53,NORMAL
7.67,23.42,597.7,41.41,24.67,215.38,NORMAL
11.92,12.61,424.08,43.55,24.48,145.68,NORMAL
23.34,35.15,685.93,39.01,22.08,208.46,NORMAL
27.58,26.42,555.48,36.94,23.82,190.11,NORMAL
30.04,47.79,756.56,42.07,23.38,271.49,NORMAL
7.89,25.08,584.38,43.46,24.41,208.65,NORMAL
13.58,14.51,416.59,43.05,24.47,146.61,NORMAL
23.0,36.17,682.56,39.13,22.1,198.8,NORMAL
28.19,29.7,553.47,37.44,23.79,190.47,NORMAL
31.36,51.01,777.91,42.81,23.59,280.87,RISING_RISK
9.33,27.69,575.86,44.67,24.66,199.92,NORMAL
11.79,15.61,421.96,42.33,24.41,138.94,NORMAL
25.36,36.76,672.8,38.43,21.97,200.31,NORMAL
29.21,26.81,544.74,35.86,24.16,191.88,NORMAL
30.35,49.85,805.17,42.7,23.94,290.93,NORMAL
10.4,31.21,578.28,44.89,24.56,195.25,NORMAL
13.03,16.52,430.3,42.47,24.53,132.24,NORMAL
26.81,36.79,663.39,35.75,22.5,212.79,NORMAL
29.03,24.87,546.13,34.37,23.97,192.17,NORMAL
31.51,49.45,823.62,41.88,23.92,291.33,NORMAL
10.06,32.7,575.62,43.93,24.39,201.15,NORMAL
10.73,19.71,438.57,41.0,24.64,132.24,NORMAL
29.38,32.11,655.18,35.8,22.42,208.72,NORMAL
28.29,25.16,536.6,34.39,24.17,199.4,NORMAL
34.68,53.47,835.87,41.73,24.27,295.18,RISING_RISK
7.52,36.67,569.15,44.63,24.41,192.65,NORMAL
12.5,20.3,434.17,42.18,24.89,126.56,NORMAL
29.9,31.62,650.33,36.74,22.82,194.95,NORMAL
27.29,23.98,543.84,34.16,23.96,188.67,NORMAL
33.11,55.88,851.11,41.69,24.19,303.48,RISING_RISK
8.11,33.71,560.51,45.45,23.79,192.76,NORMAL
10.7,21.77,429.62,42.91,24.76,130.51,NORMAL
29.16,30.19,621.38,36.1,22.96,199.54,NORMAL
26.59,24.45,544.89,36.34,24.6,191.23,NORMAL
30.06,55.68,825.46,42.78,23.51,292.29,RISING_RISK
7.23,32.0,562.36,44.4,23.95,193.55,NORMAL
10.91,20.61,438.84,42.96,24.72,124.7,NORMAL
27.15,27.48,619.87,36.52,23.41,201.51,NORMAL
24.46,23.72,531.16,35.99,24.35,169.77,NORMAL
30.46,52.37,803.94,43.17,23.93,291.78,RISING_RISK
10.17,34.12,608.86,44.35,23.62,213.7,NORMAL
11.35,19.75,445.59,43.44,24.81,111.8,NORMAL
26.03,25.07,612.0,35.22,23.22,191.91,NORMAL
25.55,24.44,519.95,36.03,24.29,169.55,NORMAL
28.62,49.87,799.91,42.86,24.24,294.16,NORMAL
14.28,36.33,639.98,45.61,23.94,234.83,NORMAL
13.1,21.88,437.33,39.54,24.7,106.18,NORMAL
25.39,27.48,608.33,36.17,23.08,196.74,NORMAL
24.09,22.6,509.76,37.52,23.95,151.7,NORMAL
26.22,48.53,784.65,41.93,24.18,294.97,NORMAL
17.27,39.26,664.43,46.61,23.89,247.99,NORMAL
11.98,22.37,423.88,39.29,24.6,113.9,NORMAL
24.18,27.18,590.69,35.96,23.36,197.15,NORMAL
23.82,22.29,503.04,38.37,23.84,151.52,NORMAL
25.95,47.61,776.46,41.71,24.23,283.16,NORMAL
19.78,38.55,693.4,44.9,24.51,247.27,NORMAL
11.22,25.38,441.24,39.5,24.98,111.86,NORMAL
25.5,28.19,588.3,34.48,23.41,199.49,NORMAL
24.43,22.88,498.78,37.43,24.06,161.51,NORMAL
26.74,46.09,800.29,42.8,23.96,285.38,NORMAL
19.04,42.33,726.4,45.19,24.18,255.08,NORMAL
11.11,25.59,449.46,38.52,24.72,121.76,NORMAL
21.94,28.39,572.61,36.34,23.83,209.33,NORMAL
23.64,25.33,488.46,37.64,24.21,155.5,NORMAL
27.88,47.71,822.91,42.04,23.84,288.86,NORMAL
20.61,41.17,739.1,45.75,24.28,267.62,NORMAL
10.93,24.07,443.28,37.91,25.09,115.81,NORMAL
22.15,27.56,558.68,35.14,24.18,210.72,NORMAL
25.59,22.56,493.81,37.92,23.91,157.16,NORMAL
28.8,48.71,847.59,41.23,23.83,304.98,NORMAL
22.26,44.5,765.34,45.82,24.1,281.96,NORMAL
12.59,22.44,451.09,38.45,24.58,122.99,NORMAL
21.09,26.47,562.94,36.96,24.32,202.23,NORMAL
26.16,20.74,486.58,34.25,24.15,154.29,NORMAL
29.18,48.37,858.57,40.92,24.35,315.87,NORMAL
24.8,47.58,773.69,46.49,23.75,288.95,NORMAL
14.53,20.54,437.15,37.71,24.78,132.46,NORMAL
19.01,23.38,567.9,37.27,24.09,206.17,NORMAL
24.98,20.48,477.24,35.14,23.92,161.34,NORMAL
27.17,46.85,875.8,40.38,24.74,313.76,NORMAL
25.41,49.56,811.69,44.7,23.85,281.76,NORMAL
15.99,20.65,431.89,35.91,25.24,135.34,NORMAL
18.27,22.88,554.26,35.14,24.04,207.41,NORMAL
26.92,16.38,489.24,35.9,24.16,173.15,NORMAL
28.41,47.63,889.03,39.22,24.93,321.18,NORMAL
27.11,54.67,830.36,44.78,24.19,298.39,RISING_RISK
16.17,23.8,428.68,36.11,24.42,117.37,NORMAL
17.27,20.1,547.86,36.1,24.18,205.52,NORMAL
28.74,13.96,479.7,35.65,24.23,170.95,NORMAL
31.47,48.52,904.79,37.88,24.39,325.58,NORMAL
27.52,54.69,848.91,43.49,24.11,309.47,RISING_RISK
12.75,24.27,421.66,36.44,24.41,111.9,NORMAL
17.48,16.96,548.59,35.7,24.1,204.51,NORMAL
28.5,15.21,472.55,37.19,23.77,167.07,NORMAL
34.84,47.0,913.22,37.52,24.44,337.8,NORMAL
33.07,57.08,864.81,43.28,23.91,314.06,RISING_RISK
13.74,27.04,431.19,36.31,24.03,125.43,NORMAL
15.71,16.34,543.27,37.27,23.78,207.06,NORMAL
31.99,17.95,469.62,36.77,24.05,173.94,NORMAL
34.96,48.3,910.63,37.22,24.09,339.57,NORMAL
32.8,58.54,876.58,42.46,24.11,315.96,RISING_RISK
16.6,29.35,435.51,36.85,24.03,126.8,NORMAL
14.69,15.41,552.35,38.26,23.08,209.58,NORMAL
31.27,19.47,466.96,38.8,23.75,175.38,NORMAL
37.38,49.95,925.34,36.57,23.63,345.73,RISING_RISK
31.3,58.72,892.04,42.78,24.29,313.53,RISING_RISK
14.8,32.77,432.62,36.99,24.44,124.39,NORMAL
14.85,17.01,554.64,38.6,23.45,209.03,NORMAL
29.72,17.82,466.47,39.93,24.04,159.73,NORMAL
40.71,51.77,947.44,38.18,24.01,354.56,RISING_RISK
32.46,61.44,901.85,41.5,24.17,316.07,RISING_RISK
14.54,30.03,427.77,37.68,24.91,120.55,NORMAL
12.95,20.67,551.66,39.69,23.94,194.76,NORMAL
27.85,19.83,464.19,39.28,23.98,154.51,NORMAL
41.22,53.19,973.32,37.93,23.34,350.42,RISING_RISK
34.22,59.62,906.68,41.01,24.13,326.69,RISING_RISK
14.93,29.64,435.46,38.62,24.63,126.07,NORMAL
11.1,23.2,554.7,39.71,23.93,192.33,NORMAL
27.13,17.41,478.66,39.77,23.92,148.12,NORMAL
45.1,55.69,983.82,35.45,23.32,347.34,RISING_RISK
33.98,59.57,915.94,42.51,24.46,331.3,RISING_RISK
14.8,28.33,436.4,39.18,25.14,119.27,NORMAL
15.53,24.74,582.68,39.81,23.68,194.79,NORMAL
28.1,18.12,488.51,37.79,24.63,137.09,NORMAL
47.71,54.64,991.61,34.02,23.53,354.94,RISING_RISK
33.51,61.2,916.06,41.62,24.11,336.84,RISING_RISK
12.3,24.17,428.84,38.02,25.25,111.54,NORMAL
16.4,26.32,612.15,39.53,23.5,196.77,NORMAL
27.99,18.44,482.02,37.0,24.7,135.09,NORMAL
46.55,56.36,1006.21,32.18,23.55,357.26,STAGNATION_PREDICTED
33.4,62.2,912.02,42.52,24.3,333.89,RISING_RISK
11.73,20.73,434.47,37.21,25.24,129.04,NORMAL
19.45,29.01,632.16,39.63,23.77,209.16,NORMAL
25.41,20.23,485.66,36.99,24.71,151.45,NORMAL
47.8,54.74,1010.51,33.19,23.44,363.44,STAGNATION_PREDICTED
35.23,56.38,936.18,40.78,24.43,340.36,RISING_RISK
9.78,17.64,437.49,36.54,25.39,126.63,NORMAL
18.94,30.61,660.78,37.32,23.69,209.05,NORMAL
25.4,20.81,485.95,36.63,24.32,147.43,NORMAL
48.24,57.46,1013.81,33.3,23.27,367.73,STAGNATION_PREDICTED
34.72,57.71,942.64,39.34,24.24,333.33,RISING_RISK
13.23,19.8,428.75,36.98,25.35,119.63,NORMAL
20.82,33.21,683.09,36.43,23.58,212.48,NORMAL
23.54,22.21,502.34,38.76,24.4,148.97,NORMAL
48.19,60.6,1023.41,33.16,23.49,366.9,STAGNATION_PREDICTED
34.48,60.94,938.58,39.12,24.07,336.19,RISING_RISK
12.42,21.64,440.22,38.28,25.78,119.17,NORMAL
22.08,38.36,716.29,36.86,23.47,214.52,NORMAL
24.9,26.98,496.19,41.27,24.09,159.1,NORMAL
47.14,66.77,1021.28,33.24,23.9,362.85,STAGNATION_PREDICTED
34.84,62.16,947.94,39.91,23.6,339.11,RISING_RISK
11.38,25.13,433.45,38.59,25.7,118.61,NORMAL
26.4,36.37,726.37,36.99,23.39,228.56,NORMAL
20.92,24.82,502.86,41.74,24.36,155.74,NORMAL
47.06,66.45,1026.51,33.01,23.95,372.59,STAGNATION_PREDICTED
36.77,60.24,952.61,40.41,23.65,344.0,RISING_RISK
11.32,23.29,437.82,38.22,25.27,116.53,NORMAL
30.16,43.2,751.87,36.24,23.1,233.01,NORMAL
20.74,24.5,496.9,42.88,24.25,152.97,NORMAL
48.76,65.58,1038.79,32.4,23.84,370.39,STAGNATION_PREDICTED
38.51,59.88,949.06,40.8,24.21,353.45,RISING_RISK
15.02,23.08,446.17,38.71,25.63,118.17,NORMAL
30.98,43.39,778.8,36.46,23.73,251.35,NORMAL
19.35,26.53,503.79,43.17,24.51,147.64,NORMAL
49.21,64.93,1039.26,32.63,23.92,377.13,STAGNATION_PREDICTED
39.77,60.63,957.43,41.3,24.34,350.96,RISING_RISK
14.71,18.83,460.77,38.29,25.51,124.47,NORMAL
29.82,41.78,794.14,35.74,23.59,264.03,NORMAL
19.55,24.9,505.43,43.37,25.04,155.23,NORMAL
47.96,65.14,1038.39,32.55,24.27,383.52,STAGNATION_PREDICTED
38.2,65.16,961.2,42.21,24.32,350.79,RISING_RISK
15.35,19.62,461.43,38.78,25.67,122.59,NORMAL
30.28,41.7,806.99,35.21,23.11,270.98,NORMAL
18.41,25.11,497.66,42.3,24.82,160.46,NORMAL
48.62,66.66,1037.6,35.42,24.36,384.52,STAGNATION_PREDICTED
37.37,68.4,971.73,41.42,23.98,347.65,RISING_RISK
17.41,23.01,474.02,40.23,25.61,124.8,NORMAL
30.59,42.65,811.69,36.07,22.86,285.31,NORMAL
18.32,23.23,510.52,45.14,24.68,155.99,NORMAL
50.93,65.45,1042.04,37.96,24.4,398.19,STAGNATION_PREDICTED
36.82,64.81,967.72,41.85,23.98,356.75,RISING_RISK
15.6,22.81,476.55,41.45,24.89,124.21,NORMAL
31.13,41.85,820.54,35.65,22.93,292.32,NORMAL
21.42,27.07,542.37,44.0,24.27,167.85,NORMAL
52.03,69.84,1036.53,37.1,24.66,388.94,STAGNATION_PREDICTED
35.64,63.45,973.03,41.98,23.9,364.64,RISING_RISK
14.57,22.17,467.43,41.34,24.34,118.58,NORMAL
32.5,41.78,824.23,36.25,22.84,296.91,NORMAL
25.34,25.65,574.35,43.19,24.26,179.0,NORMAL
52.48,71.6,1039.93,37.79,24.68,392.54,STAGNATION_PREDICTED
36.61,62.85,989.59,43.21,24.27,369.64,RISING_RISK
13.09,19.94,463.58,41.32,24.23,105.47,NORMAL
32.23,44.44,820.01,34.86,22.82,296.4,NORMAL
24.95,28.63,601.86,42.11,24.54,198.19,NORMAL
51.45,73.1,1048.82,36.14,24.7,387.54,STAGNATION_PREDICTED
38.3,64.68,995.68,42.74,24.29,367.46,RISING_RISK
13.7,20.17,441.49,41.95,24.33,104.62,NORMAL
36.11,47.18,828.32,34.15,23.02,298.39,RISING_RISK
26.48,28.8,627.95,42.4,24.8,197.73,NORMAL
52.12,73.52,1054.93,36.52,24.74,385.77,STAGNATION_PREDICTED
40.17,63.66,996.5,44.42,24.0,369.44,RISING_RISK
15.15,22.82,438.97,41.57,24.85,107.24,NORMAL
35.98,51.52,853.15,33.4,23.28,302.26,RISING_RISK
25.59,29.53,650.0,42.72,24.96,205.69,NORMAL
52.74,67.98,1022.48,36.0,24.6,366.29,STAGNATION_PREDICTED
41.75,66.19,1010.64,44.12,24.26,367.47,STAGNATION_PREDICTED
14.68,23.45,434.85,40.66,24.56,108.09,NORMAL
37.0,52.86,869.81,34.21,23.22,315.1,RISING_RISK
29.9,32.41,680.42,42.21,25.12,222.08,NORMAL
51.75,67.76,1033.5,36.16,24.68,372.61,STAGNATION_PREDICTED
39.68,64.68,974.12,43.4,23.88,345.68,RISING_RISK
14.29,21.7,437.0,39.13,24.62,114.26,NORMAL
37.02,54.39,884.73,34.82,23.19,315.99,RISING_RISK
32.39,36.16,705.37,41.63,25.25,221.04,NORMAL
52.34,65.47,1032.2,36.44,24.23,382.81,STAGNATION_PREDICTED
38.77,62.89,941.77,42.47,23.6,344.49,RISING_RISK
16.11,20.68,421.86,38.9,25.08,110.37,NORMAL
40.38,52.55,899.85,36.08,23.69,321.51,RISING_RISK
31.94,40.24,724.27,43.1,25.32,231.32,NORMAL
52.96,66.57,1024.8,36.28,23.7,400.62,STAGNATION_PREDICTED
36.04,60.9,906.84,43.42,23.67,318.14,RISING_RISK
17.66,19.19,425.98,37.52,25.3,108.28,NORMAL
39.96,52.49,879.06,35.7,23.56,310.23,RISING_RISK
32.82,38.79,754.84,42.75,25.36,235.95,NORMAL
51.86,68.24,1020.66,35.86,24.08,397.66,STAGNATION_PREDICTED
34.62,59.72,888.46,43.09,23.42,310.83,RISING_RISK
17.33,15.69,436.07,38.74,25.12,110.07,NORMAL
39.17,52.2,876.08,35.26,23.97,302.62,RISING_RISK
33.82,41.56,784.62,40.97,25.35,240.22,NORMAL
52.57,67.46,1019.0,35.92,24.02,398.57,STAGNATION_PREDICTED
34.24,62.68,874.32,43.07,23.64,288.97,RISING_RISK
14.66,14.29,430.41,40.28,25.39,98.27,NORMAL
37.43,51.51,848.09,36.2,24.03,299.67,RISING_RISK
34.95,41.7,782.8,41.94,24.96,249.41,NORMAL
52.78,68.7,1004.51,37.79,23.89,386.15,STAGNATION_PREDICTED
33.64,59.79,861.98,44.44,23.92,276.0,RISING_RISK
15.68,12.83,444.67,40.86,25.53,102.57,NORMAL
32.66,48.99,823.73,36.09,24.64,296.8,NORMAL
34.06,44.67,814.21,42.37,25.16,255.03,NORMAL
50.43,69.03,1001.9,38.58,23.72,396.12,STAGNATION_PREDICTED
30.19,58.6,852.56,43.59,24.04,270.67,RISING_RISK
15.48,13.4,451.11,41.71,25.13,109.52,NORMAL
31.12,49.67,810.03,35.83,24.68,285.03,NORMAL
36.27,44.91,831.49,43.18,25.26,261.05,RISING_RISK
50.22,71.39,1018.71,40.56,23.53,398.95,STAGNATION_PREDICTED
30.86,57.02,834.61,45.42,23.75,271.81,RISING_RISK
17.43,12.48,444.44,41.97,25.31,105.84,NORMAL
30.42,52.05,797.08,36.27,24.09,286.42,RISING_RISK
38.75,43.53,847.67,43.47,24.95,281.37,RISING_RISK
50.28,69.67,1018.11,40.88,24.32,400.51,STAGNATION_PREDICTED
30.35,57.49,815.73,44.57,24.1,261.44,RISING_RISK
19.73,13.07,455.35,42.47,25.7,112.23,NORMAL
30.62,50.45,771.03,37.71,24.39,278.29,RISING_RISK
40.5,46.86,859.97,45.38,24.68,289.21,RISING_RISK
51.91,69.55,1030.7,39.42,23.77,396.92,STAGNATION_PREDICTED
27.82,53.68,805.94,43.2,24.47,262.0,RISING_RISK
21.6,10.09,466.0,41.4,25.59,121.16,NORMAL
27.94,52.83,752.14,38.0,23.77,270.4,RISING_RISK
41.69,45.4,876.68,44.07,24.64,291.54,RISING_RISK
49.77,67.41,1028.44,40.52,23.74,393.46,STAGNATION_PREDICTED
27.25,52.92,781.22,43.94,24.85,256.68,RISING_RISK
23.36,9.64,467.46,42.16,25.76,127.46,NORMAL
27.12,50.4,744.96,37.9,23.3,260.66,RISING_RISK
42.28,49.25,899.88,42.35,25.19,304.99,RISING_RISK
48.61,68.28,1035.31,40.66,24.18,399.77,STAGNATION_PREDICTED
29.08,50.58,770.5,43.07,24.85,241.86,RISING_RISK
22.57,13.3,471.1,40.85,25.79,131.72,NORMAL
26.76,50.0,760.49,38.86,23.27,261.4,NORMAL
46.05,49.27,920.76,40.79,25.67,317.52,RISING_RISK
49.98,70.86,1038.23,40.13,24.01,393.02,STAGNATION_PREDICTED
28.36,49.88,757.08,44.1,24.84,231.89,NORMAL
22.27,13.44,468.63,41.96,25.83,135.74,NORMAL
26.48,51.42,761.75,38.46,23.29,275.06,RISING_RISK
45.94,49.47,919.42,41.69,25.65,314.51,RISING_RISK
51.54,69.96,1041.98,39.65,24.32,391.06,STAGNATION_PREDICTED
25.57,51.03,734.74,42.96,24.42,234.81,RISING_RISK
20.8,13.93,482.25,41.85,25.99,141.12,NORMAL
28.78,54.62,778.2,39.26,22.96,280.24,RISING_RISK
44.93,49.29,893.66,41.15,25.36,305.01,RISING_RISK
50.66,67.42,1048.52,39.31,24.19,388.07,STAGNATION_PREDICTED
25.8,49.4,720.67,43.73,24.46,232.73,NORMAL
21.19,13.47,495.43,41.76,25.94,140.43,NORMAL
33.05,54.05,792.35,39.0,22.82,293.14,RISING_RISK
42.92,48.41,876.36,41.23,24.96,294.22,RISING_RISK
52.06,65.31,1040.79,40.75,24.02,393.07,STAGNATION_PREDICTED
25.78,48.46,702.92,44.98,24.32,226.02,NORMAL
19.65,13.61,483.34,41.31,25.59,135.53,NORMAL
33.38,52.72,805.67,41.49,22.93,296.93,RISING_RISK
41.4,42.82,856.21,40.85,25.3,289.74,RISING_RISK
53.8,67.48,1060.62,40.14,24.09,386.18,STAGNATION_PREDICTED
25.65,45.52,696.61,43.51,24.24,216.38,NORMAL
19.0,15.17,476.16,41.12,25.41,143.76,NORMAL
33.35,53.8,822.95,41.18,22.91,304.37,RISING_RISK
40.19,43.4,832.84,41.91,25.11,274.4,RISING_RISK
52.82,69.31,1048.41,39.69,24.07,379.0,STAGNATION_PREDICTED
23.81,44.53,678.02,42.88,24.66,217.56,NORMAL
18.92,13.6,474.34,39.76,25.38,158.16,NORMAL
32.77,55.5,834.74,41.51,22.63,305.55,RISING_RISK
39.02,41.95,827.34,43.37,25.15,272.66,RISING_RISK
51.32,69.05,1047.44,40.03,24.13,376.23,STAGNATION_PREDICTED
23.29,40.93,678.08,42.4,24.45,214.79,NORMAL
18.64,15.4,473.53,41.12,25.8,158.09,NORMAL
30.38,55.81,865.83,40.39,22.84,308.11,RISING_RISK
38.12,41.14,820.57,42.27,25.33,276.55,RISING_RISK
51.84,69.15,1047.98,40.29,23.96,375.77,STAGNATION_PREDICTED
25.55,39.8,671.19,41.88,24.4,202.91,NORMAL
17.55,15.65,481.51,40.77,25.25,150.17,NORMAL
32.5,59.23,876.32,39.82,22.45,318.5,RISING_RISK
36.2,38.94,820.26,42.17,25.55,252.75,RISING_RISK
52.38,67.71,1040.24,38.89,23.63,377.97,STAGNATION_PREDICTED
22.52,38.43,661.79,43.56,24.75,202.14,NORMAL
17.7,10.98,484.1,39.39,25.14,153.64,NORMAL
35.23,59.99,887.57,38.33,22.35,319.67,RISING_RISK
34.63,40.06,798.11,43.19,25.85,242.86,NORMAL
49.98,70.62,1030.33,40.6,23.6,384.61,STAGNATION_PREDICTED
22.25,33.08,660.87,42.29,24.73,190.66,NORMAL
17.47,12.47,490.46,40.48,25.15,162.56,NORMAL
34.14,60.98,891.35,38.74,22.27,330.7,RISING_RISK
33.3,37.37,790.96,44.38,25.79,254.08,NORMAL
51.81,69.94,1037.31,41.63,23.44,389.99,STAGNATION_PREDICTED
21.04,29.62,637.26,43.46,24.41,198.07,NORMAL
15.71,12.98,494.74,42.81,24.81,159.33,NORMAL
38.37,58.9,890.32,37.13,22.98,342.2,RISING_RISK
34.42,38.34,788.31,45.37,25.5,252.73,NORMAL
48.92,73.27,1036.24,42.45,23.06,395.05,STAGNATION_PREDICTED
21.08,33.99,630.45,42.87,24.23,190.28,NORMAL
16.29,12.29,480.57,42.89,25.22,175.74,NORMAL
40.94,57.55,894.16,36.65,23.1,342.95,RISING_RISK
34.24,39.23,768.8,44.04,25.35,234.77,NORMAL
48.34,76.88,1049.28,42.6,23.63,391.5,STAGNATION_PREDICTED
18.68,32.95,633.1,42.9,24.28,188.26,NORMAL
16.95,14.73,505.12,41.58,24.8,185.81,NORMAL
44.33,58.81,906.71,36.99,23.25,338.93,RISING_RISK
36.83,43.09,786.98,42.22,25.4,242.73,RISING_RISK
49.54,77.55,1068.08,42.52,23.93,387.84,STAGNATION_PREDICTED
15.99,34.29,632.74,41.3,24.98,190.22,NORMAL
18.77,17.98,539.33,41.68,23.95,186.18,NORMAL
43.19,62.19,915.45,36.18,23.45,344.79,RISING_RISK
38.65,47.29,782.84,43.4,25.14,247.68,RISING_RISK
51.14,78.2,1075.41,43.4,24.14,384.39,STAGNATION_PREDICTED
15.0,30.56,638.41,41.79,24.99,196.67,NORMAL
21.53,24.89,568.65,42.66,24.17,212.64,NORMAL
44.72,60.23,909.13,36.74,23.72,345.95,RISING_RISK
39.49,48.78,802.99,42.76,25.36,262.16,RISING_RISK
49.17,75.69,1068.15,43.13,23.86,369.89,STAGNATION_PREDICTED
14.29,31.02,618.2,41.42,24.77,189.96,NORMAL
26.47,26.87,597.34,41.97,23.66,222.07,NORMAL
44.07,60.05,919.72,38.25,23.45,356.58,RISING_RISK
36.87,48.91,808.64,42.54,25.16,271.7,RISING_RISK
46.28,75.88,1066.75,42.69,23.88,371.74,STAGNATION_PREDICTED
16.06,30.76,614.52,42.55,24.75,189.82,NORMAL
28.77,28.12,618.32,42.3,23.15,228.68,NORMAL
45.9,58.43,929.69,37.64,23.85,359.78,RISING_RISK
38.07,51.02,829.78,42.24,25.19,289.31,RISING_RISK
48.21,75.03,1070.08,43.17,23.69,369.15,STAGNATION_PREDICTED
16.62,27.57,608.26,42.42,24.49,190.71,NORMAL
28.1,33.65,632.65,43.12,23.3,246.33,NORMAL
45.07,58.64,944.98,39.89,23.4,356.98,RISING_RISK
40.97,50.28,832.69,42.16,24.71,295.48,RISING_RISK
48.13,78.08,1085.93,42.47,23.84,367.03,STAGNATION_PREDICTED
15.41,27.52,606.73,44.16,24.03,185.49,NORMAL
28.26,36.29,654.55,42.68,23.05,264.08,NORMAL
48.26,57.72,949.74,42.48,23.43,353.75,RISING_RISK
42.72,53.69,846.44,44.3,24.12,305.48,RISING_RISK
48.87,79.72,1084.38,42.72,23.95,369.79,STAGNATION_PREDICTED
13.43,29.33,600.61,44.48,24.31,184.08,NORMAL
28.24,39.73,682.2,42.42,23.42,272.64,NORMAL
49.61,61.88,954.66,43.06,23.45,353.45,RISING_RISK
41.51,57.99,852.47,43.09,23.98,298.78,RISING_RISK
44.96,77.61,1062.15,43.09,24.42,359.1,STAGNATION_PREDICTED
13.26,27.77,591.54,45.31,24.52,177.03,NORMAL
30.12,40.91,704.12,41.23,23.24,271.1,NORMAL
49.14,65.32,959.88,44.64,22.54,349.24,RISING_RISK
42.07,57.14,857.55,45.03,23.68,299.32,RISING_RISK
43.0,77.59,1028.18,44.84,23.38,346.54,STAGNATION_PREDICTED
14.86,26.48,571.73,46.07,24.76,173.74,NORMAL
30.69,43.57,729.74,40.77,22.89,279.28,NORMAL
48.88,68.03,979.65,44.86,22.65,366.34,RISING_RISK
42.31,60.97,878.25,46.25,23.15,304.92,RISING_RISK
40.81,78.25,1002.04,43.83,23.06,341.76,STAGNATION_PREDICTED
15.68,24.82,568.16,44.51,23.95,170.56,NORMAL
31.43,46.95,735.27,40.54,22.41,284.84,NORMAL
51.05,69.63,978.08,45.61,22.6,362.46,RISING_RISK
44.32,61.96,896.31,47.95,23.23,316.73,RISING_RISK
36.36,76.35,971.56,45.08,23.61,330.25,RISING_RISK
13.71,25.21,570.49,43.97,24.0,160.24,NORMAL
33.25,53.82,752.4,40.09,22.9,283.37,RISING_RISK
51.92,70.99,980.41,45.78,22.66,368.46,RISING_RISK
42.6,59.53,910.96,46.45,23.0,324.34,RISING_RISK
35.34,72.23,947.8,43.87,23.53,324.66,RISING_RISK
11.84,23.19,571.15,45.6,24.55,165.12,NORMAL
32.99,58.17,763.98,41.82,23.33,291.05,RISING_RISK
54.64,71.32,981.76,46.57,22.59,374.34,RISING_RISK
43.58,59.59,909.54,46.47,23.04,319.15,RISING_RISK
33.44,72.97,929.28,45.12,24.21,316.66,RISING_RISK
12.12,21.74,579.14,44.81,24.39,156.81,NORMAL
33.87,56.95,774.22,42.35,23.56,297.54,RISING_RISK
53.9,67.89,984.48,47.75,22.38,377.13,RISING_RISK
47.26,61.93,910.17,47.31,23.11,330.96,RISING_RISK
33.52,69.87,905.71,45.02,24.44,298.31,RISING_RISK
14.28,20.17,567.52,45.38,24.31,152.4,NORMAL
37.87,56.71,769.64,44.51,23.89,299.96,RISING_RISK
53.31,69.67,987.09,47.33,22.38,380.28,RISING_RISK
47.16,60.69,925.82,47.17,23.6,329.03,RISING_RISK
32.68,72.06,890.78,45.09,24.53,286.02,RISING_RISK
14.95,19.1,576.71,47.21,24.49,169.95,NORMAL
41.26,55.25,784.79,44.95,23.44,298.59,RISING_RISK
51.34,66.54,1000.62,47.62,22.44,370.34,STAGNATION_PREDICTED
46.44,62.72,945.62,46.28,23.15,335.11,RISING_RISK
30.14,67.83,879.72,46.65,24.35,288.27,RISING_RISK
15.65,17.33,571.59,49.07,24.5,169.31,NORMAL
40.79,55.02,804.23,45.49,23.6,292.66,RISING_RISK
49.32,66.44,1003.75,47.94,22.35,382.24,STAGNATION_PREDICTED
48.11,62.57,945.93,44.59,23.66,333.01,RISING_RISK
32.2,67.45,867.57,48.0,24.12,287.01,RISING_RISK
17.24,19.6,598.67,51.63,24.82,202.91,NORMAL
39.32,55.7,822.52,47.46,24.12,302.82,RISING_RISK
51.2,66.08,1003.8,48.11,22.65,383.04,STAGNATION_PREDICTED
48.92,61.73,956.73,43.7,23.44,333.32,RISING_RISK
31.12,66.18,850.35,48.39,24.36,274.39,RISING_RISK
20.87,23.81,631.01,52.82,24.61,214.43,NORMAL
41.28,56.03,850.72,47.88,23.74,306.35,RISING_RISK
54.28,72.82,1020.71,46.68,22.89,367.36,STAGNATION_PREDICTED
51.67,61.55,981.39,42.57,23.43,332.65,RISING_RISK
30.24,63.03,839.76,49.34,23.69,272.51,RISING_RISK
23.56,26.36,646.81,52.95,24.73,231.38,NORMAL
38.72,56.82,865.19,46.46,23.73,307.55,RISING_RISK
55.47,73.18,1016.7,45.56,23.05,366.82,STAGNATION_PREDICTED
52.36,63.9,985.22,41.9,23.72,333.76,RISING_RISK
31.31,65.29,815.41,49.7,23.49,261.16,RISING_RISK
24.34,28.49,672.45,54.93,25.15,257.46,NORMAL
41.3,56.16,870.54,47.68,24.36,320.03,RISING_RISK
52.23,74.59,1008.52,45.58,23.11,370.08,STAGNATION_PREDICTED
53.71,67.09,992.67,43.98,23.99,341.97,RISING_RISK
30.38,62.68,807.2,49.59,23.14,259.54,RISING_RISK
24.57,33.71,699.57,55.29,24.86,266.42,NORMAL
40.4,55.7,884.12,46.58,23.81,319.21,RISING_RISK
52.49,74.59,1019.13,44.83,23.12,372.46,STAGNATION_PREDICTED
54.99,69.99,1012.43,44.18,24.61,351.54,STAGNATION_PREDICTED
29.53,60.87,802.87,50.68,23.52,276.54,RISING_RISK
25.63,34.93,716.0,56.23,24.25,278.08,NORMAL
40.55,56.78,895.61,46.44,23.59,332.71,RISING_RISK
55.39,77.83,1021.07,44.55,22.93,381.25,STAGNATION_PREDICTED
55.38,72.44,1023.68,45.29,24.12,343.09,STAGNATION_PREDICTED
29.12,57.29,798.85,51.88,23.25,280.39,RISING_RISK
23.91,37.58,744.22,55.54,23.66,287.53,NORMAL
41.64,57.2,897.68,43.77,23.42,334.59,RISING_RISK
58.32,75.98,1026.17,45.11,22.53,384.07,STAGNATION_PREDICTED
54.23,78.01,1036.61,44.37,24.19,340.64,STAGNATION_PREDICTED
27.23,58.56,783.8,53.7,23.74,284.16,RISING_RISK
24.37,39.9,757.92,56.07,23.42,289.76,NORMAL
41.87,59.06,899.18,44.39,23.21,326.19,RISING_RISK
57.89,75.73,1033.72,45.28,22.47,388.04,STAGNATION_PREDICTED
51.28,77.82,1043.54,45.09,24.19,340.98,STAGNATION_PREDICTED
29.47,59.89,770.17,54.36,23.93,284.38,RISING_RISK
27.82,41.19,778.72,59.48,23.07,298.97,NORMAL
41.71,60.41,912.2,44.42,23.32,320.21,RISING_RISK
57.88,75.83,1042.07,44.73,22.89,404.3,STAGNATION_PREDICTED
50.5,77.09,1047.73,45.44,23.71,337.74,STAGNATION_PREDICTED
30.68,58.79,756.12,53.41,23.92,278.33,RISING_RISK
30.78,43.28,798.35,57.6,23.05,297.12,NORMAL
40.73,61.11,923.94,43.3,23.71,309.7,RISING_RISK
56.92,72.42,1010.88,47.49,22.71,398.98,STAGNATION_PREDICTED
52.59,74.98,1049.37,46.43,23.64,350.46,STAGNATION_PREDICTED
29.38,55.9,742.74,53.26,24.0,274.52,RISING_RISK
32.99,41.99,815.46,57.73,23.28,309.04,NORMAL
40.68,64.85,935.77,42.06,23.82,329.73,RISING_RISK
54.56,68.48,990.6,45.34,22.76,382.77,RISING_RISK
54.11,76.35,1048.97,45.92,23.92,345.67,STAGNATION_PREDICTED
25.83,56.03,720.83,52.12,23.65,269.3,RISING_RISK
32.04,42.22,824.68,58.63,23.39,320.78,NORMAL
41.78,68.34,931.09,42.61,23.81,340.75,RISING_RISK
52.13,65.8,957.28,44.58,22.94,373.54,RISING_RISK
51.2,78.91,1066.0,46.95,23.87,359.35,STAGNATION_PREDICTED
26.53,54.74,705.33,50.67,23.49,264.08,RISING_RISK
30.19,45.59,843.46,58.35,23.07,319.73,NORMAL
43.1,67.89,936.48,43.7,23.5,345.62,RISING_RISK
48.84,61.32,931.51,45.59,22.89,366.14,RISING_RISK
52.61,75.17,1081.36,45.79,23.92,355.42,STAGNATION_PREDICTED
25.17,49.34,692.85,51.81,24.14,259.12,NORMAL
34.57,47.79,866.79,58.98,22.93,329.9,NORMAL
41.47,71.33,964.21,42.61,23.66,354.49,RISING_RISK
46.32,58.85,923.72,45.31,23.24,342.51,RISING_RISK
51.84,76.61,1074.15,45.82,24.08,359.03,STAGNATION_PREDICTED
22.25,52.61,693.17,52.49,23.33,270.32,RISING_RISK
34.76,46.29,868.02,59.06,22.93,342.87,NORMAL
38.87,69.72,946.66,43.6,23.37,342.55,RISING_RISK
42.24,58.23,902.86,45.48,23.2,328.41,RISING_RISK
53.9,75.26,1068.86,45.47,23.77,354.58,STAGNATION_PREDICTED
21.43,54.58,691.86,53.99,23.37,275.36,RISING_RISK
36.38,44.85,886.23,57.62,22.26,333.09,RISING_RISK
34.17,65.62,912.97,44.85,22.93,342.18,RISING_RISK
41.72,56.39,890.79,48.05,23.46,323.47,RISING_RISK
55.37,77.79,1061.88,45.58,23.57,358.43,STAGNATION_PREDICTED
18.59,51.07,681.01,56.46,23.04,289.08,RISING_RISK
37.76,47.92,898.53,57.48,22.08,333.26,RISING_RISK
33.24,65.26,884.73,46.09,22.51,331.41,RISING_RISK
40.98,54.11,865.02,49.6,23.36,324.98,RISING_RISK
56.82,76.24,1064.92,45.13,23.94,363.12,STAGNATION_PREDICTED
16.1,48.72,679.0,56.87,23.34,285.74,NORMAL
39.52,44.88,909.13,57.84,22.34,347.17,RISING_RISK
34.15,59.13,864.56,48.31,22.34,338.25,RISING_RISK
40.0,55.8,840.59,49.41,24.25,317.06,RISING_RISK
54.35,75.14,1065.61,45.71,23.93,370.48,STAGNATION_PREDICTED
15.5,50.05,663.63,57.39,23.64,287.74,RISING_RISK
38.9,47.24,920.73,57.18,22.22,357.06,RISING_RISK
35.28,54.85,850.2,48.95,22.15,337.36,RISING_RISK
40.5,55.88,827.26,50.07,24.6,305.87,RISING_RISK
52.22,77.07,1060.82,46.01,24.08,378.47,STAGNATION_PREDICTED
12.33,45.03,639.52,58.01,24.18,283.53,NORMAL
37.56,50.11,902.22,59.39,21.88,353.95,RISING_RISK
35.31,52.78,839.32,50.54,22.65,331.2,RISING_RISK
38.38,52.41,814.27,50.37,25.16,302.0,RISING_RISK
54.44,79.18,1060.46,45.86,23.74,373.62,STAGNATION_PREDICTED
13.91,49.99,631.56,56.04,23.98,274.99,NORMAL
36.01,49.25,867.25,58.14,21.96,343.92,RISING_RISK
30.51,52.71,831.05,50.21,22.76,321.59,RISING_RISK
38.74,52.33,799.08,47.62,25.04,283.16,RISING_RISK
53.4,80.31,1054.62,46.39,23.66,378.57,STAGNATION_PREDICTED
14.79,50.8,633.93,56.5,23.67,276.96,RISING_RISK
36.08,46.81,845.6,58.47,22.17,339.97,RISING_RISK
28.97,53.54,808.62,51.03,23.32,319.05,RISING_RISK
38.5,50.39,782.64,45.68,25.42,266.86,RISING_RISK
52.28,80.8,1065.86,46.98,23.51,379.63,STAGNATION_PREDICTED
14.76,48.93,641.4,56.15,23.51,270.32,NORMAL
34.7,45.83,824.82,60.0,22.02,333.69,NORMAL
26.65,51.27,804.71,49.73,23.55,312.53,RISING_RISK
39.36,45.16,766.97,47.49,25.23,258.38,RISING_RISK
51.5,80.38,1067.09,48.01,23.33,382.42,STAGNATION_PREDICTED
12.6,47.53,638.05,56.02,23.26,279.77,NORMAL
33.26,44.22,806.49,61.58,22.08,331.15,NORMAL
25.64,53.94,802.21,50.67,22.86,315.58,RISING_RISK
37.47,43.93,753.31,49.52,25.56,269.53,RISING_RISK
53.78,81.35,1070.37,50.27,23.46,400.11,STAGNATION_PREDICTED
13.49,47.17,623.31,56.44,23.33,275.35,NORMAL
30.35,41.25,789.36,61.05,22.31,324.49,NORMAL
25.14,52.22,795.64,50.75,22.6,318.23,RISING_RISK
36.13,43.48,733.92,49.22,25.35,258.68,RISING_RISK
53.08,79.94,1071.5,51.83,23.1,402.37,STAGNATION_PREDICTED
11.47,46.17,611.76,56.98,22.83,265.8,NORMAL
29.5,42.75,771.77,60.62,22.33,314.49,NORMAL
22.61,48.43,769.47,50.93,22.77,306.34,NORMAL
34.69,41.95,714.9,51.41,25.47,260.06,NORMAL
53.99,81.43,1078.41,51.58,23.43,396.18,STAGNATION_PREDICTED
11.01,45.93,604.8,56.06,22.99,251.98,NORMAL
29.76,45.41,759.59,60.43,22.15,306.4,NORMAL
20.91,45.72,747.07,50.57,22.58,296.76,NORMAL
32.66,40.35,694.34,50.5,25.11,259.45,NORMAL
54.79,81.52,1065.9,49.56,23.44,394.17,STAGNATION_PREDICTED
12.09,41.04,605.04,56.14,23.15,239.79,NORMAL
29.04,44.58,743.65,60.25,21.99,296.87,NORMAL
19.38,47.13,741.48,50.61,22.22,292.16,NORMAL
28.26,36.42,691.52,50.41,25.75,255.23,NORMAL
56.11,80.72,1063.79,50.87,23.57,391.43,STAGNATION_PREDICTED
10.0,44.07,581.38,54.7,23.35,231.91,NORMAL
29.69,44.71,738.5,61.04,22.26,299.62,NORMAL
21.05,44.71,714.58,49.79,22.35,286.45,NORMAL
26.04,36.07,688.6,49.03,25.79,250.47,NORMAL
55.66,82.74,1072.49,50.53,24.15,395.05,STAGNATION_PREDICTED
10.28,40.4,579.87,53.78,23.25,216.05,NORMAL
27.44,41.5,721.25,60.57,22.41,300.42,NORMAL
22.71,42.63,716.16,48.07,22.91,283.32,NORMAL
24.1,34.49,673.64,48.34,25.89,258.39,NORMAL
53.23,82.69,1067.51,52.28,24.03,408.88,STAGNATION_PREDICTED
10.24,36.91,580.41,53.7,23.42,206.04,NORMAL
28.4,38.48,708.92,60.14,23.16,291.38,NORMAL
20.55,41.03,706.12,49.6,23.29,286.68,NORMAL
24.3,30.11,661.32,48.99,25.89,250.14,NORMAL
51.68,82.69,1059.62,52.59,24.08,415.83,STAGNATION_PREDICTED
10.17,40.37,575.13,51.81,23.31,195.09,NORMAL
26.6,40.91,686.84,60.45,23.57,295.88,NORMAL
21.54,38.96,698.26,49.27,23.26,286.57,NORMAL
23.08,28.67,663.17,48.09,26.03,249.34,NORMAL
47.32,81.13,1040.8,54.1,24.22,407.41,STAGNATION_PREDICTED
10.6,41.48,570.96,50.3,23.26,185.81,NORMAL
23.99,41.59,672.21,58.76,22.9,282.61,NORMAL
20.76,38.01,699.15,48.95,23.29,279.67,NORMAL
23.17,30.3,657.55,48.54,25.9,247.39,NORMAL
46.17,78.76,1031.87,52.37,24.35,413.14,STAGNATION_PREDICTED
11.24,44.22,576.9,49.28,23.57,175.4,NORMAL
22.77,41.6,649.32,57.37,23.07,267.0,NORMAL
18.78,37.94,701.61,48.6,22.86,267.45,NORMAL
22.71,30.76,640.52,49.61,26.07,251.55,NORMAL
47.83,78.86,1049.49,53.48,23.91,405.54,STAGNATION_PREDICTED
10.85,45.17,558.84,50.67,23.72,179.95,NORMAL
22.72,41.92,652.62,56.9,23.09,265.69,NORMAL
16.83,34.69,696.67,49.08,23.19,262.28,NORMAL
21.63,29.26,624.52,49.35,25.85,239.88,NORMAL
45.72,79.95,1062.49,53.23,23.61,414.08,STAGNATION_PREDICTED
10.52,42.48,549.65,48.62,23.62,169.29,NORMAL
20.67,40.79,658.3,55.82,23.01,263.66,NORMAL
14.31,31.48,689.72,49.58,23.09,272.7,NORMAL
20.71,28.38,600.44,46.98,25.8,226.06,NORMAL
45.1,81.94,1052.99,53.57,23.54,421.88,STAGNATION_PREDICTED
12.17,44.61,577.2,46.58,23.85,161.69,NORMAL
20.7,40.41,647.24,54.93,23.63,249.82,NORMAL
14.17,28.26,686.76,49.29,23.49,268.95,NORMAL
23.04,31.53,598.66,48.21,25.67,223.97,NORMAL
43.46,80.53,1060.98,52.74,23.47,419.92,STAGNATION_PREDICTED
13.26,46.26,604.28,46.83,23.7,170.67,NORMAL
20.7,41.57,634.98,54.73,23.51,248.76,NORMAL
12.08,27.08,669.04,47.8,23.35,251.58,NORMAL
22.55,34.14,598.49,48.66,25.66,230.54,NORMAL
44.88,79.59,1058.84,51.75,24.04,418.23,STAGNATION_PREDICTED
15.72,47.73,605.48,48.72,23.39,186.4,NORMAL
18.44,42.15,628.35,55.95,24.0,250.58,NORMAL
11.33,27.32,669.07,46.97,24.06,236.91,NORMAL
21.78,35.27,591.08,49.02,26.19,231.84,NORMAL
46.54,80.18,1059.31,50.25,23.99,409.47,STAGNATION_PREDICTED
17.76,47.36,625.78,49.98,22.92,199.1,NORMAL
17.48,40.57,622.33,55.39,23.68,240.2,NORMAL
12.5,24.76,649.96,45.93,23.67,237.74,NORMAL
20.44,30.6,581.05,48.73,26.16,226.87,NORMAL
46.83,81.15,1071.26,49.0,23.93,399.73,STAGNATION_PREDICTED
18.13,48.65,668.95,49.3,23.28,207.3,NORMAL
15.63,39.63,636.7,54.97,23.81,233.74,NORMAL
12.24,25.3,636.19,44.62,24.11,227.63,NORMAL
19.57,27.32,578.41,48.48,26.35,220.71,NORMAL
48.91,79.74,1065.84,48.54,24.18,401.75,STAGNATION_PREDICTED
19.32,52.96,674.11,49.37,23.17,222.97,RISING_RISK
16.64,33.73,637.05,52.94,23.03,224.94,NORMAL
13.2,25.97,636.4,45.29,23.91,231.12,NORMAL
18.33,28.3,565.72,49.19,26.5,219.32,NORMAL
46.94,74.1,1078.11,45.49,24.48,392.01,STAGNATION_PREDICTED
19.83,52.59,680.44,48.24,23.0,223.77,RISING_RISK
17.04,29.74,629.3,52.25,23.09,227.14,NORMAL
12.62,24.47,626.5,44.47,24.02,247.37,NORMAL
17.66,26.47,566.95,49.56,26.87,221.54,NORMAL
45.14,76.43,1074.27,45.68,24.63,386.86,STAGNATION_PREDICTED
19.43,54.11,699.41,48.61,22.77,232.39,RISING_RISK
19.09,27.7,636.88,52.38,23.22,231.52,NORMAL
13.47,25.99,615.73,45.12,23.81,239.38,NORMAL
15.82,24.44,577.38,50.1,26.71,218.29,NORMAL
44.82,76.11,1075.31,47.32,24.58,397.11,STAGNATION_PREDICTED
21.61,54.84,710.16,48.88,23.63,227.46,RISING_RISK
17.1,23.86,624.04,50.14,23.42,226.5,NORMAL
13.54,23.32,606.33,43.64,24.3,235.15,NORMAL
17.24,23.65,562.1,49.37,26.21,206.03,NORMAL
45.52,74.7,1080.06,46.87,24.16,399.84,STAGNATION_PREDICTED
21.37,54.34,726.99,49.62,24.29,236.85,RISING_RISK
14.84,24.51,614.59,48.66,23.29,210.81,NORMAL
13.22,20.53,599.13,44.14,24.55,230.84,NORMAL
17.19,25.45,552.9,47.97,25.87,191.34,NORMAL
44.77,74.55,1083.78,45.95,24.2,403.26,STAGNATION_PREDICTED
24.89,55.45,737.18,48.37,24.7,245.94,RISING_RISK
13.78,25.4,607.61,48.08,23.35,208.15,NORMAL
14.97,25.59,593.43,44.16,24.46,229.55,NORMAL
16.26,26.41,551.57,49.6,25.49,200.57,NORMAL
45.37,73.35,1078.36,45.08,24.1,404.09,STAGNATION_PREDICTED
23.74,55.21,755.91,47.78,24.44,266.43,RISING_RISK
13.25,27.67,586.45,48.69,23.52,215.16,NORMAL
15.35,25.37,611.1,43.97,24.0,216.46,NORMAL
17.39,26.67,560.99,50.11,25.51,204.66,NORMAL
44.14,72.52,1078.13,45.24,24.06,392.22,STAGNATION_PREDICTED
25.26,57.82,779.99,48.21,24.37,283.32,RISING_RISK
14.07,29.13,588.64,49.02,23.87,208.77,NORMAL
15.6,24.51,601.06,43.82,23.68,212.51,NORMAL
16.95,27.77,537.6,50.66,25.46,198.83,NORMAL
45.12,72.04,1078.37,46.91,23.62,411.32,STAGNATION_PREDICTED
25.57,62.11,808.51,46.89,24.31,281.45,RISING_RISK
13.55,26.02,578.24,48.25,24.0,209.5,NORMAL
12.66,26.17,607.34,44.7,24.28,211.64,NORMAL
13.85,27.95,538.09,50.85,25.43,201.73,NORMAL
46.49,73.04,1095.16,46.89,23.56,425.14,STAGNATION_PREDICTED
25.53,66.22,811.9,46.55,24.71,285.87,RISING_RISK
13.87,27.51,561.06,48.49,24.21,211.66,NORMAL
14.94,25.05,597.18,44.06,24.33,207.55,NORMAL
13.23,28.37,543.05,52.18,25.53,195.7,NORMAL
46.37,72.22,1091.5,48.7,23.2,428.38,STAGNATION_PREDICTED
26.86,69.94,822.13,45.6,24.27,291.14,RISING_RISK
15.43,27.4,557.36,48.82,24.02,202.58,NORMAL
15.37,25.25,591.66,45.86,24.48,215.52,NORMAL
13.68,26.95,549.51,51.7,25.78,187.64,NORMAL
46.87,73.23,1078.6,48.11,23.33,419.69,STAGNATION_PREDICTED
30.19,69.92,843.15,45.53,24.47,296.31,RISING_RISK
15.63,25.14,560.86,48.99,23.78,196.09,NORMAL
13.53,27.37,599.28,46.97,24.67,209.71,NORMAL
12.25,23.88,532.98,50.18,25.98,180.99,NORMAL
48.31,75.08,1076.12,49.8,23.16,420.99,STAGNATION_PREDICTED
32.91,73.93,869.29,44.55,24.6,298.38,RISING_RISK
13.92,27.18,561.74,49.76,23.77,193.17,NORMAL
13.15,27.19,605.62,46.24,24.73,207.34,NORMAL
12.43,24.18,525.28,50.88,25.88,184.23,NORMAL
50.02,76.05,1077.64,50.46,23.24,428.47,STAGNATION_PREDICTED
32.98,77.33,886.48,43.81,24.45,310.24,RISING_RISK
13.26,26.49,548.77,50.14,23.78,195.18,NORMAL
13.29,26.11,604.03,46.34,24.86,195.82,NORMAL
11.65,25.7,543.54,49.66,25.51,188.39,NORMAL
51.56,75.92,1082.93,49.59,23.06,417.29,STAGNATION_PREDICTED
31.39,80.74,877.18,43.4,24.3,310.92,RISING_RISK
11.77,23.52,538.05,49.75,23.47,199.06,NORMAL
14.4,23.24,603.37,45.89,24.84,198.43,NORMAL
12.25,21.36,554.08,48.71,25.62,183.53,NORMAL
51.06,77.02,1095.93,49.63,22.85,424.75,STAGNATION_PREDICTED
32.25,83.06,880.72,42.9,24.41,321.84,RISING_RISK
13.57,24.13,530.35,50.33,22.83,197.73,NORMAL
15.5,21.6,596.93,45.94,25.21,195.51,NORMAL
12.99,21.67,550.33,48.28,25.52,172.57,NORMAL
49.93,75.33,1094.16,48.29,23.01,418.75,STAGNATION_PREDICTED
34.49,83.54,895.13,44.26,24.69,333.26,RISING_RISK
12.44,24.59,527.89,50.46,22.48,207.2,NORMAL
14.29,22.58,593.4,46.71,25.56,193.96,NORMAL
11.77,23.1,557.99,48.47,24.79,177.53,NORMAL
49.83,73.56,1091.76,47.37,23.63,405.46,STAGNATION_PREDICTED
35.52,82.57,904.24,45.17,24.52,331.97,RISING_RISK
13.09,25.36,539.76,50.87,22.36,213.7,NORMAL
13.84,21.85,605.39,47.73,25.38,199.58,NORMAL
11.71,23.71,567.73,48.07,24.51,171.44,NORMAL
48.22,75.27,1084.46,45.64,23.52,409.58,STAGNATION_PREDICTED
35.67,83.05,922.74,45.5,24.72,332.1,RISING_RISK
12.43,25.22,525.59,49.68,22.79,208.01,NORMAL
15.21,21.77,603.8,47.14,25.79,197.86,NORMAL
13.38,18.76,568.8,47.7,24.45,166.88,NORMAL
49.23,74.27,1082.04,45.78,23.75,406.17,STAGNATION_PREDICTED
36.95,84.45,925.9,44.37,24.62,339.03,RISING_RISK
12.24,25.06,516.15,48.4,23.35,192.33,NORMAL
17.72,20.17,600.31,47.2,25.57,194.07,NORMAL
13.15,16.3,573.39,48.84,25.21,168.04,NORMAL
46.93,72.19,1090.75,43.64,23.77,400.57,STAGNATION_PREDICTED
39.04,82.63,933.18,43.15,24.22,339.34,RISING_RISK
11.92,26.66,520.48,50.76,23.61,209.0,NORMAL
15.11,22.47,593.84,46.54,25.17,191.8,NORMAL
13.59,17.27,572.28,49.45,24.73,161.72,NORMAL
46.45,70.73,1105.16,43.62,23.52,396.65,STAGNATION_PREDICTED
42.27,84.61,941.42,43.18,24.03,344.92,RISING_RISK
11.38,26.7,510.38,51.54,23.66,206.01,NORMAL
12.18,21.93,598.68,46.55,25.02,191.07,NORMAL
11.1,17.87,561.91,49.56,24.54,169.37,NORMAL
50.91,69.91,1105.4,42.24,23.24,388.61,STAGNATION_PREDICTED
41.8,84.45,935.52,42.47,24.34,344.05,RISING_RISK
11.15,27.58,518.69,51.52,23.9,201.12,NORMAL
12.78,19.87,598.31,45.38,25.12,192.05,NORMAL
7.56,17.92,550.99,48.53,23.91,164.36,NORMAL
51.56,70.87,1100.45,43.08,23.51,387.84,STAGNATION_PREDICTED
41.79,81.9,945.04,42.99,24.04,345.26,RISING_RISK
10.77,27.51,513.16,51.54,23.72,204.93,NORMAL
10.27,20.63,595.51,45.4,25.06,185.07,NORMAL
8.19,17.53,547.57,50.23,24.49,175.32,NORMAL
50.17,73.83,1102.49,43.31,23.87,391.93,STAGNATION_PREDICTED
42.27,84.5,960.88,43.54,24.13,348.56,RISING_RISK
12.64,28.05,516.07,52.62,23.84,204.63,NORMAL
12.5,15.59,573.68,46.31,24.53,185.64,NORMAL
7.23,18.65,530.2,49.31,24.97,173.28,NORMAL
50.05,72.16,1101.46,43.26,23.86,381.91,STAGNATION_PREDICTED
44.01,83.32,974.54,45.72,24.03,348.55,RISING_RISK
11.0,32.52,503.78,51.9,23.53,193.29,NORMAL
13.31,15.08,572.74,45.86,24.75,189.21,NORMAL
5.64,19.25,533.28,48.52,24.49,166.26,NORMAL
50.71,72.68,1079.52,43.49,24.11,376.48,STAGNATION_PREDICTED
45.05,83.39,980.39,44.87,23.57,357.62,RISING_RISK
9.76,30.1,504.18,52.45,23.99,195.32,NORMAL
14.66,16.68,573.56,44.11,24.67,198.57,NORMAL
7.64,20.32,536.04,47.86,24.31,172.27,NORMAL
50.92,70.93,1080.8,43.62,23.85,383.99,STAGNATION_PREDICTED
44.63,86.18,975.25,44.12,23.94,359.72,RISING_RISK
9.83,28.55,512.05,51.77,24.25,194.08,NORMAL
17.86,16.62,565.55,42.7,24.52,189.02,NORMAL
7.93,20.3,536.6,49.51,24.08,180.28,NORMAL
51.53,70.27,1070.08,43.12,23.76,390.02,STAGNATION_PREDICTED
45.12,83.41,977.79,44.43,23.88,363.15,RISING_RISK
7.04,33.53,500.79,52.57,24.47,189.59,NORMAL
17.19,20.71,560.56,42.67,24.9,187.46,NORMAL
9.98,21.13,552.13,49.39,23.57,181.74,NORMAL
51.81,71.15,1069.55,42.85,23.69,394.11,STAGNATION_PREDICTED
44.69,86.47,988.63,44.35,24.11,381.68,RISING_RISK
6.62,31.09,508.96,52.47,24.6,183.2,NORMAL
15.02,16.99,558.8,42.97,25.03,175.75,NORMAL
9.87,24.08,549.59,49.52,23.73,182.03,NORMAL
48.88,71.01,1081.43,43.29,23.66,394.35,STAGNATION_PREDICTED
44.88,87.86,989.96,45.56,24.31,383.27,RISING_RISK
5.79,32.1,503.33,51.68,24.63,180.7,NORMAL
11.85,17.97,565.74,42.01,24.94,166.91,NORMAL
9.8,22.41,546.04,50.33,23.32,181.8,NORMAL
45.89,71.37,1050.47,41.98,23.88,382.36,STAGNATION_PREDICTED
42.91,83.91,949.76,45.24,24.24,363.44,RISING_RISK
7.65,31.5,503.02,50.75,24.9,174.73,NORMAL
13.94,18.03,582.94,42.46,24.98,164.25,NORMAL
9.75,23.33,542.18,48.74,23.16,185.49,NORMAL
48.49,69.97,1069.19,41.11,24.16,386.39,STAGNATION_PREDICTED
40.84,82.25,921.14,46.05,23.67,345.09,RISING_RISK
8.13,30.46,503.42,51.6,24.87,181.62,NORMAL
14.56,16.68,577.88,42.62,24.72,163.03,NORMAL
9.85,21.56,544.43,48.06,22.96,185.53,NORMAL
47.52,70.06,1072.04,41.04,23.99,389.51,STAGNATION_PREDICTED
39.77,78.6,893.19,46.52,23.47,344.46,RISING_RISK
7.58,29.01,503.54,51.81,24.67,177.42,NORMAL
16.36,17.03,591.17,43.3,24.38,172.96,NORMAL
9.53,21.03,532.6,47.98,22.51,185.48,NORMAL
47.6,69.11,1086.63,39.84,23.64,396.11,STAGNATION_PREDICTED
36.94,77.2,871.26,47.12,23.65,336.63,RISING_RISK
5.94,30.9,503.75,50.92,24.75,176.63,NORMAL
13.27,16.62,609.05,44.92,24.77,162.49,NORMAL
10.72,22.12,540.74,47.24,22.67,182.27,NORMAL
46.38,69.54,1090.26,39.73,23.31,402.89,STAGNATION_PREDICTED
37.9,76.24,842.49,47.42,24.03,326.01,RISING_RISK
6.06,28.56,513.11,51.22,24.59,184.81,NORMAL
12.71,17.32,600.21,44.0,24.37,148.75,NORMAL
11.38,21.13,546.26,46.37,22.81,175.65,NORMAL
46.02,67.87,1088.23,41.64,23.44,395.77,STAGNATION_PREDICTED
37.1,73.5,821.31,48.5,24.51,329.95,RISING_RISK
5.71,28.2,504.38,50.68,24.42,189.12,NORMAL
12.63,16.01,616.77,45.69,24.59,139.25,NORMAL
12.99,19.37,542.49,44.04,23.08,175.12,NORMAL
46.76,68.37,1075.78,42.67,22.92,397.2,STAGNATION_PREDICTED
35.85,70.43,806.35,48.96,23.96,319.49,RISING_RISK
8.06,28.41,536.93,51.16,24.65,210.2,NORMAL
12.49,17.46,604.25,44.68,25.4,136.75,NORMAL
12.66,17.51,552.73,43.32,22.94,163.51,NORMAL
46.05,68.34,1069.88,42.17,22.99,399.84,STAGNATION_PREDICTED
35.04,69.44,784.01,48.44,23.98,305.59,RISING_RISK
11.12,31.03,582.73,51.99,24.91,224.55,NORMAL
12.45,20.6,591.56,45.68,25.32,133.95,NORMAL
11.04,14.63,564.03,43.1,22.99,163.27,NORMAL
46.6,67.87,1063.84,44.41,23.47,400.49,STAGNATION_PREDICTED
32.86,65.57,761.6,49.21,23.73,300.77,RISING_RISK
12.17,32.59,616.63,51.35,24.65,224.73,NORMAL
12.44,23.77,592.14,44.82,24.86,129.75,NORMAL
11.34,18.01,559.41,40.74,23.4,152.46,NORMAL
46.54,65.29,1059.91,44.5,23.39,399.64,STAGNATION_PREDICTED
31.53,67.71,737.33,49.19,23.7,294.81,RISING_RISK
14.99,33.23,647.58,48.35,25.24,225.29,NORMAL
11.48,26.18,580.47,43.45,24.93,129.85,NORMAL
11.75,18.2,561.73,40.36,23.02,159.93,NORMAL
49.34,69.27,1057.04,44.47,23.69,390.89,STAGNATION_PREDICTED
29.05,63.48,732.03,48.18,24.29,291.33,RISING_RISK
19.0,34.62,659.6,48.16,24.75,245.4,NORMAL
10.87,24.16,581.27,43.81,25.1,131.88,NORMAL
9.97,19.09,553.77,41.16,23.1,150.3,NORMAL
50.38,68.79,1065.76,45.81,23.67,385.26,STAGNATION_PREDICTED
30.39,57.3,720.09,47.89,24.53,276.54,RISING_RISK
21.05,36.43,677.66,48.73,24.47,253.97,NORMAL
13.28,24.65,576.46,41.65,24.9,138.87,NORMAL
11.29,19.01,543.43,41.16,23.41,154.02,NORMAL
50.33,67.62,1073.76,46.5,23.69,363.47,STAGNATION_PREDICTED
31.32,53.0,714.43,49.13,24.51,277.82,RISING_RISK
22.95,38.56,686.95,49.11,24.29,268.72,NORMAL
15.21,20.85,567.98,41.49,24.69,147.14,NORMAL
11.45,17.36,542.33,40.04,23.18,161.02,NORMAL
52.83,66.55,1085.02,44.85,23.79,362.22,STAGNATION_PREDICTED
33.04,53.52,736.75,47.1,24.34,281.41,RISING_RISK
25.36,39.93,710.07,50.24,24.37,273.97,NORMAL
14.71,20.69,561.99,42.42,24.64,147.47,NORMAL
7.69,18.11,539.63,40.5,22.67,165.08,NORMAL
52.76,65.17,1083.15,46.25,23.25,359.35,STAGNATION_PREDICTED
34.12,54.77,760.89,46.78,24.75,279.2,RISING_RISK
28.19,41.68,721.94,49.21,24.1,274.87,NORMAL
13.17,23.62,551.28,42.97,24.35,153.09,NORMAL
7.16,13.95,529.15,39.42,22.71,165.6,NORMAL
53.4,65.64,1069.45,46.46,23.56,370.13,STAGNATION_PREDICTED
37.17,52.55,790.88,45.63,24.03,287.72,RISING_RISK
31.59,44.28,737.63,49.4,23.76,287.7,NORMAL
12.84,23.53,565.52,43.72,24.23,156.45,NORMAL
5.45,13.29,530.32,40.04,23.32,165.24,NORMAL
53.44,67.51,1048.2,43.81,23.72,356.88,STAGNATION_PREDICTED
36.4,50.89,795.12,46.09,24.22,295.36,RISING_RISK
34.39,47.38,752.13,48.82,23.96,292.71,NORMAL
10.66,23.71,555.56,43.21,24.07,150.88,NORMAL
6.08,11.92,529.23,40.14,23.43,166.75,NORMAL
50.52,62.31,1001.49,43.71,23.58,343.89,STAGNATION_PREDICTED
37.14,46.81,808.31,44.36,24.24,293.09,RISING_RISK
33.98,50.0,775.34,47.23,24.37,297.41,NORMAL
10.58,24.14,561.26,43.53,23.8,154.95,NORMAL
8.14,12.55,522.75,42.63,22.95,169.88,NORMAL
47.36,61.79,971.79,43.62,23.53,335.85,RISING_RISK
38.06,52.01,816.84,42.23,23.86,308.97,RISING_RISK
35.11,49.77,792.32,47.74,24.02,310.46,RISING_RISK
9.95,19.73,561.88,44.78,23.84,149.55,NORMAL
7.37,11.6,518.57,42.59,22.89,166.03,NORMAL
42.79,62.55,950.52,42.97,23.46,332.49,RISING_RISK
35.63,50.35,838.57,41.59,23.36,316.69,RISING_RISK
34.05,49.61,799.03,46.95,23.89,316.87,NORMAL
12.27,16.99,561.19,45.24,23.94,163.09,NORMAL
5.03,13.15,511.72,40.22,22.97,161.95,NORMAL
37.21,60.25,940.95,43.6,23.49,316.05,RISING_RISK
35.66,51.22,865.06,41.54,23.17,330.66,RISING_RISK
35.29,52.15,808.26,48.01,24.31,332.32,RISING_RISK
13.02,21.65,557.64,44.44,23.95,171.84,NORMAL
3.67,13.2,511.66,41.19,23.37,166.55,NORMAL
33.98,57.31,919.15,43.85,23.56,295.24,RISING_RISK
35.96,51.9,873.92,40.91,22.93,336.82,RISING_RISK
32.2,55.8,819.34,47.62,24.44,333.41,RISING_RISK
14.7,20.91,537.53,43.26,23.67,165.26,NORMAL
2.31,12.94,523.24,40.15,23.69,162.41,NORMAL
34.1,56.65,901.52,44.4,23.78,285.77,RISING_RISK
37.15,51.45,891.23,39.95,22.55,326.35,RISING_RISK
34.86,56.76,833.15,46.95,24.69,336.62,RISING_RISK
14.51,17.4,543.53,41.69,23.6,161.31,NORMAL
4.01,17.0,546.23,42.02,23.5,187.87,NORMAL
35.21,56.2,867.83,43.45,23.63,272.53,RISING_RISK
39.1,55.16,902.18,39.79,22.59,333.84,RISING_RISK
32.19,56.19,867.58,47.85,24.62,347.42,RISING_RISK
15.75,17.54,542.08,40.99,23.8,164.01,NORMAL
7.35,21.79,580.29,41.58,23.79,194.93,NORMAL
33.87,56.56,856.22,43.09,23.5,272.32,RISING_RISK
38.26,56.23,909.19,40.47,22.22,331.85,RISING_RISK
34.44,52.83,880.45,45.83,24.3,334.23,RISING_RISK
17.74,17.13,552.9,41.3,23.62,163.04,NORMAL
9.57,29.07,601.1,43.08,23.5,200.38,NORMAL
30.43,55.42,839.64,42.59,23.84,270.33,RISING_RISK
40.42,56.67,930.38,40.75,22.54,338.02,RISING_RISK
37.39,54.23,897.65,46.7,24.14,339.65,RISING_RISK
18.24,14.42,563.31,41.36,23.93,161.2,NORMAL
13.04,30.89,621.62,42.54,23.68,210.86,NORMAL
30.2,49.05,804.86,43.24,24.33,276.15,NORMAL
39.63,55.51,932.3,41.44,22.77,343.12,RISING_RISK
40.12,52.15,897.46,47.49,24.47,342.67,RISING_RISK
20.92,12.29,562.5,40.67,23.62,160.37,NORMAL
15.13,27.94,645.17,42.29,23.26,208.1,NORMAL
29.25,47.22,779.29,40.99,24.69,267.04,NORMAL
37.82,54.39,942.86,41.28,22.66,338.64,RISING_RISK
42.85,53.68,919.98,46.23,24.19,344.15,RISING_RISK
18.56,15.19,548.78,40.5,23.44,155.65,NORMAL
17.71,33.5,671.02,42.09,23.2,213.92,NORMAL
27.3,46.43,759.94,40.51,24.31,257.96,NORMAL
34.51,52.28,935.39,40.98,22.92,339.77,RISING_RISK
44.78,57.49,926.26,44.87,23.74,351.56,RISING_RISK
17.08,12.11,544.23,40.37,23.41,152.54,NORMAL
21.02,36.52,691.01,42.95,23.65,216.74,NORMAL
25.75,45.77,753.9,40.74,24.05,257.88,NORMAL
35.31,56.15,948.07,41.39,22.98,349.87,RISING_RISK
43.23,58.09,948.44,44.78,23.59,357.03,RISING_RISK
15.03,14.7,552.63,38.92,23.04,147.55,NORMAL
22.68,38.54,703.94,43.36,23.4,232.2,NORMAL
23.76,44.99,729.62,40.54,24.16,257.82,NORMAL
37.29,59.69,955.63,42.41,23.52,346.86,RISING_RISK
45.08,60.73,956.49,43.42,23.79,360.35,RISING_RISK
14.2,15.97,547.58,39.31,24.06,151.46,NORMAL
24.07,39.3,731.98,42.9,23.12,235.16,NORMAL
23.49,45.07,716.1,41.49,24.22,241.46,NORMAL
38.73,62.8,948.54,40.04,23.74,351.64,RISING_RISK
45.6,62.63,962.8,43.76,23.86,365.64,RISING_RISK
13.99,20.03,544.22,38.33,23.81,154.03,NORMAL
23.44,42.99,735.01,43.32,23.22,239.77,NORMAL
23.98,46.04,705.32,42.36,24.49,237.28,NORMAL
40.21,63.35,939.63,39.01,23.31,351.4,RISING_RISK
46.98,66.12,962.55,42.84,23.46,355.03,RISING_RISK
15.19,21.59,539.73,36.98,24.02,152.41,NORMAL
24.14,47.74,758.37,43.42,22.92,253.51,NORMAL
23.32,44.36,689.85,41.52,24.16,233.35,NORMAL
39.06,61.89,953.52,38.73,23.32,354.03,RISING_RISK
46.35,67.49,976.54,42.44,23.42,361.99,RISING_RISK
16.36,22.97,531.46,36.55,24.16,139.64,NORMAL
26.25,49.07,777.26,42.45,23.41,259.41,NORMAL
24.61,46.38,711.76,41.83,23.99,235.61,NORMAL
38.61,64.33,974.61,37.53,23.48,361.32,RISING_RISK
46.92,65.8,975.52,40.8,23.98,360.07,RISING_RISK
19.09,26.39,543.09,35.45,24.56,130.02,NORMAL
28.12,49.74,796.52,41.87,23.24,278.31,NORMAL
25.94,45.97,730.98,40.37,24.27,244.07,NORMAL
36.84,64.5,990.04,38.36,23.35,355.86,RISING_RISK
48.77,64.19,971.37,40.27,23.79,363.72,RISING_RISK
17.1,23.59,559.93,35.46,24.64,138.54,NORMAL
29.84,47.86,815.91,43.16,23.22,283.5,NORMAL
26.59,46.83,746.62,40.86,24.05,254.9,NORMAL
38.2,63.8,993.03,37.6,23.43,353.17,RISING_RISK
46.16,63.41,969.25,38.83,23.58,357.81,RISING_RISK
16.9,21.81,551.29,35.46,24.97,136.97,NORMAL
28.66,52.13,821.31,41.43,23.52,298.38,RISING_RISK
27.95,49.03,755.94,39.07,24.13,257.83,NORMAL
41.08,63.9,1007.24,38.71,23.12,346.1,STAGNATION_PREDICTED
44.12,57.21,950.78,39.24,23.78,354.15,RISING_RISK
14.25,21.25,535.09,35.0,24.69,139.99,NORMAL
29.11,53.82,831.89,41.47,23.44,302.62,RISING_RISK
30.04,50.8,778.22,40.41,24.16,271.92,RISING_RISK
43.11,63.72,1013.89,38.56,23.48,349.11,STAGNATION_PREDICTED
43.55,55.68,951.41,39.21,23.55,342.16,RISING_RISK
11.85,21.32,524.75,37.35,24.73,147.35,NORMAL
28.87,57.31,848.46,41.06,23.78,308.72,RISING_RISK
28.41,52.35,793.22,39.46,23.64,282.07,RISING_RISK
39.84,63.95,1002.47,38.49,23.68,353.44,STAGNATION_PREDICTED
40.64,55.31,947.34,38.31,23.75,332.66,RISING_RISK
8.62,18.2,516.31,37.57,24.31,141.74,NORMAL
27.88,57.66,870.38,41.09,23.82,315.39,RISING_RISK
29.51,54.6,800.95,39.08,23.95,287.5,RISING_RISK
37.74,65.94,982.86,41.26,23.9,342.49,RISING_RISK
37.18,51.4,923.53,35.69,23.44,327.75,RISING_RISK
10.0,18.61,522.92,37.4,24.67,147.73,NORMAL
30.18,58.54,888.43,39.98,23.74,325.16,RISING_RISK
30.36,54.03,823.29,39.35,23.71,295.99,RISING_RISK
35.32,63.96,964.6,41.99,23.32,335.93,RISING_RISK
35.92,49.04,896.75,35.09,23.19,319.91,RISING_RISK
8.85,16.09,517.04,37.64,24.7,142.89,NORMAL
31.72,59.3,903.66,40.14,23.89,321.47,RISING_RISK
31.66,55.68,834.6,40.98,24.28,312.17,RISING_RISK
36.45,57.64,936.92,42.27,22.76,321.65,RISING_RISK
35.16,48.53,880.26,35.42,22.64,306.24,RISING_RISK
8.32,24.2,523.73,38.36,24.59,135.89,NORMAL
31.28,64.52,918.92,42.09,24.05,320.21,RISING_RISK
32.07,58.47,857.45,40.83,24.51,320.98,RISING_RISK
34.8,56.89,915.57,41.9,22.98,306.88,RISING_RISK
33.62,45.73,866.21,37.41,22.97,298.42,NORMAL
7.37,22.49,523.06,37.41,25.1,135.62,NORMAL
31.56,63.04,930.8,40.88,24.27,322.49,RISING_RISK
32.51,60.42,858.56,41.91,24.33,326.35,RISING_RISK
34.44,54.58,875.26,42.47,23.22,291.27,RISING_RISK
33.04,46.3,845.29,36.44,22.77,285.4,NORMAL
6.12,21.14,525.44,37.78,25.18,147.5,NORMAL
33.58,60.27,950.06,40.91,24.78,325.13,RISING_RISK
35.42,63.0,877.89,41.89,24.22,330.7,RISING_RISK
32.54,52.94,863.81,41.6,23.94,276.91,RISING_RISK
31.43,44.51,828.38,37.94,22.84,285.64,NORMAL
6.56,20.85,528.25,37.49,25.39,155.95,NORMAL
36.62,60.28,960.9,41.53,24.75,325.97,RISING_RISK
32.8,63.63,892.32,42.04,24.48,329.74,RISING_RISK
33.06,54.55,847.09,41.42,24.16,268.64,RISING_RISK
32.24,43.52,806.69,38.1,22.69,284.27,NORMAL
5.7,20.06,522.78,36.11,24.99,163.48,NORMAL
36.37,59.84,960.99,42.25,24.18,325.87,RISING_RISK
37.66,64.08,892.38,41.86,24.74,331.7,RISING_RISK
33.2,52.96,827.99,43.23,24.01,259.44,RISING_RISK
32.54,41.71,799.24,38.46,22.49,279.95,NORMAL
7.06,19.31,527.94,35.1,24.94,168.34,NORMAL
38.77,56.17,974.57,42.91,23.98,327.4,RISING_RISK
38.77,67.37,893.57,41.74,24.98,341.18,RISING_RISK
35.26,56.57,850.77,43.07,23.93,275.34,RISING_RISK
31.54,37.56,780.12,39.11,22.71,275.15,NORMAL
9.79,21.22,508.79,34.54,25.43,167.94,NORMAL
37.55,56.52,986.92,44.51,23.94,334.11,RISING_RISK
40.08,64.63,898.85,40.41,24.74,354.13,RISING_RISK
38.71,58.05,851.25,43.16,23.7,279.81,RISING_RISK
28.58,39.1,760.61,39.21,22.83,273.04,NORMAL
9.35,22.07,510.12,35.18,25.65,157.71,NORMAL
36.5,57.38,989.71,44.13,24.05,327.43,RISING_RISK
40.04,64.69,903.78,40.61,24.59,360.63,RISING_RISK
39.23,59.22,865.16,42.83,23.88,282.77,RISING_RISK
28.66,40.01,747.32,38.76,22.77,269.02,NORMAL
9.34,18.06,507.41,34.01,25.76,161.19,NORMAL
42.07,58.74,993.77,42.98,24.36,341.68,RISING_RISK
41.91,64.79,925.93,40.78,24.06,352.9,RISING_RISK
40.22,59.63,884.76,41.39,23.96,289.76,RISING_RISK
26.14,41.75,743.13,35.52,23.11,256.43,NORMAL
12.12,18.9,516.96,33.68,25.67,159.57,NORMAL
43.77,59.32,1005.94,43.76,24.46,351.67,STAGNATION_PREDICTED
42.88,66.81,941.07,39.92,23.88,348.96,RISING_RISK
40.41,57.98,894.45,40.05,24.24,303.48,RISING_RISK
25.48,39.11,721.16,35.39,23.32,254.68,NORMAL
11.65,18.19,517.02,33.52,25.23,171.91,NORMAL
42.9,61.02,1005.54,44.09,24.47,352.91,STAGNATION_PREDICTED
43.93,63.84,949.89,38.53,23.84,359.86,RISING_RISK
41.42,56.17,886.32,41.34,23.69,303.01,RISING_RISK
25.42,37.6,721.73,35.71,22.68,242.5,NORMAL
12.97,18.2,524.18,35.22,25.17,167.72,NORMAL
38.41,58.93,958.3,43.34,24.69,332.4,RISING_RISK
44.59,63.48,951.0,37.7,23.93,355.63,RISING_RISK
42.93,54.36,898.7,41.1,23.19,309.12,RISING_RISK
24.38,34.45,700.08,36.19,22.73,242.56,NORMAL
14.75,16.76,529.9,34.76,25.41,173.04,NORMAL
38.06,57.65,931.05,42.54,24.66,328.25,RISING_RISK
45.8,61.6,954.6,36.37,23.83,366.75,RISING_RISK
46.72,52.83,904.25,39.47,23.32,307.71,RISING_RISK
26.12,29.61,694.58,36.61,22.7,237.07,NORMAL
13.19,16.01,520.55,35.46,25.15,167.75,NORMAL
39.34,54.43,895.57,41.32,24.84,328.63,RISING_RISK
43.21,60.73,923.47,36.86,24.02,358.69,RISING_RISK
46.22,51.39,917.2,39.69,23.5,330.33,RISING_RISK
22.51,26.35,685.77,37.58,22.22,236.09,NORMAL
12.31,15.28,522.62,36.59,25.1,168.9,NORMAL
38.05,52.22,873.74,41.62,25.24,314.9,RISING_RISK
43.87,53.6,890.15,36.99,23.65,342.13,RISING_RISK
47.2,53.61,927.19,39.38,23.39,327.43,RISING_RISK
22.84,25.68,678.35,38.57,21.56,231.41,NORMAL
14.25,14.5,516.9,37.9,25.47,163.71,NORMAL
36.98,52.18,896.66,40.34,24.97,317.59,RISING_RISK
42.08,54.39,866.28,36.2,23.92,332.53,RISING_RISK
46.77,52.17,943.41,39.75,23.5,336.99,RISING_RISK
21.29,28.32,694.22,38.6,21.7,235.53,NORMAL
13.84,11.87,521.56,39.68,24.83,167.47,NORMAL
39.64,55.92,909.64,39.89,24.78,325.19,RISING_RISK
39.5,49.76,857.69,37.15,23.93,324.23,RISING_RISK
46.86,54.01,957.73,41.28,23.47,352.23,RISING_RISK
22.03,27.36,685.08,39.74,21.99,227.98,NORMAL
13.36,10.55,517.92,39.91,24.32,175.19,NORMAL
41.84,57.64,906.84,40.13,24.65,337.77,RISING_RISK
39.4,47.55,839.76,36.74,24.35,311.21,RISING_RISK
46.43,57.69,954.11,41.92,23.38,342.22,RISING_RISK
20.99,27.63,677.25,38.75,22.66,222.89,NORMAL
9.05,9.31,521.84,39.08,24.46,168.5,NORMAL
40.38,59.46,917.87,37.85,24.78,342.55,RISING_RISK
38.01,41.53,832.94,36.62,24.37,308.98,RISING_RISK
45.35,60.01,962.67,40.81,23.76,341.11,RISING_RISK
19.55,24.49,680.92,40.31,22.61,211.76,NORMAL
12.42,10.94,511.49,39.19,23.83,169.22,NORMAL
38.04,57.64,912.84,37.05,24.78,348.31,RISING_RISK
35.02,38.39,817.44,37.15,24.18,303.51,RISING_RISK
46.55,59.79,962.88,40.48,23.36,344.5,RISING_RISK
22.31,24.76,667.05,39.45,23.44,203.35,NORMAL
11.67,15.31,510.47,39.43,23.74,166.86,NORMAL
39.15,57.19,922.32,37.34,24.8,352.17,RISING_RISK
31.26,36.79,806.15,39.15,23.92,292.92,NORMAL
49.03,60.72,978.1,42.81,23.67,351.31,RISING_RISK
21.36,25.32,651.89,38.47,23.15,206.44,NORMAL
10.15,16.84,525.79,38.75,23.58,170.57,NORMAL
41.7,59.22,928.48,37.78,24.79,345.12,RISING_RISK
28.26,34.87,788.06,39.4,23.56,286.49,NORMAL
47.38,55.83,996.8,42.4,24.14,353.12,RISING_RISK
20.51,24.08,644.59,38.62,23.65,200.99,NORMAL
9.67,15.93,521.42,40.62,23.74,167.11,NORMAL
44.45,60.23,930.22,37.51,24.67,349.39,RISING_RISK
27.59,38.1,773.93,36.94,24.03,287.12,NORMAL
50.12,56.55,994.74,43.16,24.42,360.25,RISING_RISK
20.89,21.48,642.58,39.66,24.4,195.29,NORMAL
8.26,19.52,504.43,39.14,23.89,174.67,NORMAL
44.26,58.84,946.92,38.73,24.61,355.71,RISING_RISK
29.82,41.06,760.0,36.67,24.07,281.71,NORMAL
51.94,53.93,983.51,42.56,24.5,366.55,RISING_RISK
20.13,20.47,645.27,39.33,23.98,198.14,NORMAL
10.12,19.92,502.75,39.67,23.55,167.56,NORMAL
43.88,61.33,956.68,37.96,24.66,359.87,RISING_RISK
28.9,42.04,736.83,36.91,24.05,267.68,NORMAL
51.99,57.21,979.86,44.71,24.35,368.01,RISING_RISK
16.87,21.56,641.43,40.11,23.83,197.89,NORMAL
10.4,18.14,507.73,41.35,23.71,165.36,NORMAL
42.91,63.18,973.51,38.07,25.23,361.28,RISING_RISK
26.94,41.16,723.74,36.68,24.21,257.41,NORMAL
50.44,57.38,979.68,45.33,24.61,371.15,RISING_RISK
16.87,20.02,640.5,40.57,24.23,183.33,NORMAL
11.88,19.76,530.63,42.38,23.72,171.06,NORMAL
44.01,64.79,973.4,37.56,25.07,365.72,RISING_RISK
29.05,41.54,719.98,34.74,24.14,258.53,NORMAL
49.46,55.77,955.73,46.38,24.68,373.89,RISING_RISK
18.23,20.89,644.85,41.64,24.19,176.21,NORMAL
14.91,21.26,552.55,42.29,23.65,181.0,NORMAL
44.57,67.77,983.17,37.16,25.02,369.72,RISING_RISK
26.86,39.71,713.93,35.53,23.87,255.83,NORMAL
45.36,54.55,933.64,47.56,24.91,361.19,RISING_RISK
20.48,25.25,680.31,40.87,24.92,180.09,NORMAL
17.28,20.84,578.34,43.91,23.88,190.02,NORMAL
42.93,68.68,1005.43,36.07,25.56,364.15,STAGNATION_PREDICTED
24.13,40.9,704.91,36.0,23.43,239.43,NORMAL
43.93,51.34,907.87,47.98,25.24,347.5,RISING_RISK
21.43,28.55,709.69,42.44,24.76,200.57,NORMAL
17.73,25.29,598.04,44.43,23.76,202.7,NORMAL
41.06,66.59,1000.55,37.43,25.13,359.13,STAGNATION_PREDICTED
23.4,41.53,685.63,36.6,23.19,225.92,NORMAL
39.22,48.58,900.95,47.1,25.11,336.86,RISING_RISK
21.45,33.61,726.15,42.95,24.84,218.51,NORMAL
19.89,32.09,606.65,43.29,23.89,201.75,NORMAL
40.09,69.68,1003.25,36.89,24.72,366.66,STAGNATION_PREDICTED
21.62,39.64,677.05,38.36,23.5,230.28,NORMAL
39.84,49.31,871.56,47.44,25.04,340.59,RISING_RISK
22.52,31.86,741.15,44.46,25.83,233.59,NORMAL
21.93,36.68,639.37,42.92,23.9,208.47,NORMAL
40.5,67.93,975.87,38.34,25.03,355.52,RISING_RISK
22.84,35.69,664.18,38.27,23.89,232.78,NORMAL
35.93,48.45,865.38,46.95,24.83,334.32,RISING_RISK
23.23,33.8,747.51,42.78,26.06,253.38,NORMAL
25.45,34.35,665.01,42.56,24.6,222.01,NORMAL
41.21,64.88,935.25,38.38,24.97,344.74,RISING_RISK
23.37,36.2,656.32,37.91,23.69,233.14,NORMAL
33.81,44.74,841.55,48.04,24.95,335.31,NORMAL
24.77,35.35,765.66,42.7,26.25,258.73,NORMAL
27.26,35.82,681.51,40.57,25.34,222.51,NORMAL
38.68,61.68,914.52,37.62,24.57,333.16,RISING_RISK
23.09,36.89,640.81,38.35,23.79,223.89,NORMAL
32.55,43.39,814.88,48.34,25.19,325.67,NORMAL
26.94,35.9,782.4,42.36,25.93,269.31,NORMAL
27.57,37.65,689.75,40.63,25.6,237.85,NORMAL
39.77,60.46,896.33,38.07,24.22,320.65,RISING_RISK
22.99,34.66,631.89,38.43,23.83,224.05,NORMAL
30.76,41.52,794.89,47.5,25.01,323.51,NORMAL
28.86,36.94,796.63,43.28,26.09,280.0,NORMAL
31.11,38.68,718.25,40.47,26.05,246.52,NORMAL
39.41,59.85,882.73,38.1,24.37,315.49,RISING_RISK
22.26,36.22,637.37,38.33,23.96,233.39,NORMAL
31.81,39.59,783.32,48.77,25.39,319.05,NORMAL
31.25,39.96,814.15,43.68,25.91,286.75,NORMAL
32.12,39.69,732.02,40.56,26.05,252.28,NORMAL
39.58,59.96,850.85,38.18,24.27,302.3,RISING_RISK
26.83,37.86,660.81,38.63,23.89,253.55,NORMAL
31.98,39.27,780.39,47.12,25.01,294.73,NORMAL
33.81,36.52,827.38,41.5,25.77,303.41,NORMAL
33.66,40.03,759.34,39.45,26.01,264.64,NORMAL
36.83,56.06,847.56,39.33,24.01,302.65,RISING_RISK
28.66,41.0,679.32,38.31,23.84,257.49,NORMAL
31.23,35.85,768.9,47.62,24.75,291.05,NORMAL
35.87,39.21,830.87,43.06,25.57,305.07,RISING_RISK
33.26,42.37,769.62,40.73,25.82,266.0,NORMAL
36.43,53.83,825.1,39.38,24.27,313.87,RISING_RISK
31.21,43.36,697.73,39.09,23.58,262.36,NORMAL
29.98,36.79,761.09,47.77,24.52,283.56,NORMAL
36.79,42.4,838.87,40.12,24.86,309.06,RISING_RISK
33.77,44.72,790.67,41.12,25.51,271.42,NORMAL
36.76,51.68,819.31,39.29,24.49,301.8,RISING_RISK
32.78,46.03,720.36,38.88,23.64,279.29,NORMAL
29.4,36.79,742.82,48.89,24.29,278.08,NORMAL
36.38,47.75,862.14,39.38,24.75,318.93,RISING_RISK
33.9,44.74,800.86,42.12,25.51,277.98,NORMAL
33.67,46.44,799.33,40.37,24.5,293.24,NORMAL
37.46,43.1,738.76,39.31,23.36,273.97,RISING_RISK
30.05,35.3,727.46,47.61,24.15,269.64,NORMAL
35.11,46.79,884.05,40.81,24.46,330.92,RISING_RISK
33.13,43.52,820.51,42.25,25.42,288.44,NORMAL
35.53,41.71,794.44,41.11,24.7,288.02,RISING_RISK
36.74,44.33,761.3,39.39,23.73,286.12,RISING_RISK
25.15,37.3,724.42,48.73,24.69,267.75,NORMAL
35.69,45.64,892.1,42.08,24.6,337.47,RISING_RISK
32.16,47.93,854.93,42.0,25.56,300.29,NORMAL
31.92,40.79,796.1,40.69,24.8,278.37,NORMAL
36.88,46.86,778.99,39.12,23.46,300.0,RISING_RISK
24.03,38.62,709.47,49.51,24.88,260.7,NORMAL
36.32,50.51,893.48,41.83,24.76,353.74,RISING_RISK
31.41,45.55,864.26,41.77,25.73,301.15,NORMAL
32.87,40.31,793.31,42.05,24.62,266.48,NORMAL
35.29,48.9,782.8,39.1,23.82,314.81,RISING_RISK
23.38,38.67,686.0,47.6,24.88,245.47,NORMAL
34.77,52.66,899.32,43.73,24.44,351.49,RISING_RISK
34.45,42.14,867.3,42.26,25.74,305.17,NORMAL
31.53,37.98,777.25,40.95,24.41,251.13,NORMAL
37.42,55.24,800.79,38.48,24.07,322.62,RISING_RISK
22.54,35.91,692.57,48.21,25.08,235.88,NORMAL
37.88,53.19,909.86,44.28,24.43,362.58,RISING_RISK
36.49,45.13,890.48,42.49,25.92,306.85,RISING_RISK
31.2,36.76,772.18,43.31,24.32,255.41,NORMAL
37.3,55.52,816.7,37.57,24.74,328.14,RISING_RISK
21.99,35.04,673.13,48.25,25.14,224.99,NORMAL
39.12,54.31,916.21,43.77,24.76,363.75,RISING_RISK
37.92,44.35,907.45,40.58,26.06,319.09,RISING_RISK
31.46,34.86,765.72,43.61,24.46,248.16,NORMAL
38.22,54.76,826.96,38.67,24.79,329.83,RISING_RISK
23.46,37.36,660.56,49.01,25.19,228.05,NORMAL
39.23,58.08,933.11,45.44,24.22,365.93,RISING_RISK
37.55,44.49,922.95,40.97,26.45,333.91,RISING_RISK
28.88,33.03,758.52,45.03,24.73,234.81,NORMAL
35.68,55.77,827.7,38.37,25.09,325.9,RISING_RISK
20.17,35.77,649.16,49.02,24.6,229.09,NORMAL
38.36,61.33,934.23,46.45,24.03,372.04,RISING_RISK
38.48,46.73,932.49,42.67,26.05,337.79,RISING_RISK
28.25,30.27,746.97,44.54,25.03,218.5,NORMAL
37.71,55.89,837.15,40.94,24.48,323.38,RISING_RISK
18.78,32.46,641.39,50.37,24.18,228.2,NORMAL
36.71,61.08,936.56,46.45,24.3,371.06,RISING_RISK
36.55,45.22,941.92,43.51,26.14,338.94,RISING_RISK
30.82,29.31,743.55,44.04,24.47,205.56,NORMAL
39.42,58.08,848.24,42.03,24.89,321.07,RISING_RISK
18.11,31.92,644.42,51.96,24.47,232.1,NORMAL
39.23,59.68,954.29,44.9,24.12,358.68,RISING_RISK
38.56,47.28,953.97,44.24,26.38,336.02,RISING_RISK
29.43,31.06,728.56,44.16,24.35,199.84,NORMAL
41.74,59.49,865.52,40.97,25.25,313.98,RISING_RISK
17.45,31.84,635.66,52.61,24.97,225.72,NORMAL
41.46,58.58,964.62,45.84,24.55,372.08,RISING_RISK
36.42,47.5,926.03,45.7,26.16,331.96,RISING_RISK
26.49,29.48,714.99,44.31,24.34,191.29,NORMAL
43.17,62.25,868.48,42.02,25.09,319.95,RISING_RISK
16.26,32.73,619.66,54.34,25.03,232.59,NORMAL
40.46,56.11,940.37,46.41,24.34,361.84,RISING_RISK
33.9,47.52,909.49,45.46,26.2,325.28,NORMAL
25.32,31.34,699.05,43.56,23.93,180.91,NORMAL
43.62,63.32,871.69,42.3,25.15,327.3,RISING_RISK
16.91,32.1,616.91,54.24,25.22,237.06,NORMAL
39.89,53.06,920.92,44.89,24.81,346.99,RISING_RISK
32.61,45.25,898.53,44.61,26.57,318.27,NORMAL
24.3,30.35,677.17,42.49,24.14,184.27,NORMAL
45.34,63.45,884.26,42.0,25.04,312.49,RISING_RISK
15.13,29.35,615.99,53.14,25.1,232.61,NORMAL
39.46,54.84,894.38,45.87,24.23,337.33,RISING_RISK
31.96,44.4,851.03,45.64,26.52,317.99,NORMAL
23.65,30.32,674.23,43.19,24.28,178.52,NORMAL
46.52,64.04,892.15,42.72,24.97,312.52,RISING_RISK
15.95,29.14,611.51,52.98,25.06,222.55,NORMAL
38.85,57.63,877.46,47.3,24.22,333.72,RISING_RISK
30.91,42.63,841.75,44.43,26.48,304.68,NORMAL
22.74,30.3,661.83,43.62,23.88,191.2,NORMAL
43.09,67.08,900.22,42.04,24.69,304.16,RISING_RISK
16.4,27.34,599.74,53.89,25.07,225.84,NORMAL
36.36,54.86,862.79,48.38,24.0,325.94,RISING_RISK
29.23,36.52,812.45,44.25,26.39,293.67,NORMAL
22.96,31.56,661.74,43.29,23.72,197.57,NORMAL
42.36,67.63,915.83,42.55,24.75,312.78,RISING_RISK
16.45,26.3,597.82,55.49,24.99,231.7,NORMAL
34.34,50.39,839.99,49.06,23.66,322.61,RISING_RISK
28.5,38.62,788.17,45.19,26.66,296.46,NORMAL
24.64,28.18,661.17,42.62,23.64,201.56,NORMAL
44.11,66.56,921.52,42.57,24.84,322.46,RISING_RISK
17.4,25.18,601.18,55.49,25.49,234.14,NORMAL
32.51,49.49,810.7,49.01,24.08,314.19,NORMAL
28.18,37.98,764.5,44.99,26.45,284.66,NORMAL
23.01,30.23,657.83,42.23,23.88,196.36,NORMAL
45.84,66.4,924.31,43.27,24.17,327.05,RISING_RISK
18.06,26.34,587.67,54.77,25.81,226.07,NORMAL
31.02,45.09,799.47,47.88,24.46,308.6,NORMAL
27.1,37.31,760.53,44.69,26.09,281.37,NORMAL
21.51,32.58,640.45,41.29,23.83,193.95,NORMAL
43.12,68.39,925.64,42.37,24.16,342.03,RISING_RISK
19.61,28.55,618.8,52.47,25.67,234.87,NORMAL
29.37,45.34,790.57,47.13,24.81,303.93,NORMAL
27.93,37.07,741.22,44.18,26.39,266.43,NORMAL
19.7,29.53,650.61,38.92,24.29,194.49,NORMAL
43.12,69.9,935.02,41.03,24.25,349.12,RISING_RISK
21.14,30.21,652.69,51.15,25.68,242.94,NORMAL
31.12,44.87,767.5,45.56,24.89,290.58,NORMAL
29.95,38.92,765.14,43.31,26.33,275.29,NORMAL
18.08,27.33,643.92,38.07,24.24,192.59,NORMAL
41.22,71.39,961.14,42.13,24.64,342.59,RISING_RISK
24.09,32.6,666.16,51.87,25.63,253.48,NORMAL
30.16,43.82,749.55,46.49,25.77,292.11,NORMAL
29.07,39.81,772.44,43.6,26.11,287.24,NORMAL
18.75,31.78,648.32,39.05,24.73,190.33,NORMAL
39.29,70.36,943.68,42.16,24.73,328.4,RISING_RISK
27.28,33.75,681.72,53.17,26.06,255.04,NORMAL
28.11,43.25,735.87,47.28,25.74,271.27,NORMAL
30.3,40.41,794.45,40.8,26.35,307.13,NORMAL
15.81,30.79,656.03,39.12,24.8,192.03,NORMAL
33.76,66.76,918.36,41.76,24.73,316.34,RISING_RISK
31.56,31.3,700.22,54.6,25.52,281.71,NORMAL
27.12,40.48,727.05,48.36,25.99,267.25,NORMAL
30.58,42.18,819.67,38.71,25.78,309.97,NORMAL
17.56,31.11,660.3,37.05,24.51,176.6,NORMAL
32.2,63.72,901.86,42.13,24.48,309.51,RISING_RISK
30.76,33.54,717.93,53.79,25.12,285.62,NORMAL
27.42,37.09,702.43,47.21,25.77,250.0,NORMAL
29.5,43.35,841.56,39.61,25.73,317.02,NORMAL
16.54,31.89,646.46,35.39,24.68,182.67,NORMAL
32.29,63.58,882.71,41.27,25.01,298.24,RISING_RISK
31.73,39.29,750.99,54.78,25.15,304.63,NORMAL
25.6,36.39,694.31,47.78,26.13,250.83,NORMAL
30.57,46.0,845.23,39.15,26.13,321.33,NORMAL
17.91,34.23,642.66,38.02,24.47,178.56,NORMAL
32.63,62.55,859.6,39.98,25.45,286.97,RISING_RISK
33.94,42.03,767.32,53.32,25.33,297.43,NORMAL
22.79,32.56,682.59,46.91,25.83,248.46,NORMAL
34.01,46.03,846.96,39.28,26.24,326.6,NORMAL
18.27,34.89,645.68,38.66,24.62,179.04,NORMAL
32.44,65.54,842.17,40.34,25.49,272.4,RISING_RISK
35.11,45.2,790.89,53.45,25.15,303.9,RISING_RISK
23.94,33.32,661.1,47.17,25.84,242.94,NORMAL
34.79,48.24,861.36,41.21,25.64,332.72,NORMAL
16.47,32.38,639.59,39.05,24.37,176.9,NORMAL
33.01,65.16,827.08,39.95,25.27,269.42,RISING_RISK
33.52,48.58,817.83,53.92,25.09,315.82,NORMAL
23.88,32.81,655.26,46.28,26.13,230.16,NORMAL
34.93,49.2,887.48,42.1,25.65,341.73,NORMAL
15.82,31.55,629.19,40.47,24.16,175.73,NORMAL
30.69,63.49,811.88,41.25,25.11,258.97,RISING_RISK
34.24,50.89,835.25,53.73,25.15,317.32,RISING_RISK
23.74,31.3,657.36,45.83,26.28,232.86,NORMAL
33.2,51.16,899.37,42.16,25.87,335.07,RISING_RISK
14.72,29.7,622.36,41.11,24.24,178.75,NORMAL
30.9,62.96,809.22,42.25,25.73,256.15,RISING_RISK
35.64,51.41,853.99,54.1,25.12,317.81,RISING_RISK
25.1,27.72,644.86,45.81,26.5,228.66,NORMAL
33.29,52.27,912.97,43.1,25.96,337.77,RISING_RISK
14.38,27.87,606.32,40.84,24.62,178.62,NORMAL
31.33,61.91,805.37,42.68,25.38,253.1,RISING_RISK
34.28,50.2,861.1,54.87,25.26,330.18,RISING_RISK
22.64,28.3,641.21,45.67,26.06,226.84,NORMAL
31.86,52.24,906.94,42.78,26.03,334.47,RISING_RISK
15.63,26.66,602.04,41.81,24.58,188.07,NORMAL
29.72,60.28,796.33,41.27,25.58,257.4,RISING_RISK
33.48,52.02,868.76,54.31,25.39,335.55,RISING_RISK
22.55,29.07,627.33,46.62,26.09,225.75,NORMAL
34.15,53.01,906.7,43.74,25.64,333.07,RISING_RISK
14.54,23.71,594.3,43.0,24.28,181.8,NORMAL
27.88,58.44,789.53,41.73,25.1,253.03,RISING_RISK
34.99,50.62,878.45,54.38,25.54,345.74,RISING_RISK
19.66,25.42,608.62,45.63,26.47,219.37,NORMAL
35.71,51.17,923.06,42.82,25.53,341.14,RISING_RISK
13.54,23.62,585.61,43.92,24.17,179.39,NORMAL
23.19,57.92,775.79,42.42,24.85,241.74,RISING_RISK
34.46,49.51,853.54,52.72,25.66,331.73,NORMAL
16.26,23.56,617.56,44.16,26.28,216.69,NORMAL
38.16,53.11,937.12,43.66,25.35,348.62,RISING_RISK
13.75,21.88,587.24,44.53,23.99,177.34,NORMAL
23.68,55.96,762.61,41.61,24.58,239.55,RISING_RISK
33.82,47.24,836.87,54.1,25.8,327.98,NORMAL
16.51,21.63,614.07,45.42,25.9,217.07,NORMAL
38.4,53.97,942.26,43.92,25.49,358.91,RISING_RISK
13.46,21.67,591.81,44.81,23.62,175.41,NORMAL
22.63,54.19,752.75,41.6,24.39,240.57,RISING_RISK
32.49,45.2,815.4,52.66,25.98,310.31,NORMAL
16.82,23.36,603.98,45.91,25.55,222.41,NORMAL
40.31,54.7,946.48,43.98,25.42,355.8,RISING_RISK
12.71,22.27,578.99,45.16,23.35,161.9,NORMAL
20.7,51.19,753.43,42.14,24.1,239.74,RISING_RISK
33.28,44.66,803.1,51.73,25.96,296.85,NORMAL
18.63,22.93,597.57,45.4,25.53,225.13,NORMAL
43.79,56.92,945.71,44.14,25.15,359.11,RISING_RISK
13.74,23.93,574.45,44.77,23.12,155.48,NORMAL
20.59,48.17,753.73,41.76,24.16,234.9,NORMAL
31.27,42.13,785.01,52.03,25.88,283.11,NORMAL
16.52,22.82,598.2,44.67,25.32,224.54,NORMAL
43.04,57.72,957.62,45.5,25.04,355.76,RISING_RISK
12.27,22.23,565.78,45.35,22.76,163.47,NORMAL
22.18,46.97,739.6,43.08,23.96,225.04,NORMAL
32.35,42.03,758.52,50.05,25.44,276.08,NORMAL
15.55,22.38,593.02,43.41,24.91,213.94,NORMAL
43.14,58.86,972.93,41.58,25.26,347.4,RISING_RISK
15.14,20.64,559.59,46.38,22.83,166.03,NORMAL
20.15,46.65,737.73,43.94,23.7,217.61,NORMAL
31.39,41.43,740.48,49.96,24.91,270.57,NORMAL
19.05,23.68,592.1,45.52,24.97,216.78,NORMAL
43.01,59.39,979.52,41.41,25.47,338.72,RISING_RISK
16.56,19.61,549.7,45.35,22.99,166.12,NORMAL
18.92,43.21,724.24,45.04,24.0,219.14,NORMAL
31.29,38.15,721.55,48.79,24.31,255.24,NORMAL
18.66,24.28,578.48,47.89,24.58,225.93,NORMAL
41.11,64.13,990.79,41.48,25.79,357.09,RISING_RISK
16.25,18.3,537.27,45.91,23.39,166.25,NORMAL
16.68,42.3,709.79,47.53,23.19,228.51,NORMAL
33.55,34.17,700.27,49.7,24.61,262.03,NORMAL
18.88,24.65,570.12,48.31,24.72,221.72,NORMAL
41.93,65.71,992.71,43.18,26.2,364.37,RISING_RISK
17.27,15.44,528.11,45.91,23.91,171.07,NORMAL
14.9,38.73,711.87,46.79,23.18,234.35,NORMAL
30.82,35.03,692.93,49.34,24.67,262.57,NORMAL
17.89,23.68,561.27,48.61,24.54,225.42,NORMAL
41.46,69.29,1011.0,44.5,26.36,380.14,STAGNATION_PREDICTED
20.82,17.61,528.17,46.29,23.66,159.36,NORMAL
15.01,38.36,711.12,47.4,23.01,233.42,NORMAL
32.68,35.06,671.67,48.91,24.76,258.04,NORMAL
18.64,23.78,575.01,46.49,24.57,220.33,NORMAL
39.52,73.8,1011.49,44.3,26.24,383.5,STAGNATION_PREDICTED
17.3,18.91,524.12,46.86,23.39,160.06,NORMAL
16.04,39.57,710.56,48.78,23.08,232.99,NORMAL
30.94,34.37,662.54,47.23,24.86,247.89,NORMAL
17.87,23.43,567.22,47.43,24.62,226.34,NORMAL
40.61,71.45,1011.79,44.05,26.38,383.14,STAGNATION_PREDICTED
15.5,20.2,542.45,46.47,23.14,156.21,NORMAL
15.76,41.91,704.46,50.06,23.7,245.83,NORMAL
35.24,34.17,694.0,47.99,24.94,258.0,RISING_RISK
16.98,23.02,571.49,45.51,24.76,216.43,NORMAL
40.42,69.46,1016.07,44.14,26.05,374.24,STAGNATION_PREDICTED
14.69,23.59,546.2,45.07,23.4,139.58,NORMAL
15.03,39.56,675.5,49.86,24.01,231.75,NORMAL
38.39,37.19,703.46,47.62,24.36,259.78,RISING_RISK
15.44,24.97,569.77,44.51,24.15,208.83,NORMAL
40.39,68.36,1016.23,42.96,26.15,378.61,STAGNATION_PREDICTED
14.41,23.09,540.35,45.35,23.37,134.21,NORMAL
12.92,39.49,665.57,48.18,24.08,230.31,NORMAL
40.52,39.16,728.3,47.46,24.15,266.26,RISING_RISK
17.26,23.12,566.42,43.51,24.6,208.33,NORMAL
41.63,69.08,1029.81,42.06,26.11,381.44,STAGNATION_PREDICTED
15.89,21.5,550.95,45.27,23.17,133.13,NORMAL
13.42,34.6,656.14,49.99,24.19,238.03,NORMAL
41.37,40.79,756.99,47.33,24.1,280.12,RISING_RISK
15.85,23.38,557.88,44.37,24.68,213.45,NORMAL
42.39,65.07,1003.28,44.19,25.68,372.09,STAGNATION_PREDICTED
15.22,21.64,562.42,45.0,22.93,140.26,NORMAL
11.38,31.46,641.47,49.47,23.98,239.98,NORMAL
40.73,43.96,777.38,47.88,23.92,288.5,RISING_RISK
14.79,20.28,553.4,44.46,24.59,214.49,NORMAL
41.73,64.75,984.82,45.39,25.93,360.11,RISING_RISK
13.68,17.93,575.18,45.67,22.81,152.68,NORMAL
8.73,29.65,620.32,50.52,23.62,246.03,NORMAL
39.56,46.04,782.59,48.88,23.08,312.04,RISING_RISK
12.79,21.75,561.71,45.03,24.44,216.44,NORMAL
36.68,60.81,959.09,43.58,25.35,359.55,RISING_RISK
14.37,19.79,599.5,44.49,23.27,152.68,NORMAL
9.63,28.76,603.37,49.76,23.84,242.91,NORMAL
38.95,48.01,810.84,47.42,23.27,313.09,RISING_RISK
16.06,19.94,568.12,46.41,24.58,206.93,NORMAL
32.55,59.45,947.51,44.6,25.53,351.01,RISING_RISK
17.22,19.68,631.86,44.49,23.08,172.85,NORMAL
7.18,28.76,607.05,50.42,23.99,236.39,NORMAL
41.08,49.43,820.73,47.53,23.4,318.55,RISING_RISK
13.05,16.66,557.06,45.92,24.41,215.69,NORMAL
32.92,58.27,928.48,44.88,25.59,337.03,RISING_RISK
17.08,22.65,637.54,45.0,22.95,181.24,NORMAL
8.36,28.8,603.28,52.09,23.83,249.56,NORMAL
39.56,52.68,844.52,47.1,23.23,319.8,RISING_RISK
12.11,13.3,548.78,45.79,24.29,218.45,NORMAL
31.51,56.17,905.15,45.25,25.41,333.8,RISING_RISK
18.21,24.22,656.94,45.3,22.99,193.37,NORMAL
9.08,30.35,613.2,53.57,23.37,247.13,NORMAL
40.03,54.17,861.58,47.46,23.05,330.23,RISING_RISK
13.3,15.11,556.44,45.87,24.31,214.44,NORMAL
32.68,54.18,886.12,45.78,25.21,333.18,RISING_RISK
20.39,22.72,684.4,45.84,22.64,210.3,NORMAL
8.9,27.67,615.62,53.06,23.21,240.59,NORMAL
39.51,54.19,873.47,46.62,23.19,334.42,RISING_RISK
9.94,15.44,558.2,44.8,24.6,211.63,NORMAL
31.51,52.09,867.26,47.58,25.33,345.6,RISING_RISK
20.43,24.46,697.01,44.71,23.04,221.34,NORMAL
10.05,28.71,620.19,54.47,23.25,235.78,NORMAL
39.96,56.58,888.76,47.35,23.39,329.45,RISING_RISK
7.37,15.59,548.02,46.1,24.78,214.54,NORMAL
33.03,50.14,851.54,49.3,25.51,348.71,RISING_RISK
22.62,27.06,732.03,46.2,22.96,248.16,NORMAL
11.22,25.72,610.03,53.34,23.27,234.1,NORMAL
42.9,61.38,911.94,46.62,23.55,325.84,RISING_RISK
8.78,15.54,549.39,44.76,24.62,188.81,NORMAL
32.43,48.9,838.52,48.78,25.18,337.97,NORMAL
28.07,30.04,754.57,46.18,23.45,257.1,NORMAL
12.69,23.35,614.03,55.33,23.13,241.31,NORMAL
41.54,62.37,918.65,45.17,23.86,324.3,RISING_RISK
11.4,11.96,544.9,45.79,24.32,184.8,NORMAL
30.99,49.34,817.7,48.34,25.04,325.89,NORMAL
28.97,31.36,777.69,45.74,23.38,261.86,NORMAL
10.6,22.91,616.68,55.58,22.7,232.84,NORMAL
42.47,65.36,914.33,46.45,23.21,334.98,RISING_RISK
11.17,12.82,536.48,44.99,24.12,182.09,NORMAL
30.64,47.59,798.46,49.04,24.36,311.08,NORMAL
31.28,33.62,798.47,45.44,23.47,277.31,NORMAL
11.84,21.93,612.45,55.42,23.02,225.04,NORMAL
41.94,65.19,933.34,47.49,22.85,349.39,RISING_RISK
10.26,11.98,538.88,47.97,24.47,195.8,NORMAL
30.03,45.12,780.53,48.37,25.08,296.95,NORMAL
33.08,38.49,828.63,45.63,23.06,282.39,NORMAL
12.56,21.15,608.87,54.79,23.06,225.76,NORMAL
43.27,65.8,940.91,46.78,23.28,349.54,RISING_RISK
9.66,14.49,528.18,46.46,24.67,173.32,NORMAL
28.47,44.67,764.11,47.97,25.1,288.58,NORMAL
35.02,37.63,836.12,44.74,22.65,289.39,RISING_RISK
13.69,24.23,610.56,54.5,23.07,212.25,NORMAL
42.24,63.85,947.48,46.83,23.45,361.48,RISING_RISK
10.38,11.49,534.17,47.07,24.25,175.08,NORMAL
26.5,42.88,772.51,48.08,24.57,274.39,NORMAL
36.09,41.16,846.02,46.49,23.15,300.01,RISING_RISK
15.78,21.78,605.66,55.52,23.1,226.98,NORMAL
43.44,64.37,960.15,47.03,23.2,368.2,RISING_RISK
9.49,7.05,531.45,48.24,24.37,185.89,NORMAL
24.86,41.53,742.2,48.57,24.7,272.83,NORMAL
36.06,41.75,867.04,47.3,23.43,315.29,RISING_RISK
15.39,21.49,598.0,53.44,23.06,219.01,NORMAL
42.05,65.09,965.15,47.9,23.07,373.14,RISING_RISK
6.84,6.85,524.75,48.0,24.28,169.18,NORMAL
27.44,44.13,737.43,49.06,24.8,279.77,NORMAL
34.07,45.45,884.59,47.32,23.27,316.74,NORMAL
14.89,22.35,599.03,52.77,23.05,219.59,NORMAL
42.83,67.8,967.41,48.98,23.32,389.61,RISING_RISK
10.04,6.92,508.56,47.85,24.5,169.57,NORMAL
25.99,44.73,724.46,51.25,24.81,282.32,NORMAL
34.47,46.57,889.88,46.51,23.11,328.66,NORMAL
11.91,22.55,599.13,50.57,22.56,207.72,NORMAL
40.52,68.7,950.04,48.3,23.65,375.06,RISING_RISK
8.96,6.96,514.35,48.46,24.81,166.43,NORMAL
24.76,38.77,717.88,50.74,24.93,271.2,NORMAL
36.33,49.03,899.65,47.88,23.66,326.86,RISING_RISK
13.43,24.75,637.12,51.03,23.27,229.1,NORMAL
39.8,67.72,937.61,48.04,23.56,363.25,RISING_RISK
10.47,5.34,505.96,48.32,24.57,172.32,NORMAL
26.81,36.94,709.01,51.98,24.85,267.24,NORMAL
38.13,48.7,908.11,48.46,23.24,335.47,RISING_RISK
16.47,31.33,665.73,49.71,23.15,230.94,NORMAL
41.87,67.05,903.54,48.08,23.76,360.29,RISING_RISK
12.27,8.48,503.75,49.45,24.88,171.31,NORMAL
25.33,40.28,704.88,50.0,24.76,261.67,NORMAL
37.69,49.57,917.93,48.29,23.69,340.92,RISING_RISK
19.83,32.87,685.48,50.8,23.47,243.82,NORMAL
41.06,63.41,893.91,47.22,23.57,346.26,RISING_RISK
9.91,8.11,504.04,49.31,24.48,160.02,NORMAL
23.65,38.89,688.35,48.01,24.54,257.84,NORMAL
36.0,48.16,891.9,48.21,23.82,332.52,RISING_RISK
21.98,37.91,710.18,51.32,24.1,254.45,NORMAL
40.67,60.3,874.48,47.2,23.4,337.11,RISING_RISK
11.5,15.56,539.6,50.59,24.76,176.61,NORMAL
17.38,36.35,680.12,49.53,24.45,258.28,NORMAL
34.11,47.78,874.89,47.65,23.73,327.44,NORMAL
24.74,39.08,734.79,51.7,24.43,269.77,NORMAL
40.26,59.37,860.89,45.65,23.81,322.15,RISING_RISK
12.93,16.99,567.01,51.74,24.63,183.27,NORMAL
18.14,35.92,683.26,48.38,25.13,257.77,NORMAL
36.36,46.71,855.81,48.77,24.16,324.22,RISING_RISK
22.81,39.88,749.89,52.29,24.22,283.99,NORMAL
39.71,55.88,838.71,47.37,23.9,332.23,RISING_RISK
13.99,21.26,595.05,51.91,24.84,191.27,NORMAL
17.89,31.62,659.46,49.45,25.17,257.51,NORMAL
33.15,44.81,838.76,47.82,24.14,308.38,NORMAL
25.16,40.99,769.07,49.99,24.47,297.98,NORMAL
37.43,53.92,825.17,47.62,23.68,315.62,RISING_RISK
14.61,26.84,614.32,50.48,24.56,194.21,NORMAL
17.48,29.93,659.83,48.55,25.1,247.77,NORMAL
33.25,43.26,821.21,48.34,24.62,293.66,NORMAL
24.8,44.47,780.96,49.58,24.37,305.65,NORMAL
37.5,45.22,808.35,48.05,24.06,308.87,RISING_RISK
14.54,28.59,654.44,49.79,24.42,201.73,NORMAL
15.75,32.48,653.48,50.02,25.13,244.25,NORMAL
32.21,42.47,804.01,47.98,24.68,281.38,NORMAL
28.09,49.75,784.14,50.09,23.46,318.42,NORMAL
34.34,48.13,791.72,46.33,24.28,294.44,NORMAL
13.12,31.11,673.85,50.52,24.48,213.68,NORMAL
15.82,32.71,634.29,50.46,25.51,244.38,NORMAL
33.54,43.73,793.76,47.26,24.86,267.96,NORMAL
27.4,47.6,804.12,49.55,22.94,323.1,NORMAL
32.79,43.84,778.66,47.39,24.7,289.48,NORMAL
15.97,31.69,700.01,49.86,24.19,218.39,NORMAL
14.5,29.46,608.32,50.17,25.36,242.34,NORMAL
35.16,43.29,784.4,46.69,25.47,266.51,RISING_RISK
28.42,49.51,820.1,47.83,22.78,328.73,NORMAL
29.64,40.48,750.04,47.34,24.51,273.25,NORMAL
16.44,34.06,712.6,51.45,24.54,237.16,NORMAL
18.75,31.72,598.72,48.81,25.38,239.73,NORMAL
34.6,39.15,751.12,46.01,25.01,257.54,NORMAL
29.51,49.9,833.41,48.49,22.86,329.02,NORMAL
30.28,35.52,745.21,47.84,24.14,270.88,NORMAL
20.15,35.59,740.86,50.26,24.65,239.08,NORMAL
18.66,29.69,601.1,49.61,24.93,239.37,NORMAL
32.76,39.87,732.85,46.76,24.91,254.76,NORMAL
28.64,51.47,850.5,48.45,22.74,330.9,RISING_RISK
28.88,35.62,736.52,48.79,24.44,282.01,NORMAL
21.72,34.36,767.24,48.74,24.14,256.75,NORMAL
20.69,32.31,588.4,51.14,25.35,255.7,NORMAL
32.19,41.64,716.04,45.16,24.32,242.2,NORMAL
31.53,53.87,865.07,48.96,23.14,328.76,RISING_RISK
28.18,33.44,721.66,48.11,24.92,274.55,NORMAL
21.08,35.36,790.68,49.08,24.27,281.64,NORMAL
21.09,31.22,585.27,51.1,25.25,245.15,NORMAL
32.84,44.73,730.23,44.8,24.41,253.39,NORMAL
32.86,53.86,859.22,48.53,23.29,327.7,RISING_RISK
28.49,31.95,715.85,47.05,24.69,270.97,NORMAL
23.66,36.49,812.92,48.74,23.58,290.36,NORMAL
19.27,33.75,583.46,52.44,25.63,249.62,NORMAL
33.72,45.14,756.22,46.86,24.4,270.48,NORMAL
33.83,52.07,867.36,50.52,22.77,339.09,RISING_RISK
27.24,29.75,692.3,47.16,24.99,272.39,NORMAL
23.48,38.75,821.43,49.32,23.14,296.24,NORMAL
18.28,34.14,581.04,51.5,25.42,245.55,NORMAL
36.02,45.15,779.67,47.61,24.05,282.16,RISING_RISK
36.65,53.04,877.44,49.59,22.39,338.34,RISING_RISK
26.09,31.4,673.02,47.21,25.15,259.5,NORMAL
26.91,38.02,830.53,47.76,22.73,286.28,NORMAL
19.86,36.83,627.87,50.84,24.9,250.19,NORMAL
36.78,43.54,797.96,48.22,23.74,284.39,RISING_RISK
38.85,57.11,873.29,49.71,22.42,341.49,RISING_RISK
26.72,33.65,690.5,47.29,24.73,276.13,NORMAL
27.93,40.33,831.65,46.48,23.02,291.66,NORMAL
21.18,37.41,641.79,51.35,25.08,260.39,NORMAL
37.48,43.32,811.42,48.71,24.24,291.45,RISING_RISK
39.65,58.92,890.96,49.14,22.57,350.56,RISING_RISK
27.75,35.46,702.95,48.39,25.16,285.52,NORMAL
26.98,42.87,830.01,45.49,22.77,300.45,NORMAL
25.03,37.3,645.61,49.73,25.25,250.19,NORMAL
38.35,45.77,825.94,49.71,24.03,297.61,RISING_RISK
37.89,60.26,906.79,49.39,22.59,358.78,RISING_RISK
29.33,37.69,722.58,49.87,25.01,288.77,NORMAL
29.53,45.46,840.33,46.1,22.56,310.82,NORMAL
25.34,38.86,681.52,48.34,24.42,252.22,NORMAL
37.21,47.28,847.13,48.76,24.16,313.8,RISING_RISK
39.34,63.09,927.68,50.03,22.72,362.76,RISING_RISK
31.37,37.5,740.08,49.03,24.24,281.08,NORMAL
31.13,47.42,857.22,46.66,22.09,318.85,NORMAL
29.19,41.37,702.75,48.44,24.12,267.08,NORMAL
35.4,50.92,858.75,49.59,24.3,318.65,RISING_RISK
42.22,64.37,937.72,49.38,23.12,357.26,RISING_RISK
31.34,38.21,765.87,47.5,24.69,285.18,NORMAL
35.12,48.89,863.52,47.7,21.91,326.56,RISING_RISK
31.58,43.19,722.2,49.38,23.74,285.52,NORMAL
35.59,50.84,864.21,49.93,23.72,322.49,RISING_RISK
43.63,66.66,934.16,48.49,22.58,351.93,RISING_RISK
35.43,40.49,780.27,48.97,24.58,304.76,RISING_RISK
34.49,50.25,887.16,48.9,21.83,333.62,RISING_RISK
31.45,46.17,745.46,48.46,24.19,294.46,NORMAL
35.77,52.17,879.73,50.04,23.92,337.11,RISING_RISK
48.06,64.8,954.2,48.45,22.29,354.67,RISING_RISK
35.58,43.78,783.53,48.78,24.89,310.81,RISING_RISK
38.46,52.62,900.56,48.19,22.05,329.56,RISING_RISK
32.23,47.96,747.4,49.75,24.51,305.93,NORMAL
37.06,52.65,892.45,49.6,23.8,349.75,RISING_RISK
45.73,68.7,956.15,46.83,22.5,355.03,RISING_RISK
34.5,45.71,806.88,49.13,25.44,316.04,NORMAL
42.25,54.5,915.31,48.5,22.4,338.64,RISING_RISK
34.67,49.4,770.32,49.96,24.3,315.48,NORMAL
36.8,55.0,908.72,49.97,23.68,358.6,RISING_RISK
46.72,65.72,961.67,47.17,22.8,351.73,RISING_RISK
38.2,44.92,820.2,48.87,25.01,329.37,RISING_RISK
43.19,55.96,909.26,49.06,22.22,350.3,RISING_RISK
36.36,50.81,779.37,47.98,24.21,321.87,RISING_RISK
39.05,53.62,906.97,49.44,22.98,355.63,RISING_RISK
48.74,64.43,969.04,46.96,22.72,350.91,RISING_RISK
37.54,45.74,832.46,49.05,24.99,325.05,RISING_RISK
42.68,55.42,907.39,49.68,22.31,359.4,RISING_RISK
38.05,48.37,798.23,48.13,24.0,329.49,RISING_RISK
39.46,55.21,902.48,49.07,23.13,359.06,RISING_RISK
46.94,62.13,955.14,47.36,22.79,344.14,RISING_RISK
39.61,49.77,850.03,48.15,24.67,325.33,RISING_RISK
42.28,54.43,919.34,49.28,22.13,364.02,RISING_RISK
37.41,49.63,824.35,48.22,24.24,330.51,RISING_RISK
43.05,56.46,910.25,48.7,22.96,360.47,RISING_RISK
45.1,62.75,925.97,48.92,22.87,341.77,RISING_RISK
42.3,52.94,860.91,47.39,24.88,321.31,RISING_RISK
43.44,52.55,932.88,49.85,22.26,362.46,RISING_RISK
39.05,48.06,840.15,47.72,24.05,332.97,RISING_RISK
45.9,58.57,918.98,48.21,22.91,362.74,RISING_RISK
44.02,60.13,903.71,48.84,22.58,333.46,RISING_RISK
43.33,52.24,883.68,47.21,24.94,321.86,RISING_RISK
41.53,53.4,946.74,52.18,22.42,373.79,RISING_RISK
40.45,51.66,845.22,47.87,23.94,346.67,RISING_RISK
46.28,61.01,938.99,47.06,23.09,361.06,RISING_RISK
40.52,57.57,900.97,48.95,22.21,336.49,RISING_RISK
43.89,54.26,907.77,46.29,25.0,334.17,RISING_RISK
43.66,51.76,949.02,52.03,22.14,371.63,RISING_RISK
41.56,53.97,872.65,47.85,24.01,345.65,RISING_RISK
47.23,59.02,951.3,47.03,23.07,365.86,RISING_RISK
40.11,59.57,873.25,49.53,22.04,325.3,RISING_RISK
44.06,55.18,920.83,46.39,24.9,330.63,RISING_RISK
44.86,50.79,970.46,50.12,21.27,373.06,RISING_RISK
40.28,54.67,873.8,49.75,23.84,353.67,RISING_RISK
47.22,60.9,962.16,47.93,22.95,374.79,RISING_RISK
38.51,56.75,858.59,49.79,21.78,311.18,RISING_RISK
45.46,57.63,933.89,45.46,25.35,326.59,RISING_RISK
44.99,51.97,973.45,48.83,21.2,371.64,RISING_RISK
40.25,53.8,870.21,48.27,24.21,347.63,RISING_RISK
45.97,63.34,968.31,48.68,23.45,380.64,RISING_RISK
37.66,57.89,845.57,50.6,22.2,308.78,RISING_RISK
46.27,58.54,945.23,43.97,25.57,331.37,RISING_RISK
45.6,51.31,993.61,48.82,21.23,372.3,RISING_RISK
40.19,56.46,880.02,50.59,24.16,352.39,RISING_RISK
46.23,62.9,960.03,49.27,23.64,376.06,RISING_RISK
36.55,57.88,825.44,50.59,22.55,292.48,RISING_RISK
46.52,57.21,971.7,43.9,25.62,323.27,RISING_RISK
45.83,53.75,986.71,47.43,21.45,371.77,RISING_RISK
37.01,58.75,886.38,49.26,24.12,354.88,RISING_RISK
46.96,65.74,969.29,48.38,23.95,363.68,RISING_RISK
35.29,58.95,813.79,48.88,22.8,270.99,RISING_RISK
47.83,58.0,985.58,42.08,26.21,330.12,RISING_RISK
44.2,53.37,983.53,46.34,21.47,368.16,RISING_RISK
37.97,64.87,895.81,49.84,23.87,361.63,RISING_RISK
49.3,67.0,983.92,47.91,24.36,368.2,RISING_RISK
34.44,59.24,807.56,49.14,22.78,270.14,RISING_RISK
50.95,60.11,996.97,44.87,26.29,327.99,RISING_RISK
45.39,48.72,994.67,45.26,21.55,360.51,RISING_RISK
37.4,63.14,900.66,49.69,23.42,362.32,RISING_RISK
48.24,64.89,952.21,47.99,24.59,357.12,RISING_RISK
32.89,58.94,778.58,47.93,23.6,259.01,RISING_RISK
52.46,61.92,982.7,42.93,26.43,319.87,RISING_RISK
47.57,49.81,976.1,45.56,21.96,361.53,RISING_RISK
39.41,63.01,918.11,49.62,23.55,363.67,RISING_RISK
45.2,63.34,933.07,48.19,24.92,347.94,RISING_RISK
32.27,58.04,770.56,47.48,23.82,265.21,RISING_RISK
51.61,61.42,986.78,43.86,26.72,322.54,RISING_RISK
47.92,54.56,970.47,45.58,22.13,372.73,RISING_RISK
41.13,64.24,918.88,48.3,23.61,370.34,RISING_RISK
41.89,58.94,915.95,47.01,24.89,330.26,RISING_RISK
29.43,56.31,752.72,46.18,23.69,249.49,RISING_RISK
52.45,63.9,1001.49,42.46,26.32,330.98,STAGNATION_PREDICTED
49.09,53.19,978.39,45.52,22.71,368.39,RISING_RISK
40.41,65.27,924.79,49.25,23.4,372.68,RISING_RISK
41.35,55.77,899.27,45.6,24.6,321.33,RISING_RISK
29.35,52.59,737.39,44.74,23.89,240.32,RISING_RISK
55.3,67.64,997.3,42.39,25.73,338.17,RISING_RISK
49.97,54.83,980.47,44.13,22.96,364.22,RISING_RISK
39.9,66.55,927.11,49.7,23.2,379.12,RISING_RISK
38.46,55.05,867.03,46.48,24.76,319.74,RISING_RISK
31.03,55.98,760.4,44.09,23.83,241.49,RISING_RISK
56.99,66.92,999.41,42.72,25.18,344.14,RISING_RISK
50.14,57.23,982.26,43.3,22.81,380.08,RISING_RISK
41.58,65.62,917.92,49.34,23.47,374.1,RISING_RISK
38.4,54.7,852.62,47.38,24.64,320.29,RISING_RISK
33.87,57.1,785.13,45.13,23.7,253.89,RISING_RISK
56.79,69.09,1000.14,43.36,25.31,345.51,STAGNATION_PREDICTED
46.42,53.37,969.28,41.64,22.61,367.06,RISING_RISK
41.18,67.43,920.61,49.48,23.13,381.9,RISING_RISK
38.51,53.36,824.68,48.08,24.64,315.4,RISING_RISK
33.0,59.06,805.47,44.61,23.84,257.98,RISING_RISK
57.69,69.13,1008.04,43.1,25.01,349.75,STAGNATION_PREDICTED
42.17,51.68,938.13,44.05,22.6,347.07,RISING_RISK
41.51,67.42,935.23,48.62,23.02,376.67,RISING_RISK
33.59,49.88,821.68,45.24,24.07,297.86,NORMAL
33.24,59.67,818.76,44.45,24.2,272.37,RISING_RISK
58.92,73.72,1012.23,41.83,24.66,357.04,STAGNATION_PREDICTED
41.72,47.78,912.95,43.3,22.5,327.03,RISING_RISK
39.5,65.45,914.11,47.99,23.21,346.85,RISING_RISK
33.74,51.22,814.5,45.14,24.15,291.23,RISING_RISK
32.41,61.89,824.78,44.85,24.15,272.2,RISING_RISK
58.0,75.35,1004.82,40.48,24.25,367.71,STAGNATION_PREDICTED
43.28,43.93,896.86,43.74,22.25,325.21,RISING_RISK
40.32,63.86,890.03,47.13,23.32,337.42,RISING_RISK
31.66,48.23,808.42,46.16,24.04,286.93,NORMAL
36.98,66.29,839.86,44.13,23.93,276.19,RISING_RISK
58.78,78.4,1015.33,40.34,23.68,372.41,STAGNATION_PREDICTED
42.0,46.98,911.15,44.8,22.15,330.57,RISING_RISK
40.77,63.57,905.25,48.01,23.21,347.96,RISING_RISK
30.0,47.22,808.09,44.72,23.75,278.55,NORMAL
37.24,67.69,877.43,44.53,23.78,280.29,RISING_RISK
60.61,78.78,1019.81,40.82,23.88,364.13,STAGNATION_PREDICTED
42.3,50.35,923.48,43.72,22.37,329.93,RISING_RISK
40.6,64.26,910.74,47.57,22.98,351.44,RISING_RISK
30.88,45.72,794.47,45.76,23.62,268.1,NORMAL
39.19,69.87,902.86,45.41,24.0,295.61,RISING_RISK
58.03,80.83,1027.38,39.66,23.94,364.11,STAGNATION_PREDICTED
48.28,52.62,937.29,44.49,22.34,329.16,RISING_RISK
40.61,65.79,912.7,48.23,23.01,357.81,RISING_RISK
30.6,47.35,780.45,43.98,24.07,260.3,NORMAL
38.99,72.15,926.87,43.3,24.51,296.78,RISING_RISK
57.28,80.54,1037.07,40.51,23.95,371.4,STAGNATION_PREDICTED
48.65,50.33,955.8,44.7,22.24,338.48,RISING_RISK
43.07,66.28,934.63,47.35,23.16,354.21,RISING_RISK
29.76,45.34,767.21,45.24,23.88,248.29,NORMAL
38.29,72.1,936.77,42.86,24.26,310.74,RISING_RISK
58.62,78.35,1054.78,41.66,24.12,380.57,STAGNATION_PREDICTED
48.59,52.85,957.59,44.88,23.01,339.6,RISING_RISK
43.66,65.52,959.46,46.34,23.29,366.75,RISING_RISK
29.8,45.52,754.39,45.55,23.58,246.34,NORMAL
38.89,75.09,940.23,42.5,24.3,320.23,RISING_RISK
57.55,77.12,1056.45,42.19,24.49,386.36,STAGNATION_PREDICTED
48.99,53.01,959.98,44.67,23.63,339.84,RISING_RISK
40.89,69.84,954.89,47.12,23.0,364.99,RISING_RISK
28.7,46.13,730.04,44.72,23.32,236.03,NORMAL
39.23,74.53,943.11,43.26,24.27,332.79,RISING_RISK
56.74,77.36,1065.73,42.11,24.5,391.44,STAGNATION_PREDICTED
49.27,53.16,957.43,45.77,23.78,345.39,RISING_RISK
40.65,67.73,967.14,48.16,22.97,366.18,RISING_RISK
27.63,42.56,716.11,43.15,23.53,233.67,NORMAL
41.99,70.33,944.53,43.14,24.53,339.63,RISING_RISK
57.37,73.01,1060.42,42.31,24.21,374.73,STAGNATION_PREDICTED
51.51,55.2,964.8,45.88,23.61,346.75,RISING_RISK
40.35,70.65,969.16,48.19,22.92,364.49,RISING_RISK
25.98,41.78,697.76,42.38,23.62,225.71,NORMAL
41.52,68.77,948.98,41.94,24.59,355.06,RISING_RISK
56.34,73.89,1055.98,42.95,24.48,372.69,STAGNATION_PREDICTED
50.63,54.99,980.98,46.27,23.44,353.85,RISING_RISK
39.17,70.67,980.0,47.68,22.91,369.2,RISING_RISK
25.21,41.04,689.46,42.72,23.56,223.2,NORMAL
43.19,69.76,961.32,40.85,24.37,359.34,RISING_RISK
58.96,75.97,1056.52,44.23,23.91,377.92,STAGNATION_PREDICTED
52.51,56.9,978.83,46.07,23.82,348.56,RISING_RISK
39.58,67.91,995.79,46.86,23.71,373.33,RISING_RISK
24.57,40.12,678.69,41.94,23.91,206.51,NORMAL
42.75,71.64,959.47,41.63,24.28,358.65,RISING_RISK
57.24,81.46,1061.97,43.86,24.18,375.26,STAGNATION_PREDICTED
52.21,59.68,983.21,46.24,23.42,349.58,RISING_RISK
41.62,68.98,1000.38,46.76,23.63,369.07,STAGNATION_PREDICTED
23.87,39.23,678.7,41.45,23.93,192.01,NORMAL
41.21,69.52,975.26,43.15,24.29,358.03,RISING_RISK
54.89,80.44,1035.95,42.17,23.78,357.09,STAGNATION_PREDICTED
51.87,63.01,990.35,47.29,23.76,365.54,RISING_RISK
44.09,68.84,1019.76,46.01,23.42,357.54,STAGNATION_PREDICTED
23.16,36.04,684.2,41.19,24.01,184.77,NORMAL
43.79,66.72,986.36,43.21,24.32,357.76,RISING_RISK
53.2,74.43,1012.87,41.96,23.61,333.59,STAGNATION_PREDICTED
50.25,64.65,1010.2,47.64,24.2,372.74,STAGNATION_PREDICTED
45.07,68.81,1023.29,45.42,23.97,357.5,STAGNATION_PREDICTED
21.49,36.07,675.95,43.43,24.23,181.78,NORMAL
41.42,71.89,997.53,41.49,24.56,356.39,RISING_RISK
49.72,71.1,990.83,43.26,24.18,330.68,RISING_RISK
47.66,65.98,1017.56,49.0,24.08,371.04,STAGNATION_PREDICTED
44.34,68.22,1023.97,44.69,23.54,360.18,STAGNATION_PREDICTED
19.66,33.72,650.59,42.23,23.89,189.26,NORMAL
42.1,67.79,995.18,41.94,24.12,355.38,RISING_RISK
46.44,65.48,957.21,43.64,24.32,322.3,RISING_RISK
45.95,66.59,1005.16,49.46,23.87,379.56,STAGNATION_PREDICTED
44.92,68.64,1033.01,45.85,23.89,363.28,STAGNATION_PREDICTED
17.52,32.45,651.78,41.54,23.61,180.45,NORMAL
42.66,71.03,1012.65,43.79,24.14,361.84,STAGNATION_PREDICTED
49.0,64.87,939.3,42.8,24.5,316.62,RISING_RISK
46.02,66.76,1019.39,50.18,23.59,378.66,STAGNATION_PREDICTED
45.5,69.52,1028.65,46.83,24.33,358.24,STAGNATION_PREDICTED
18.65,32.78,644.5,39.63,23.32,176.28,NORMAL
43.13,69.47,1008.45,43.66,23.91,364.82,STAGNATION_PREDICTED
43.6,60.26,920.32,42.04,24.86,300.87,RISING_RISK
47.27,68.23,1035.08,48.46,23.47,383.77,STAGNATION_PREDICTED
46.09,69.01,1044.62,46.56,24.7,352.57,STAGNATION_PREDICTED
18.69,37.82,632.46,39.73,23.06,177.98,NORMAL
44.78,74.29,1013.66,46.1,23.75,374.71,STAGNATION_PREDICTED
42.55,59.2,894.3,41.25,24.53,286.42,RISING_RISK
49.37,68.09,1037.79,49.1,23.58,380.92,STAGNATION_PREDICTED
43.74,71.83,1056.18,47.17,24.78,365.16,STAGNATION_PREDICTED
15.98,36.23,625.52,38.22,23.16,170.31,NORMAL
46.31,73.1,1014.01,46.4,24.5,374.13,STAGNATION_PREDICTED
42.97,59.42,880.92,38.72,24.49,277.03,RISING_RISK
46.4,65.81,1039.21,49.62,23.83,378.2,STAGNATION_PREDICTED
45.41,71.86,1058.15,46.36,25.27,363.05,STAGNATION_PREDICTED
16.22,37.81,628.1,38.3,23.37,170.82,NORMAL
44.78,73.19,1012.62,43.26,24.63,363.94,STAGNATION_PREDICTED
43.19,59.26,857.24,38.54,24.32,270.84,RISING_RISK
46.49,66.53,1023.83,48.65,23.65,362.75,STAGNATION_PREDICTED
44.7,72.35,1057.45,46.52,25.15,367.9,STAGNATION_PREDICTED
14.75,38.82,618.92,38.75,23.08,160.75,NORMAL
43.35,72.02,1020.38,44.02,24.79,354.57,STAGNATION_PREDICTED
41.38,57.74,841.34,38.3,24.38,263.98,RISING_RISK
44.28,64.18,989.59,47.42,23.58,340.7,RISING_RISK
45.86,72.26,1058.09,47.52,25.07,375.77,STAGNATION_PREDICTED
14.37,38.22,612.93,39.44,23.65,158.74,NORMAL
41.75,69.47,1001.42,42.45,25.15,345.24,STAGNATION_PREDICTED
41.36,54.71,818.3,38.28,24.14,260.8,RISING_RISK
45.46,65.39,1001.69,46.54,23.73,349.07,STAGNATION_PREDICTED
44.3,69.6,1068.52,46.53,25.17,379.32,STAGNATION_PREDICTED
15.32,35.6,595.31,39.41,23.67,147.59,NORMAL
41.38,63.79,971.05,41.3,25.85,328.38,RISING_RISK
38.46,50.11,807.45,38.33,24.23,264.75,RISING_RISK
45.75,71.46,1004.62,45.42,23.86,352.92,STAGNATION_PREDICTED
43.95,72.85,1072.99,47.54,24.94,382.63,STAGNATION_PREDICTED
15.02,35.16,597.12,38.48,23.59,150.33,NORMAL
41.59,63.0,943.76,38.65,25.7,314.52,RISING_RISK
34.49,46.48,791.86,37.95,24.43,265.5,NORMAL
45.64,71.39,1012.48,44.93,23.32,365.31,STAGNATION_PREDICTED
42.08,72.41,1067.46,46.99,24.59,378.49,STAGNATION_PREDICTED
14.11,32.14,604.65,38.51,23.34,154.26,NORMAL
40.71,59.51,919.35,37.79,25.7,298.02,RISING_RISK
33.43,45.09,776.79,37.47,23.99,250.11,NORMAL
44.85,75.22,1003.59,44.68,23.32,378.17,STAGNATION_PREDICTED
43.72,75.99,1064.47,46.16,24.79,377.71,STAGNATION_PREDICTED
13.93,34.0,598.57,40.66,23.75,152.44,NORMAL
38.04,59.05,903.63,38.69,25.52,292.21,RISING_RISK
32.96,43.46,774.77,37.69,23.3,229.72,NORMAL
44.79,74.3,1010.53,44.71,23.33,371.67,STAGNATION_PREDICTED
46.26,73.32,1063.39,46.79,24.86,380.02,STAGNATION_PREDICTED
12.83,36.32,590.01,40.73,23.81,156.34,NORMAL
38.37,57.57,889.74,38.41,25.62,290.34,RISING_RISK
31.76,41.44,765.38,39.64,23.21,231.97,NORMAL
44.88,73.99,1012.19,44.0,23.29,375.36,STAGNATION_PREDICTED
46.46,74.78,1062.94,45.7,24.79,390.05,STAGNATION_PREDICTED
11.25,36.65,595.21,40.05,23.67,164.92,NORMAL
35.96,55.85,864.88,39.71,25.85,288.14,RISING_RISK
32.59,39.8,749.94,40.11,23.2,226.02,NORMAL
46.18,72.83,1022.37,43.52,22.99,382.09,STAGNATION_PREDICTED
47.99,73.36,1080.46,44.06,24.59,383.71,STAGNATION_PREDICTED
12.89,33.85,588.85,39.74,23.3,167.02,NORMAL
33.81,50.16,853.24,39.16,25.3,287.83,RISING_RISK
34.42,40.38,772.03,41.01,22.68,240.93,NORMAL
45.53,69.8,1023.2,42.49,23.45,378.15,STAGNATION_PREDICTED
45.55,70.52,1086.49,42.16,24.7,393.18,STAGNATION_PREDICTED
17.03,35.1,602.77,40.78,23.49,179.51,NORMAL
33.24,48.45,832.34,37.94,25.17,277.2,NORMAL
33.0,42.31,788.87,41.07,22.39,252.3,NORMAL
48.83,67.72,1029.24,44.09,23.5,375.6,STAGNATION_PREDICTED
47.54,66.1,1100.14,41.84,24.78,406.22,STAGNATION_PREDICTED
19.27,37.9,627.07,41.74,23.95,194.37,NORMAL
32.53,46.75,818.06,34.67,25.27,278.09,NORMAL
33.5,43.54,798.49,40.25,22.69,259.8,NORMAL
47.79,66.98,1048.01,44.11,23.32,370.55,STAGNATION_PREDICTED
48.32,63.46,1108.96,42.65,24.65,414.48,STAGNATION_PREDICTED
20.48,39.88,659.28,40.91,23.65,204.12,NORMAL
31.62,46.1,794.49,34.31,25.14,267.46,NORMAL
32.82,44.41,811.24,40.08,22.88,267.77,NORMAL
48.43,65.0,1041.23,42.69,22.72,376.72,STAGNATION_PREDICTED
49.64,64.97,1118.94,41.19,24.38,418.95,STAGNATION_PREDICTED
21.34,42.82,683.32,41.25,23.26,219.77,NORMAL
30.6,39.83,771.31,33.93,25.04,261.09,NORMAL
33.13,44.78,828.65,40.45,23.31,269.96,NORMAL
46.86,63.81,1037.21,41.53,22.3,378.65,STAGNATION_PREDICTED
48.03,62.54,1107.02,40.58,24.54,419.75,STAGNATION_PREDICTED
23.91,45.37,713.28,40.31,23.29,229.43,NORMAL
29.58,35.8,758.32,35.28,24.76,254.95,NORMAL
33.72,48.3,831.32,41.02,23.78,276.54,NORMAL
47.31,65.59,1042.96,42.95,22.2,374.14,STAGNATION_PREDICTED
47.08,65.74,1105.87,40.14,24.41,426.4,STAGNATION_PREDICTED
22.36,44.47,725.69,39.85,23.93,243.11,NORMAL
28.47,38.41,745.45,33.4,24.04,243.4,NORMAL
36.73,49.47,838.89,41.13,24.14,277.93,RISING_RISK
44.9,66.92,1036.85,41.96,21.81,370.23,STAGNATION_PREDICTED
46.15,68.1,1107.94,39.47,24.65,427.89,STAGNATION_PREDICTED
21.72,46.36,740.87,39.11,24.17,246.42,NORMAL
27.72,35.96,741.4,32.73,24.04,243.68,NORMAL
38.65,53.44,843.88,39.71,24.34,288.36,RISING_RISK
45.42,63.6,1038.36,42.49,22.23,376.74,STAGNATION_PREDICTED
43.93,68.16,1109.66,37.53,24.82,427.96,STAGNATION_PREDICTED
23.6,49.74,759.21,38.65,24.19,249.91,NORMAL
26.81,36.28,727.54,32.96,24.39,241.99,NORMAL
37.45,53.23,862.52,38.73,24.11,295.07,RISING_RISK
44.39,62.3,1043.1,42.83,22.09,374.24,STAGNATION_PREDICTED
44.67,67.05,1074.0,39.61,24.62,409.3,STAGNATION_PREDICTED
23.57,48.34,784.55,36.43,24.19,245.84,NORMAL
23.21,33.31,730.74,32.75,23.99,231.37,NORMAL
39.75,54.28,872.59,39.59,23.89,295.59,RISING_RISK
44.61,61.71,1051.91,41.68,21.89,391.29,STAGNATION_PREDICTED
42.8,65.14,1042.49,39.93,24.69,406.84,STAGNATION_PREDICTED
25.21,52.54,791.52,33.84,24.02,250.32,RISING_RISK
24.08,33.24,728.75,33.31,23.85,232.57,NORMAL
38.9,54.68,869.62,39.09,23.47,299.77,RISING_RISK
44.84,61.38,1052.92,41.11,22.3,398.04,STAGNATION_PREDICTED
42.18,63.88,1006.37,38.44,24.81,397.85,STAGNATION_PREDICTED
28.56,54.63,795.04,34.87,23.94,256.53,RISING_RISK
21.27,34.68,712.35,32.73,23.88,233.19,NORMAL
38.8,55.85,884.56,37.72,23.68,302.82,RISING_RISK
46.2,62.26,1054.37,40.31,22.26,393.77,STAGNATION_PREDICTED
40.78,61.32,978.85,38.26,25.01,392.04,RISING_RISK
30.13,55.17,797.77,35.4,23.83,265.74,RISING_RISK
20.95,30.73,712.38,33.24,24.24,227.28,NORMAL
41.52,58.33,897.1,37.85,23.7,304.86,RISING_RISK
48.43,61.41,1041.44,40.81,22.26,383.81,STAGNATION_PREDICTED
44.39,60.52,951.64,38.53,24.69,380.31,RISING_RISK
30.44,61.41,819.63,33.42,23.96,277.51,RISING_RISK
20.63,29.87,694.72,32.21,24.56,228.45,NORMAL
40.41,60.43,910.86,38.97,24.31,316.37,RISING_RISK
48.6,59.57,1044.88,39.39,22.58,383.81,STAGNATION_PREDICTED
44.53,58.09,935.25,38.77,25.36,363.44,RISING_RISK
32.68,63.9,831.36,34.83,23.92,276.25,RISING_RISK
22.05,32.96,689.02,32.83,24.73,208.68,NORMAL
40.35,60.92,898.17,38.1,24.38,325.21,RISING_RISK
49.28,59.8,1041.94,39.26,22.78,398.81,STAGNATION_PREDICTED
44.06,57.13,914.6,37.82,25.06,348.73,RISING_RISK
34.74,65.65,852.4,34.45,23.33,288.33,RISING_RISK
22.36,32.28,668.68,33.7,25.11,211.22,NORMAL
40.47,62.54,903.52,39.07,24.14,329.13,RISING_RISK
49.35,61.16,1039.79,38.83,23.05,384.23,STAGNATION_PREDICTED
42.28,58.43,886.25,36.68,24.55,344.61,RISING_RISK
36.2,65.29,860.91,35.06,23.79,300.99,RISING_RISK
24.24,29.25,659.6,33.0,25.06,212.94,NORMAL
42.53,62.47,918.88,38.76,24.29,318.18,RISING_RISK
50.28,59.29,1048.17,37.64,23.14,378.27,STAGNATION_PREDICTED
41.07,57.66,883.25,37.22,24.54,336.56,RISING_RISK
35.14,60.94,865.93,34.97,24.01,299.37,RISING_RISK
23.38,28.79,643.32,34.36,24.74,216.37,NORMAL
40.57,59.85,915.03,39.1,23.94,320.03,RISING_RISK
51.89,63.83,1057.45,36.9,23.65,385.94,STAGNATION_PREDICTED
38.2,57.29,849.83,37.07,24.96,316.32,RISING_RISK
34.81,57.06,882.15,36.06,23.63,298.45,RISING_RISK
23.35,30.45,637.71,36.23,24.7,208.77,NORMAL
42.04,63.35,905.56,39.28,23.84,319.02,RISING_RISK
51.76,63.34,1054.5,38.25,24.13,377.44,STAGNATION_PREDICTED
35.11,57.64,836.2,37.14,24.72,310.58,RISING_RISK
32.46,55.77,899.61,36.8,23.72,312.63,RISING_RISK
23.09,32.54,643.67,36.88,24.78,201.91,NORMAL
42.6,61.61,917.47,39.97,23.14,315.1,RISING_RISK
51.16,61.94,1042.61,37.59,24.16,380.36,STAGNATION_PREDICTED
35.03,53.75,811.65,38.33,24.42,304.94,RISING_RISK
34.3,58.71,898.44,36.29,24.22,305.14,RISING_RISK
25.92,30.91,647.59,37.84,24.91,193.77,NORMAL
45.08,66.06,923.62,37.22,23.09,320.62,RISING_RISK
49.42,64.87,1035.54,36.01,23.7,385.81,STAGNATION_PREDICTED
33.8,49.93,786.65,37.54,24.32,291.84,NORMAL
36.59,57.06,906.08,37.42,23.81,314.48,RISING_RISK
26.44,31.35,646.6,37.63,24.5,188.4,NORMAL
46.02,68.17,922.79,37.2,23.14,323.33,RISING_RISK
50.74,67.69,1052.72,33.18,23.32,389.14,STAGNATION_PREDICTED
31.93,50.82,772.4,38.18,24.05,282.03,RISING_RISK
41.53,60.81,921.17,36.63,23.63,321.11,RISING_RISK
25.79,33.83,633.53,36.65,24.47,198.22,NORMAL
45.82,64.93,930.77,38.21,23.31,323.61,RISING_RISK
54.15,66.63,1050.44,32.17,23.26,387.38,STAGNATION_PREDICTED
31.14,50.08,745.57,40.06,24.22,276.73,RISING_RISK
39.82,62.12,942.32,36.64,23.61,319.94,RISING_RISK
25.81,32.49,620.26,35.34,24.18,205.57,NORMAL
44.96,67.83,943.57,38.23,23.55,335.11,RISING_RISK
53.1,67.74,1051.91,33.57,23.26,393.77,STAGNATION_PREDICTED
30.57,49.65,733.75,40.17,23.85,269.89,NORMAL
40.0,58.32,973.05,36.87,23.75,316.46,RISING_RISK
26.01,33.24,622.46,36.8,23.78,212.41,NORMAL
46.85,65.93,958.32,37.98,23.07,335.8,RISING_RISK
52.54,69.91,1059.3,33.97,23.41,394.81,STAGNATION_PREDICTED
30.95,48.46,735.95,39.61,24.0,275.69,NORMAL
39.76,55.78,973.07,38.57,23.55,319.56,RISING_RISK
24.9,32.21,618.86,37.06,23.95,215.93,NORMAL
46.61,66.13,961.36,38.27,23.05,330.16,RISING_RISK
51.62,67.45,1020.61,32.96,23.69,387.79,STAGNATION_PREDICTED
29.96,44.09,723.32,40.31,24.0,271.51,NORMAL
34.55,55.63,954.12,39.43,23.72,308.61,RISING_RISK
26.31,34.01,604.62,35.55,24.14,213.33,NORMAL
49.41,65.21,981.88,37.05,22.41,342.63,RISING_RISK
51.06,64.56,981.08,33.45,23.83,372.54,RISING_RISK
30.33,46.48,715.78,40.22,24.19,261.74,NORMAL
34.1,58.44,925.21,39.98,23.68,294.06,RISING_RISK
24.24,35.09,598.32,35.38,24.07,209.1,NORMAL
49.66,63.69,982.77,38.82,22.65,340.8,RISING_RISK
47.13,62.6,956.53,34.33,24.1,370.61,RISING_RISK
30.71,47.45,707.93,42.02,24.15,255.62,NORMAL
30.95,54.08,900.24,39.41,23.72,274.11,RISING_RISK
23.46,36.17,599.6,34.88,24.35,210.19,NORMAL
50.36,60.62,992.19,39.18,22.49,344.63,RISING_RISK
43.07,59.8,924.05,34.46,24.44,355.46,RISING_RISK
30.02,45.48,700.98,40.98,24.18,245.55,NORMAL
30.35,53.32,900.73,39.36,23.58,271.81,RISING_RISK
23.53,34.79,602.4,33.91,24.26,206.13,NORMAL
48.22,57.37,1001.57,40.66,22.82,363.63,STAGNATION_PREDICTED
42.08,55.8,913.47,35.84,24.27,350.61,RISING_RISK
31.98,45.09,683.32,40.24,24.34,250.94,NORMAL
30.21,49.43,881.3,39.46,23.88,274.52,NORMAL
23.85,32.76,590.68,34.27,24.96,209.43,NORMAL
49.84,60.71,1008.69,40.44,22.48,365.37,STAGNATION_PREDICTED
40.28,53.71,891.31,37.17,24.62,339.18,RISING_RISK
32.48,41.91,670.48,40.14,23.9,249.77,NORMAL
31.03,49.77,891.03,38.3,23.71,274.01,NORMAL
24.31,31.81,592.79,33.21,24.89,212.16,NORMAL
51.24,61.89,1015.36,41.65,22.9,364.38,STAGNATION_PREDICTED
40.25,54.97,891.51,36.32,24.69,347.84,RISING_RISK
32.47,42.29,668.73,38.84,23.98,245.39,NORMAL
29.8,50.38,898.21,38.56,23.81,275.5,RISING_RISK
20.2,32.83,574.76,32.32,24.47,205.05,NORMAL
50.74,61.02,1023.15,41.38,22.99,350.86,STAGNATION_PREDICTED
40.77,53.01,887.49,35.76,25.11,358.76,RISING_RISK
30.69,38.62,655.38,39.8,24.04,233.7,NORMAL
31.23,55.34,901.45,38.94,24.03,270.67,RISING_RISK
19.21,29.64,573.31,33.07,24.68,213.39,NORMAL
51.31,65.95,1025.81,42.14,22.89,350.8,STAGNATION_PREDICTED
42.37,55.58,893.42,34.9,24.92,358.94,RISING_RISK
32.56,36.65,648.7,38.67,23.89,225.66,NORMAL
30.16,53.89,907.75,38.65,24.14,281.88,RISING_RISK
16.92,30.67,569.09,33.77,24.36,200.93,NORMAL
49.13,65.91,1043.54,41.45,23.35,345.22,STAGNATION_PREDICTED
45.14,58.98,902.59,36.35,24.92,360.23,RISING_RISK
30.09,38.58,642.79,38.89,24.05,222.34,NORMAL
32.89,56.43,919.69,39.03,24.2,292.55,RISING_RISK
14.64,29.37,574.3,34.63,24.03,203.16,NORMAL
50.69,60.24,1041.14,41.12,23.38,356.78,STAGNATION_PREDICTED
49.29,59.59,913.94,36.38,25.41,364.56,RISING_RISK
29.77,35.13,632.15,39.97,23.63,225.65,NORMAL
33.68,58.55,933.02,42.32,24.57,300.64,RISING_RISK
13.56,28.85,557.11,33.73,23.82,202.22,NORMAL
47.51,63.76,1043.67,40.97,23.41,353.59,STAGNATION_PREDICTED
49.59,58.13,930.61,37.38,25.43,368.34,RISING_RISK
28.67,36.82,621.89,39.02,23.44,220.01,NORMAL
36.78,60.3,947.17,43.75,24.44,297.05,RISING_RISK
10.49,27.41,555.92,34.0,23.94,194.81,NORMAL
45.59,62.62,1046.28,40.16,23.53,356.34,STAGNATION_PREDICTED
51.71,60.21,923.71,38.91,25.14,369.47,RISING_RISK
28.88,36.3,625.24,40.33,23.28,208.56,NORMAL
35.68,60.66,971.52,44.41,24.54,302.74,RISING_RISK
11.15,26.43,540.95,35.31,24.27,192.16,NORMAL
47.38,60.96,1048.76,39.69,23.81,367.14,STAGNATION_PREDICTED
50.29,62.69,941.08,37.78,25.06,371.57,RISING_RISK
28.44,36.7,607.13,41.07,23.29,204.27,NORMAL
36.53,59.32,975.84,44.21,24.62,303.72,RISING_RISK
13.59,27.28,532.74,35.44,24.58,191.35,NORMAL
47.02,61.51,1046.51,40.29,23.45,356.83,STAGNATION_PREDICTED
50.04,61.85,960.77,37.11,24.92,373.75,RISING_RISK
26.64,35.48,607.81,41.07,22.99,212.51,NORMAL
38.11,59.39,978.43,44.89,24.43,307.18,RISING_RISK
13.77,28.03,529.32,36.21,24.62,193.07,NORMAL
47.71,62.11,1044.51,39.83,23.72,360.58,STAGNATION_PREDICTED
49.72,61.71,978.19,36.29,24.88,369.45,RISING_RISK
27.12,32.77,595.24,40.76,23.13,212.89,NORMAL
36.32,60.1,983.77,45.74,24.44,312.02,RISING_RISK
14.83,25.74,537.65,35.44,24.44,181.99,NORMAL
47.3,63.37,1045.97,38.97,23.46,361.16,STAGNATION_PREDICTED
49.37,61.01,964.88,35.49,24.53,382.34,RISING_RISK
26.16,30.85,598.99,40.96,23.17,214.15,NORMAL
38.19,57.09,991.54,45.2,23.83,315.4,RISING_RISK
15.38,22.12,526.21,35.49,24.01,194.19,NORMAL
46.88,63.98,1049.11,42.01,23.11,358.86,STAGNATION_PREDICTED
50.09,59.78,981.2,35.29,24.75,391.37,RISING_RISK
22.5,29.98,603.65,42.44,23.18,207.27,NORMAL
35.79,63.28,994.83,45.67,23.44,323.34,RISING_RISK
13.91,22.33,537.77,37.3,23.78,187.95,NORMAL
45.87,64.95,1045.97,41.05,23.51,361.01,STAGNATION_PREDICTED
50.32,62.27,987.78,35.23,24.91,392.94,RISING_RISK
20.32,26.56,593.6,42.85,23.34,199.77,NORMAL
37.39,61.62,999.43,46.68,23.37,333.73,RISING_RISK
16.78,19.08,551.28,38.67,23.48,185.38,NORMAL
46.06,62.89,1049.55,40.01,23.57,355.91,STAGNATION_PREDICTED
50.91,62.62,992.05,35.5,24.81,390.9,RISING_RISK
18.41,25.65,593.08,42.59,22.89,199.44,NORMAL
37.3,62.44,1006.7,46.55,23.74,341.91,STAGNATION_PREDICTED
19.52,21.7,550.17,38.47,23.59,167.82,NORMAL
46.27,67.36,1045.71,38.72,23.77,355.54,STAGNATION_PREDICTED
50.63,62.25,997.93,34.81,24.93,382.25,RISING_RISK
17.7,25.67,592.65,44.24,22.67,199.14,NORMAL
40.18,61.89,1018.59,47.78,23.58,359.21,STAGNATION_PREDICTED
18.63,20.61,538.03,37.16,23.46,176.67,NORMAL
46.94,65.1,1063.36,40.52,24.23,365.03,STAGNATION_PREDICTED
50.56,58.28,1015.47,36.29,24.71,380.59,STAGNATION_PREDICTED
17.3,24.95,609.06,43.93,22.9,198.9,NORMAL
41.17,65.02,1010.65,48.19,23.87,367.39,STAGNATION_PREDICTED
14.51,16.55,541.47,38.37,24.02,175.52,NORMAL
44.73,68.61,1070.9,40.78,24.47,363.92,STAGNATION_PREDICTED
46.93,57.4,1028.95,37.03,24.46,376.74,STAGNATION_PREDICTED
18.62,23.3,601.95,43.3,23.11,207.81,NORMAL
42.78,64.38,1012.35,48.75,23.83,391.97,STAGNATION_PREDICTED
13.94,19.32,538.96,39.29,24.15,175.0,NORMAL
45.71,65.74,1060.48,41.53,24.3,363.35,STAGNATION_PREDICTED
46.87,58.01,1019.31,39.22,24.85,374.93,STAGNATION_PREDICTED
19.34,22.44,603.14,43.13,23.19,206.56,NORMAL
42.45,65.42,1016.55,50.0,23.51,392.36,STAGNATION_PREDICTED
15.37,22.09,543.09,39.19,24.06,180.06,NORMAL
45.47,63.98,1067.53,42.62,24.7,367.62,STAGNATION_PREDICTED
46.8,55.77,1022.91,40.29,25.01,378.77,STAGNATION_PREDICTED
19.88,22.24,601.03,42.48,23.18,204.9,NORMAL
42.62,64.29,1012.07,51.75,23.58,399.53,STAGNATION_PREDICTED
17.05,20.67,547.33,39.9,24.11,179.59,NORMAL
46.99,61.1,1057.61,42.41,24.37,376.52,STAGNATION_PREDICTED
44.96,53.54,1020.81,40.07,25.32,384.57,STAGNATION_PREDICTED
17.78,20.73,607.7,42.78,23.2,209.46,NORMAL
42.55,65.0,1018.93,50.32,23.3,399.04,STAGNATION_PREDICTED
15.02,21.63,563.36,40.17,24.11,169.7,NORMAL
45.1,58.63,1039.51,42.14,24.08,361.57,STAGNATION_PREDICTED
47.29,50.71,1018.68,38.91,25.13,384.36,STAGNATION_PREDICTED
19.16,20.08,612.18,43.0,22.43,208.46,NORMAL
41.25,65.35,1023.96,50.48,23.32,397.23,STAGNATION_PREDICTED
14.94,19.26,552.24,41.08,24.35,175.13,NORMAL
46.03,59.81,1015.83,42.24,24.1,364.18,STAGNATION_PREDICTED
49.48,46.29,1027.88,40.47,25.03,382.52,RISING_RISK
16.97,21.02,605.53,42.23,22.42,214.92,NORMAL
41.18,65.0,1021.69,49.69,23.77,396.01,STAGNATION_PREDICTED
14.18,19.06,551.8,41.94,24.71,163.19,NORMAL
42.06,59.17,988.78,41.14,24.25,346.16,RISING_RISK
50.38,49.5,1029.37,40.99,24.88,377.39,RISING_RISK
17.16,22.01,616.81,43.99,22.35,221.58,NORMAL
41.92,61.03,1004.16,51.04,23.97,385.13,STAGNATION_PREDICTED
12.91,21.29,537.17,42.34,24.94,170.05,NORMAL
39.32,57.29,952.8,41.4,24.44,341.91,RISING_RISK
50.42,54.97,1024.67,41.44,25.22,378.3,STAGNATION_PREDICTED
18.52,22.12,620.09,43.96,22.31,215.16,NORMAL
41.63,58.39,976.24,50.67,23.93,374.24,RISING_RISK
12.03,21.04,539.24,42.35,25.21,171.37,NORMAL
36.37,54.11,935.34,41.33,24.63,340.73,RISING_RISK
51.65,56.62,1038.6,40.75,25.14,395.43,STAGNATION_PREDICTED
17.95,21.4,605.05,43.5,22.54,210.3,NORMAL
40.42,55.74,950.97,50.32,23.83,357.68,RISING_RISK
12.02,22.67,535.93,42.94,25.01,153.42,NORMAL
35.28,51.19,915.43,41.4,24.09,321.55,RISING_RISK
52.22,58.73,1034.02,40.22,25.55,393.07,STAGNATION_PREDICTED
16.69,22.55,605.32,42.69,22.74,198.26,NORMAL
39.95,55.81,915.93,51.05,24.3,348.51,RISING_RISK
11.85,24.23,544.83,42.73,25.56,151.07,NORMAL
32.55,49.68,894.48,42.28,24.16,306.63,NORMAL
53.42,64.06,1042.55,41.29,25.26,403.74,STAGNATION_PREDICTED
14.32,24.28,605.98,41.84,22.29,187.27,NORMAL
43.24,55.12,931.09,50.01,24.43,346.97,RISING_RISK
11.6,22.01,548.7,42.24,25.08,142.91,NORMAL
28.67,48.82,873.95,42.29,23.68,301.69,NORMAL
52.87,63.5,1047.8,42.59,25.49,402.23,STAGNATION_PREDICTED
16.01,27.52,592.93,42.33,22.83,194.72,NORMAL
43.01,55.99,936.69,50.26,24.29,364.5,RISING_RISK
12.03,22.66,543.07,41.84,25.29,147.81,NORMAL
26.78,53.99,886.14,41.91,24.02,310.24,RISING_RISK
49.59,64.08,1046.56,42.53,25.4,397.94,STAGNATION_PREDICTED
14.86,24.68,586.32,42.1,22.9,184.62,NORMAL
43.84,58.36,951.96,49.32,23.91,368.35,RISING_RISK
12.58,23.82,543.0,43.85,25.43,148.05,NORMAL
27.92,52.53,889.71,41.06,23.79,307.77,RISING_RISK
47.7,57.49,1010.79,42.73,25.2,387.94,STAGNATION_PREDICTED
14.11,23.22,595.06,42.48,22.49,196.09,NORMAL
43.13,58.27,948.77,49.43,23.9,366.58,RISING_RISK
12.07,22.75,537.38,44.6,25.83,152.83,NORMAL
29.05,57.51,888.43,40.63,23.69,302.39,RISING_RISK
47.04,54.64,977.25,42.71,25.08,370.87,RISING_RISK
12.78,24.47,584.06,43.53,22.75,195.84,NORMAL
44.26,56.92,956.01,48.7,24.51,358.22,RISING_RISK
11.67,19.3,540.01,43.22,25.66,163.44,NORMAL
29.43,57.53,894.37,40.27,23.91,299.95,RISING_RISK
45.82,52.82,960.59,42.94,25.09,370.2,RISING_RISK
12.49,24.46,586.13,44.76,22.68,195.56,NORMAL
44.84,54.53,956.3,48.71,24.02,359.36,RISING_RISK
12.89,20.92,541.98,44.11,25.11,166.49,NORMAL
30.65,58.63,913.29,39.27,24.35,308.68,RISING_RISK
43.86,48.61,943.12,41.89,25.02,359.49,RISING_RISK
11.53,25.49,572.18,44.45,22.32,186.25,NORMAL
43.86,58.6,959.36,48.79,23.6,369.78,RISING_RISK
14.38,20.81,561.08,41.41,25.17,157.49,NORMAL
34.13,59.63,914.24,39.36,24.06,310.3,RISING_RISK
43.07,49.85,920.22,42.99,25.51,339.48,RISING_RISK
11.03,22.63,567.08,43.4,22.45,197.41,NORMAL
40.94,56.69,959.07,50.01,23.06,368.06,RISING_RISK
15.67,18.39,554.6,40.29,25.13,155.25,NORMAL
36.54,60.26,917.66,42.4,24.77,324.49,RISING_RISK
41.36,50.07,894.98,43.52,25.28,342.89,RISING_RISK
11.38,22.06,555.29,43.38,22.15,200.18,NORMAL
44.72,55.98,964.53,51.41,23.39,375.34,RISING_RISK
16.98,13.82,549.85,41.32,25.63,149.8,NORMAL
36.05,58.87,928.63,42.08,24.63,336.99,RISING_RISK
39.89,51.35,878.07,44.6,25.37,326.64,RISING_RISK
10.25,21.91,564.94,42.2,21.91,193.6,NORMAL
46.19,57.75,972.8,48.93,23.48,370.27,RISING_RISK
17.28,15.11,559.5,38.71,25.36,152.94,NORMAL
35.39,59.84,937.48,40.77,24.37,334.5,RISING_RISK
40.37,55.34,872.98,46.05,25.15,321.5,RISING_RISK
10.87,22.71,562.28,42.92,21.8,198.58,NORMAL
44.54,56.4,986.16,48.83,23.28,381.17,RISING_RISK
18.14,17.78,566.69,39.15,25.65,148.09,NORMAL
34.85,61.03,942.55,40.47,24.41,338.88,RISING_RISK
40.0,54.22,889.25,47.6,24.71,328.57,RISING_RISK
12.12,22.53,563.21,42.47,22.42,203.78,NORMAL
43.44,57.17,980.82,46.62,22.52,373.17,RISING_RISK
17.03,17.81,568.42,38.94,25.57,150.67,NORMAL
36.03,62.87,953.7,41.14,24.28,340.85,RISING_RISK
41.05,56.52,896.63,47.28,25.22,332.54,RISING_RISK
13.0,24.7,560.05,42.29,22.33,201.43,NORMAL
44.4,56.63,990.28,46.69,22.86,382.38,RISING_RISK
14.44,21.19,573.6,41.09,25.48,150.8,NORMAL
36.61,65.66,943.64,41.52,23.69,338.09,RISING_RISK
38.79,58.24,908.88,47.52,25.43,338.01,RISING_RISK
12.21,23.61,563.55,41.6,22.47,201.7,NORMAL
44.01,58.65,987.52,45.98,23.51,381.4,RISING_RISK
12.01,18.73,571.48,40.42,25.05,143.95,NORMAL
36.83,66.43,952.47,41.26,23.75,353.1,RISING_RISK
39.87,61.62,919.56,47.85,25.52,345.86,RISING_RISK
11.38,20.83,562.63,40.99,22.2,200.85,NORMAL
44.95,60.1,999.89,46.52,23.07,387.92,RISING_RISK
12.62,19.63,576.25,40.37,24.62,139.79,NORMAL
35.74,67.44,964.8,40.58,23.79,351.53,RISING_RISK
40.28,60.59,917.48,47.97,25.4,353.7,RISING_RISK
11.82,24.45,552.61,40.58,22.1,194.99,NORMAL
43.59,57.42,1010.8,45.52,23.18,388.89,STAGNATION_PREDICTED
12.47,19.71,573.89,40.29,24.43,143.94,NORMAL
34.93,71.32,982.95,39.7,23.65,347.67,RISING_RISK
39.61,63.18,942.78,47.23,25.24,358.96,RISING_RISK
13.85,22.72,567.5,42.33,22.34,197.61,NORMAL
43.91,59.76,1016.6,45.5,23.87,389.6,STAGNATION_PREDICTED
12.81,24.51,598.61,41.65,24.59,169.11,NORMAL
34.04,69.34,1000.23,39.17,23.59,345.79,RISING_RISK
40.07,65.39,936.48,49.94,25.68,359.99,RISING_RISK
11.85,26.58,562.87,43.28,22.5,194.88,NORMAL
44.04,59.25,1026.93,45.67,23.43,396.95,STAGNATION_PREDICTED
15.88,26.47,626.81,41.75,24.58,173.1,NORMAL
33.44,71.38,1012.39,38.48,23.63,354.14,RISING_RISK
40.11,65.82,948.72,49.8,25.26,369.31,RISING_RISK
11.3,25.54,564.38,43.04,22.17,193.16,NORMAL
45.41,56.94,1028.59,46.13,23.36,395.24,STAGNATION_PREDICTED
19.46,27.28,656.06,42.8,24.69,173.2,NORMAL
34.92,69.57,1013.86,39.35,23.87,345.5,RISING_RISK
44.13,67.62,969.62,48.05,25.38,373.35,RISING_RISK
8.18,26.44,551.2,40.53,23.12,183.44,NORMAL
47.5,55.34,1022.97,46.89,23.15,398.4,STAGNATION_PREDICTED
21.06,27.19,673.05,42.91,24.48,182.77,NORMAL
39.37,67.36,1019.11,38.17,23.83,358.84,STAGNATION_PREDICTED
44.43,67.0,980.92,48.63,25.34,369.85,RISING_RISK
7.66,26.85,563.93,42.06,23.48,167.61,NORMAL
46.11,59.38,1021.76,46.12,23.16,401.23,STAGNATION_PREDICTED
24.08,29.87,701.99,42.77,24.4,193.24,NORMAL
40.01,68.21,1013.25,39.24,24.41,345.51,STAGNATION_PREDICTED
43.01,67.93,994.7,49.67,24.91,375.81,RISING_RISK
8.38,25.57,545.77,43.24,23.62,166.97,NORMAL
46.98,61.49,1025.37,45.23,23.24,390.98,STAGNATION_PREDICTED
25.72,34.47,713.2,42.53,24.67,201.89,NORMAL
38.25,69.68,1013.14,38.95,23.81,337.07,STAGNATION_PREDICTED
44.48,70.22,1008.08,48.36,24.97,374.47,STAGNATION_PREDICTED
8.21,27.1,550.29,43.17,23.59,165.49,NORMAL
46.5,60.27,1022.19,45.51,22.82,388.45,STAGNATION_PREDICTED
28.27,36.79,737.3,42.92,24.39,215.41,NORMAL
38.68,71.34,1022.4,39.46,23.55,345.81,STAGNATION_PREDICTED
44.36,71.61,1010.16,47.82,24.49,376.17,STAGNATION_PREDICTED
7.38,29.19,560.22,44.77,23.4,164.47,NORMAL
46.84,60.98,1027.46,44.82,23.03,394.9,STAGNATION_PREDICTED
28.05,40.7,749.73,41.49,24.47,220.08,NORMAL
38.53,72.67,1031.86,40.15,23.85,356.7,STAGNATION_PREDICTED
44.24,69.73,1001.93,47.26,24.36,381.83,STAGNATION_PREDICTED
8.77,30.51,575.64,45.83,23.23,156.08,NORMAL
46.67,58.43,1014.46,45.18,23.63,407.11,STAGNATION_PREDICTED
28.45,41.99,767.36,40.55,24.04,218.15,NORMAL
40.41,74.58,1042.15,39.9,23.69,366.1,STAGNATION_PREDICTED
46.51,71.68,999.81,47.05,24.03,382.33,RISING_RISK
8.35,33.11,565.09,46.03,23.31,153.17,NORMAL
48.19,63.05,1015.52,46.17,23.73,420.23,STAGNATION_PREDICTED
30.26,44.87,784.6,41.58,24.08,223.95,NORMAL
43.49,73.78,1031.81,40.29,23.61,360.52,STAGNATION_PREDICTED
47.07,72.18,996.77,47.54,24.1,378.35,RISING_RISK
6.18,36.03,572.4,44.35,23.1,157.27,NORMAL
46.85,58.76,985.3,45.76,24.07,409.36,STAGNATION_PREDICTED
32.76,44.98,795.38,41.28,24.43,243.0,NORMAL
41.5,75.15,1028.12,40.58,23.34,361.25,STAGNATION_PREDICTED
49.06,70.43,1001.76,47.51,24.34,373.32,STAGNATION_PREDICTED
7.54,35.2,576.07,45.64,23.19,159.35,NORMAL
43.0,57.01,958.0,46.13,23.61,395.53,RISING_RISK
34.8,44.19,820.04,43.01,24.46,246.64,NORMAL
40.55,69.45,1002.08,40.6,23.1,337.79,STAGNATION_PREDICTED
48.19,71.01,1011.04,46.06,24.36,374.35,STAGNATION_PREDICTED
8.46,32.8,573.03,47.51,23.78,166.1,NORMAL
41.38,55.79,931.4,46.66,23.27,392.32,RISING_RISK
37.78,47.06,843.34,45.41,23.8,249.52,RISING_RISK
41.32,63.77,987.79,40.4,23.24,316.36,RISING_RISK
47.85,70.52,1022.18,44.74,24.26,376.63,STAGNATION_PREDICTED
6.35,29.89,566.97,47.04,23.73,172.94,NORMAL
38.35,52.2,923.34,45.84,23.44,374.88,RISING_RISK
41.43,48.31,849.47,47.23,23.56,261.13,RISING_RISK
38.07,61.59,974.49,40.54,23.09,311.94,RISING_RISK
49.62,69.83,1022.35,44.39,23.95,379.84,STAGNATION_PREDICTED
5.97,28.13,556.54,46.82,23.5,181.96,NORMAL
38.47,49.83,893.96,47.42,23.4,370.18,RISING_RISK
41.62,50.17,873.82,46.89,23.38,258.55,RISING_RISK
36.9,56.4,960.12,42.58,23.06,308.22,RISING_RISK
50.59,68.93,1018.09,42.72,24.04,381.32,STAGNATION_PREDICTED
4.66,30.84,549.35,49.3,23.04,187.95,NORMAL
37.68,46.02,867.26,48.16,23.05,372.99,RISING_RISK
40.34,50.7,882.64,47.2,23.46,262.8,RISING_RISK
33.56,53.1,934.43,42.57,23.16,301.81,RISING_RISK
51.19,68.7,1019.87,41.99,24.17,384.79,STAGNATION_PREDICTED
4.8,32.52,544.05,48.85,23.37,183.02,NORMAL
35.67,45.76,843.31,47.41,22.97,359.54,RISING_RISK
40.52,51.91,881.91,48.33,23.53,279.51,RISING_RISK
34.46,52.51,903.71,43.43,23.45,304.86,RISING_RISK
52.49,68.17,1019.12,42.02,24.14,384.01,STAGNATION_PREDICTED
0.5,34.36,557.82,48.97,23.24,180.77,NORMAL
36.12,40.04,819.7,46.91,23.11,354.15,RISING_RISK
38.79,52.3,893.55,49.63,23.29,287.18,RISING_RISK
32.43,51.84,901.1,45.01,23.33,289.82,RISING_RISK
54.69,66.58,1032.35,42.15,24.6,376.0,STAGNATION_PREDICTED
1.4,28.61,540.65,48.22,23.34,183.32,NORMAL
31.31,39.16,799.28,46.74,23.74,344.2,NORMAL
39.73,52.14,903.22,48.56,23.52,288.72,RISING_RISK
30.08,49.59,877.7,44.64,22.89,266.39,NORMAL
55.27,67.06,1027.87,45.82,24.12,391.92,STAGNATION_PREDICTED
0.75,28.22,556.31,48.36,23.66,189.96,NORMAL
30.76,37.78,777.43,46.7,23.73,337.51,NORMAL
38.78,54.52,930.36,49.36,23.68,302.83,RISING_RISK
29.59,53.39,863.89,45.48,22.72,268.81,RISING_RISK
50.66,69.49,1016.61,44.21,24.46,393.36,STAGNATION_PREDICTED
1.54,27.73,550.69,49.33,23.46,195.82,NORMAL
28.9,40.36,775.41,47.0,23.54,330.1,NORMAL
37.78,54.21,937.29,50.27,24.12,310.64,RISING_RISK
29.22,53.57,847.77,45.71,23.06,263.79,RISING_RISK
52.11,72.47,1015.65,44.39,25.22,405.4,STAGNATION_PREDICTED
0,26.89,552.17,49.05,23.55,191.22,NORMAL
24.28,41.36,751.0,49.01,23.37,330.1,NORMAL
39.8,55.08,948.43,48.21,24.39,308.9,RISING_RISK
28.48,49.5,824.06,46.59,22.97,252.12,NORMAL
50.43,73.1,1002.94,44.24,25.34,402.77,STAGNATION_PREDICTED
1.1,26.94,556.79,48.0,23.59,191.37,NORMAL
22.16,38.66,731.97,50.29,23.31,330.03,NORMAL
40.04,59.1,955.18,47.91,24.2,309.26,RISING_RISK
27.43,50.82,799.42,47.91,22.72,247.11,RISING_RISK
47.18,66.91,973.71,44.77,25.53,401.45,STAGNATION_PREDICTED
4.53,25.4,554.62,49.22,23.54,188.62,NORMAL
21.75,36.16,710.13,49.65,23.39,326.49,NORMAL
38.06,57.54,935.73,47.2,24.22,296.0,RISING_RISK
30.26,54.18,802.59,49.09,22.74,257.95,RISING_RISK
46.56,64.45,947.09,46.55,25.42,390.95,RISING_RISK
5.52,23.21,554.35,50.9,23.52,191.44,NORMAL
20.53,33.84,699.61,51.71,23.02,322.72,NORMAL
38.26,55.78,903.94,47.51,24.2,296.25,RISING_RISK
31.66,56.42,819.92,50.15,22.88,275.01,RISING_RISK
45.37,60.84,939.12,46.48,25.36,364.53,RISING_RISK
6.47,22.34,559.19,51.54,23.68,194.23,NORMAL
20.74,34.65,688.79,52.23,23.17,328.97,NORMAL
35.67,57.34,887.24,49.78,23.88,292.46,RISING_RISK
31.66,55.23,830.58,48.67,22.66,280.41,RISING_RISK
43.39,61.29,931.31,46.04,25.4,370.07,RISING_RISK
9.24,24.12,560.31,51.2,23.96,191.43,NORMAL
19.45,35.76,718.61,52.69,23.01,330.78,NORMAL
34.45,58.38,875.46,49.12,24.43,279.74,RISING_RISK
30.91,58.75,858.83,49.41,22.82,290.33,RISING_RISK
42.89,62.4,941.24,46.71,25.37,368.58,RISING_RISK
9.9,22.14,550.09,50.98,23.71,188.33,NORMAL
20.66,36.76,735.42,51.99,23.56,335.76,NORMAL
34.22,63.72,863.81,48.2,23.93,268.61,RISING_RISK
28.71,58.8,880.73,48.73,23.2,287.66,RISING_RISK
45.25,63.78,953.58,45.11,25.33,361.74,RISING_RISK
11.94,21.81,549.33,50.78,24.31,181.04,NORMAL
22.45,38.78,753.56,51.65,23.66,344.49,NORMAL
33.49,62.48,848.74,47.61,23.9,252.59,RISING_RISK
29.08,60.45,901.13,49.89,22.84,295.72,RISING_RISK
47.74,63.45,958.82,44.0,25.4,361.85,RISING_RISK
10.99,20.45,540.32,48.29,24.8,177.06,NORMAL
26.54,43.15,778.71,51.2,24.18,339.53,NORMAL
33.85,61.29,849.67,46.67,24.07,227.55,RISING_RISK
31.71,60.76,905.87,50.46,22.71,301.17,RISING_RISK
47.62,65.74,985.95,46.21,25.72,361.83,RISING_RISK
11.45,24.5,540.94,49.79,24.82,186.1,NORMAL
28.52,43.32,797.37,50.51,24.67,339.49,NORMAL
31.6,59.51,830.89,46.57,23.9,221.56,RISING_RISK
34.56,61.16,916.3,50.08,23.02,312.36,RISING_RISK
46.22,64.77,983.08,44.96,25.59,359.82,RISING_RISK
13.41,30.35,536.3,49.67,24.61,177.2,NORMAL
29.23,43.58,817.19,51.08,24.14,345.33,NORMAL
29.89,56.09,798.72,46.68,23.94,219.48,RISING_RISK
33.43,65.21,923.0,50.92,22.79,325.05,RISING_RISK
45.5,63.39,997.22,46.42,25.51,370.94,RISING_RISK
13.49,27.51,538.37,49.28,24.66,175.41,NORMAL
31.28,39.96,827.73,50.7,23.52,348.2,NORMAL
28.93,51.2,779.6,47.17,24.4,224.12,RISING_RISK
33.39,65.45,928.23,49.49,22.99,320.78,RISING_RISK
46.31,66.31,1014.6,46.38,25.04,370.48,STAGNATION_PREDICTED
14.0,29.58,534.76,49.67,24.66,176.99,NORMAL
30.19,41.35,840.88,49.23,23.64,347.18,NORMAL
29.23,47.94,754.79,46.36,24.68,212.43,NORMAL
32.52,70.92,942.85,49.23,22.72,323.25,RISING_RISK
43.91,64.05,1020.37,45.88,24.88,374.7,STAGNATION_PREDICTED
13.05,30.51,519.2,49.96,24.17,174.04,NORMAL
32.23,43.15,845.43,49.28,23.29,343.17,NORMAL
28.51,46.51,745.02,47.64,24.8,213.58,NORMAL
33.57,69.11,950.27,49.49,22.61,331.33,RISING_RISK
44.08,61.22,1030.34,46.44,24.6,371.31,STAGNATION_PREDICTED
12.88,33.02,521.45,50.35,24.39,175.35,NORMAL
32.11,40.74,860.47,52.09,23.3,361.61,NORMAL
26.12,45.66,736.24,48.07,25.42,216.25,NORMAL
33.61,68.62,961.42,51.17,23.36,339.29,RISING_RISK
42.22,64.0,1035.12,47.01,24.63,375.83,STAGNATION_PREDICTED
12.8,30.8,505.74,50.5,24.5,174.81,NORMAL
34.01,42.61,858.23,52.39,22.89,370.36,NORMAL
22.27,41.29,728.35,48.67,25.77,213.03,NORMAL
31.61,68.88,970.04,52.52,23.41,345.62,RISING_RISK
43.0,65.56,1047.69,45.86,24.45,373.36,STAGNATION_PREDICTED
9.83,27.44,500.9,50.73,24.68,160.21,NORMAL
36.37,46.82,876.63,50.98,22.99,372.49,RISING_RISK
21.84,41.45,728.09,46.72,25.32,202.15,NORMAL
31.22,65.52,967.78,51.82,23.29,357.09,RISING_RISK
40.76,62.41,1042.65,46.61,24.62,386.28,STAGNATION_PREDICTED
10.94,25.49,498.06,49.36,24.74,165.03,NORMAL
36.8,46.36,885.98,51.05,23.17,376.55,RISING_RISK
21.36,46.8,753.56,44.71,25.44,207.14,NORMAL
32.63,66.74,977.48,52.69,23.71,364.79,RISING_RISK
40.38,63.6,1050.09,46.88,24.58,396.55,STAGNATION_PREDICTED
10.24,21.88,494.39,49.55,24.8,168.13,NORMAL
36.74,50.72,910.46,49.58,23.9,375.52,RISING_RISK
23.31,47.54,773.63,44.83,25.46,220.15,NORMAL
35.7,67.53,975.5,51.71,24.21,358.56,RISING_RISK
43.44,59.95,1039.9,48.69,24.73,405.19,STAGNATION_PREDICTED
9.88,17.43,505.2,49.31,25.42,159.59,NORMAL
36.33,50.45,924.16,49.82,24.23,383.69,RISING_RISK
25.73,51.61,781.37,44.19,24.74,227.96,RISING_RISK
37.85,70.19,987.56,50.93,23.93,359.14,RISING_RISK
43.29,60.58,1047.84,48.43,24.87,404.04,STAGNATION_PREDICTED
10.14,11.62,503.59,48.99,25.47,159.01,NORMAL
37.45,50.71,927.64,49.76,24.03,386.07,RISING_RISK
24.89,54.92,778.62,45.79,24.6,234.38,RISING_RISK
38.13,70.47,985.61,50.72,23.88,369.4,RISING_RISK
42.94,61.87,1055.9,47.95,24.99,408.16,STAGNATION_PREDICTED
11.15,9.56,514.57,49.84,25.36,168.04,NORMAL
40.92,50.71,940.36,50.39,24.19,385.86,RISING_RISK
25.25,54.11,787.84,44.61,24.42,238.62,RISING_RISK
40.75,70.97,988.18,51.06,23.76,378.83,RISING_RISK
40.95,60.17,1022.38,50.47,24.94,406.35,STAGNATION_PREDICTED
12.11,13.0,531.49,50.45,25.43,164.37,NORMAL
42.53,49.95,954.59,50.78,24.26,393.27,RISING_RISK
26.35,51.71,817.46,44.9,24.46,242.91,RISING_RISK
42.09,70.08,997.15,50.32,23.77,368.5,RISING_RISK
39.94,57.47,1009.38,50.03,25.01,397.78,STAGNATION_PREDICTED
11.52,12.2,528.16,50.98,24.98,166.29,NORMAL
41.88,48.27,959.98,51.68,24.29,404.78,RISING_RISK
27.45,55.5,835.71,45.16,24.2,243.42,RISING_RISK
42.72,70.96,996.16,51.64,23.96,382.05,RISING_RISK
38.98,52.8,979.3,49.33,25.16,385.76,RISING_RISK
8.92,10.7,532.24,51.91,24.2,169.73,NORMAL
43.64,51.44,966.75,51.93,24.45,412.89,RISING_RISK
28.14,57.62,861.52,46.74,23.97,239.8,RISING_RISK
42.91,70.65,1004.04,51.83,23.71,390.03,STAGNATION_PREDICTED
38.02,44.63,958.61,47.56,24.94,371.27,RISING_RISK
10.51,13.53,532.68,53.92,23.94,175.0,NORMAL
44.35,54.86,961.27,51.57,24.62,404.69,RISING_RISK
29.68,59.7,869.58,46.85,23.55,249.02,RISING_RISK
40.15,69.01,963.48,52.19,23.4,382.5,RISING_RISK
37.02,41.75,934.43,48.03,24.89,364.7,RISING_RISK
8.58,15.03,523.73,52.98,23.94,169.13,NORMAL
43.17,53.78,960.5,50.03,24.6,398.5,RISING_RISK
31.58,58.34,888.11,48.17,23.96,261.31,RISING_RISK
35.27,68.23,937.93,52.61,23.19,370.01,RISING_RISK
35.27,43.29,912.03,48.9,24.51,350.52,RISING_RISK
9.53,16.18,531.82,50.54,23.54,169.93,NORMAL
43.25,56.02,971.79,48.54,24.86,394.04,RISING_RISK
33.72,59.54,906.07,47.92,23.68,279.21,RISING_RISK
34.27,66.55,913.6,51.65,23.21,362.09,RISING_RISK
34.59,40.18,897.45,49.04,24.67,341.41,NORMAL
10.67,20.21,526.46,50.96,23.72,155.36,NORMAL
41.19,57.03,969.05,48.29,25.0,399.55,RISING_RISK
34.65,58.03,917.75,50.23,23.88,303.86,RISING_RISK
36.78,60.44,903.88,51.87,22.67,353.3,RISING_RISK
34.73,40.5,877.43,51.71,24.24,343.39,NORMAL
7.62,17.99,518.65,49.84,24.15,154.38,NORMAL
40.97,58.38,967.95,47.41,24.6,398.37,RISING_RISK
33.71,60.54,927.11,50.21,24.08,309.48,RISING_RISK
32.97,61.59,876.54,50.88,22.92,340.29,RISING_RISK
33.51,39.41,864.39,50.55,24.41,335.26,NORMAL
6.18,14.09,535.08,49.74,23.89,158.68,NORMAL
41.52,61.22,975.77,49.14,24.91,410.02,RISING_RISK
30.96,60.65,923.91,49.62,24.29,324.42,RISING_RISK
32.19,58.86,862.2,52.7,22.52,331.66,RISING_RISK
32.44,38.08,844.82,49.13,23.95,312.99,NORMAL
8.01,14.06,526.08,50.0,24.3,165.18,NORMAL
42.66,63.52,992.36,49.89,23.76,420.48,STAGNATION_PREDICTED
28.39,60.84,939.64,47.75,24.47,321.69,RISING_RISK
31.45,59.64,851.76,51.98,21.71,321.47,RISING_RISK
32.31,38.37,825.53,49.69,24.42,311.54,NORMAL
5.51,14.21,522.61,52.28,23.94,169.94,NORMAL
43.07,65.76,993.67,49.65,24.0,420.91,STAGNATION_PREDICTED
30.71,57.46,946.31,49.1,24.78,321.55,RISING_RISK
31.14,58.28,829.48,53.25,22.17,311.38,RISING_RISK
31.99,39.41,801.17,49.26,24.4,303.26,NORMAL
4.84,15.25,537.38,53.0,23.66,172.94,NORMAL
41.54,68.4,996.83,50.91,23.94,425.47,STAGNATION_PREDICTED
31.33,59.43,959.72,48.3,24.47,333.71,RISING_RISK
28.83,57.24,808.95,54.41,22.47,298.36,RISING_RISK
31.58,37.64,796.63,47.64,24.55,281.86,NORMAL
5.02,16.34,524.17,51.7,24.14,164.6,NORMAL
42.79,66.83,1014.27,51.47,23.61,431.11,STAGNATION_PREDICTED
32.14,60.7,961.62,48.41,24.59,347.3,RISING_RISK
25.69,54.77,794.73,52.38,22.58,291.06,RISING_RISK
28.89,37.02,767.49,45.73,24.36,264.66,NORMAL
4.35,19.29,521.95,51.4,23.79,171.99,NORMAL
45.85,66.94,1007.0,52.22,23.56,432.05,STAGNATION_PREDICTED
31.63,61.36,997.52,45.68,24.52,352.0,RISING_RISK
25.14,55.15,780.71,51.59,21.93,276.93,RISING_RISK
31.42,34.94,748.01,46.53,24.31,266.74,NORMAL
3.93,17.0,515.24,49.68,23.4,166.69,NORMAL
46.72,68.39,1004.71,51.05,23.22,428.03,STAGNATION_PREDICTED
33.05,57.96,1004.92,45.84,24.67,363.01,RISING_RISK
23.74,52.1,768.15,50.34,22.06,272.1,RISING_RISK
30.04,36.53,728.59,45.29,24.13,253.07,NORMAL
3.03,17.12,514.33,48.76,23.52,165.01,NORMAL
46.71,65.28,1008.54,52.43,23.32,425.41,STAGNATION_PREDICTED
35.34,61.81,1011.18,46.69,24.14,372.08,STAGNATION_PREDICTED
24.62,53.19,749.01,50.97,21.66,259.27,RISING_RISK
25.81,35.67,728.14,46.41,24.41,259.07,NORMAL
2.57,12.83,516.06,48.74,23.74,166.65,NORMAL
45.21,64.96,1014.98,51.42,23.74,434.2,STAGNATION_PREDICTED
34.25,62.78,1012.39,46.6,23.97,382.17,RISING_RISK
23.29,52.31,736.65,49.7,21.84,249.92,RISING_RISK
23.39,31.9,725.16,46.48,23.79,257.09,NORMAL
3.9,13.99,532.9,48.32,23.82,179.62,NORMAL
43.36,64.26,1014.71,49.58,23.89,422.81,STAGNATION_PREDICTED
36.5,63.77,1032.63,45.8,24.23,380.95,STAGNATION_PREDICTED
18.93,53.43,740.15,50.75,21.74,240.24,RISING_RISK
23.41,32.3,716.53,46.82,24.25,252.59,NORMAL
4.88,18.9,559.42,47.6,23.81,191.43,NORMAL
42.44,64.37,1028.07,48.65,23.8,427.51,STAGNATION_PREDICTED
37.59,62.11,1016.45,45.32,24.29,374.91,STAGNATION_PREDICTED
19.22,53.45,719.74,49.82,22.2,237.73,RISING_RISK
21.64,33.77,709.94,47.35,24.44,246.68,NORMAL
8.28,21.49,588.87,47.43,23.79,197.92,NORMAL
39.59,64.59,1031.41,50.1,23.99,433.16,STAGNATION_PREDICTED
37.92,63.43,1023.33,46.48,24.3,382.23,STAGNATION_PREDICTED
20.28,49.14,707.08,52.23,21.73,243.36,NORMAL
20.4,29.93,697.33,46.53,24.8,237.17,NORMAL
9.86,22.99,612.74,47.93,23.49,208.05,NORMAL
43.85,63.89,1039.13,49.53,23.85,437.19,STAGNATION_PREDICTED
38.33,63.32,1024.06,45.44,24.3,382.86,STAGNATION_PREDICTED
18.63,49.3,697.39,53.28,21.98,233.93,NORMAL
23.17,33.81,727.06,46.59,24.45,235.93,NORMAL
11.79,24.57,641.55,47.59,23.78,211.22,NORMAL
41.43,60.57,1020.98,48.15,23.73,418.92,STAGNATION_PREDICTED
40.36,63.49,1031.74,45.52,24.09,382.43,STAGNATION_PREDICTED
16.16,45.98,686.07,51.52,21.84,217.73,NORMAL
26.33,36.78,740.37,45.96,25.24,253.57,NORMAL
15.51,31.47,675.33,47.16,24.58,212.9,NORMAL
39.24,59.08,986.39,46.94,23.77,401.5,RISING_RISK
37.8,62.98,1013.36,45.62,24.25,363.71,STAGNATION_PREDICTED
18.87,43.18,682.18,50.41,21.59,208.39,NORMAL
27.13,34.08,741.86,44.03,25.09,251.82,NORMAL
15.88,35.6,689.76,46.02,24.51,216.28,NORMAL
37.85,58.36,951.91,47.69,23.59,390.78,RISING_RISK
35.57,63.25,985.75,45.69,24.17,357.46,RISING_RISK
22.0,44.46,680.67,49.73,21.94,204.41,NORMAL
30.52,33.92,752.88,44.27,24.85,261.61,NORMAL
15.35,35.88,706.4,46.41,24.41,235.01,NORMAL
35.85,58.76,927.72,47.68,24.42,381.48,RISING_RISK
32.77,63.91,952.34,44.55,23.98,345.82,RISING_RISK
21.4,40.14,686.32,49.72,21.53,208.06,NORMAL
30.38,36.31,765.45,44.02,24.91,273.23,NORMAL
17.39,38.37,725.46,45.29,24.0,242.39,NORMAL
36.48,59.52,922.2,46.36,24.62,368.42,RISING_RISK
31.53,63.92,936.14,45.2,23.41,345.34,RISING_RISK
18.41,40.38,679.63,50.63,22.06,203.17,NORMAL
32.73,39.9,792.63,42.96,24.59,278.57,NORMAL
19.85,40.43,746.72,46.99,24.13,247.48,NORMAL
38.39,57.59,903.75,47.62,24.82,368.28,RISING_RISK
31.35,63.76,919.1,44.16,23.21,334.83,RISING_RISK
16.01,40.05,675.38,49.25,21.67,190.1,NORMAL
32.78,43.4,820.7,42.03,24.98,291.11,NORMAL
19.59,44.12,765.82,46.07,23.99,250.21,NORMAL
36.6,59.89,910.19,48.1,24.66,366.49,RISING_RISK
29.15,60.73,898.46,43.51,23.57,337.59,RISING_RISK
15.48,39.75,680.39,49.7,21.93,194.35,NORMAL
34.76,46.71,818.94,41.48,25.05,305.31,NORMAL
23.85,44.9,772.58,46.64,23.96,262.08,NORMAL
39.54,60.48,921.72,48.96,25.0,370.21,RISING_RISK
29.19,59.32,870.61,43.67,23.58,325.24,RISING_RISK
17.73,38.7,671.75,50.55,21.49,192.29,NORMAL
33.53,47.91,843.96,43.36,24.94,300.13,NORMAL
25.78,46.47,778.33,46.81,23.21,269.79,NORMAL
40.91,60.67,933.58,48.1,24.62,367.68,RISING_RISK
29.65,56.43,859.46,43.56,23.66,324.89,RISING_RISK
20.35,37.95,669.44,50.02,21.77,186.01,NORMAL
36.81,48.09,847.89,43.58,25.04,299.93,RISING_RISK
30.05,49.49,803.08,47.58,22.94,277.79,NORMAL
41.81,61.11,944.82,48.26,24.27,369.24,RISING_RISK
27.48,52.56,848.05,43.76,24.18,317.55,RISING_RISK
25.22,44.46,688.53,50.42,21.99,197.9,NORMAL
36.87,53.55,862.45,44.46,25.18,308.84,RISING_RISK
31.42,51.0,823.1,47.04,23.25,283.57,RISING_RISK
43.09,63.12,945.43,48.95,24.06,383.72,RISING_RISK
27.73,48.07,828.11,43.3,23.93,307.78,NORMAL
27.5,41.59,692.94,50.03,21.93,212.98,NORMAL
38.08,55.66,891.42,45.64,25.25,308.61,RISING_RISK
32.59,51.07,841.58,47.44,23.08,290.75,RISING_RISK
41.69,63.1,954.66,48.76,24.13,383.06,RISING_RISK
26.72,46.14,821.94,43.89,23.5,293.63,NORMAL
31.58,41.72,715.1,50.96,22.06,228.71,NORMAL
41.02,52.87,897.67,45.41,25.54,311.09,RISING_RISK
33.68,50.77,857.1,46.33,23.07,300.43,RISING_RISK
41.57,65.97,970.4,46.6,24.04,378.84,RISING_RISK
26.96,41.63,815.72,43.57,23.52,287.4,NORMAL
32.67,43.62,721.69,49.96,21.71,232.7,NORMAL
41.63,51.3,901.21,46.13,25.34,313.68,RISING_RISK
37.32,50.67,870.56,46.12,22.91,307.37,RISING_RISK
41.38,66.6,970.82,46.51,24.48,376.11,RISING_RISK
23.44,40.26,783.07,43.47,23.88,274.95,NORMAL
31.51,43.88,735.85,49.64,21.75,244.99,NORMAL
42.21,52.44,926.19,46.62,25.7,325.75,RISING_RISK
38.83,54.2,871.43,45.65,23.43,314.25,RISING_RISK
43.47,69.18,983.47,45.88,24.57,371.34,RISING_RISK
22.0,37.36,774.35,45.39,23.56,258.34,NORMAL
34.04,45.93,742.8,49.34,21.78,255.41,NORMAL
43.33,52.79,920.6,46.07,25.86,323.64,RISING_RISK
40.55,54.54,888.32,46.33,23.55,332.97,RISING_RISK
42.77,72.55,990.64,44.56,24.57,362.76,RISING_RISK
22.94,33.92,750.29,46.04,23.82,258.87,NORMAL
34.11,45.23,760.08,48.57,22.23,267.37,NORMAL
42.64,53.07,921.39,48.36,25.92,344.52,RISING_RISK
36.92,51.6,873.03,47.47,23.72,322.85,RISING_RISK
43.44,67.89,995.62,44.81,24.39,365.94,RISING_RISK
22.6,36.1,756.44,46.54,23.48,260.73,NORMAL
36.0,48.25,785.39,48.02,22.6,264.53,RISING_RISK
42.72,54.08,935.96,47.77,26.24,340.77,RISING_RISK
35.03,51.66,848.36,48.63,24.12,306.82,RISING_RISK
44.29,65.63,1005.88,45.04,24.2,368.27,STAGNATION_PREDICTED
23.03,31.62,738.21,46.94,23.39,258.62,NORMAL
36.11,50.75,799.81,47.32,22.84,272.27,RISING_RISK
42.68,54.54,945.52,46.87,26.13,340.16,RISING_RISK
32.66,47.11,839.46,48.61,24.51,311.35,NORMAL
44.56,64.49,1013.1,43.61,23.78,367.13,STAGNATION_PREDICTED
22.96,30.9,730.75,47.68,23.62,252.0,NORMAL
37.65,52.43,800.09,47.06,22.56,279.74,RISING_RISK
43.08,52.64,958.02,46.36,26.57,344.78,RISING_RISK
28.73,45.42,833.03,49.15,24.29,306.97,NORMAL
48.16,64.76,1020.79,42.14,23.61,364.9,STAGNATION_PREDICTED
21.98,33.52,728.93,46.55,23.58,252.92,NORMAL
38.45,55.7,816.41,47.32,22.58,280.04,RISING_RISK
42.86,52.88,959.04,46.03,26.95,356.85,RISING_RISK
29.3,46.49,823.35,48.34,24.31,299.06,NORMAL
51.01,72.38,1020.03,41.94,24.06,362.72,STAGNATION_PREDICTED
20.89,34.04,722.59,47.13,23.19,248.3,NORMAL
38.52,59.37,837.6,46.66,22.14,277.96,RISING_RISK
40.8,55.82,975.4,46.29,26.49,365.75,RISING_RISK
28.25,44.42,802.0,47.83,24.59,285.04,NORMAL
47.75,74.27,1006.5,43.1,24.04,357.5,STAGNATION_PREDICTED
18.83,33.23,709.89,47.81,22.77,242.48,NORMAL
38.5,59.32,843.31,46.48,22.94,281.42,RISING_RISK
41.13,56.97,961.46,45.71,26.64,372.53,RISING_RISK
26.56,43.38,789.2,46.62,24.52,271.37,NORMAL
47.13,76.19,1013.06,44.25,24.47,368.71,STAGNATION_PREDICTED
17.26,33.85,689.15,46.44,22.91,224.44,NORMAL
38.6,60.38,862.05,45.74,22.96,284.47,RISING_RISK
42.58,59.16,963.53,46.12,26.7,383.89,RISING_RISK
26.42,40.87,784.6,47.28,24.12,270.59,NORMAL
47.49,76.56,996.67,46.35,24.19,372.67,RISING_RISK
18.01,29.33,682.8,46.26,22.81,219.56,NORMAL
41.06,59.46,864.4,45.53,22.55,287.16,RISING_RISK
43.44,60.73,977.66,45.33,26.73,385.71,RISING_RISK
26.08,37.14,770.3,47.98,24.46,272.2,NORMAL
48.72,76.94,1004.7,46.92,24.76,365.15,STAGNATION_PREDICTED
16.01,28.86,666.21,48.31,22.76,220.75,NORMAL
40.78,61.66,877.1,44.39,22.79,287.49,RISING_RISK
44.16,66.64,992.26,45.23,27.01,390.51,RISING_RISK
25.77,36.19,761.1,47.47,24.12,249.06,NORMAL
48.09,78.78,1017.35,47.97,25.01,368.57,STAGNATION_PREDICTED
16.77,31.55,664.38,47.75,22.86,212.06,NORMAL
39.13,57.24,875.84,44.71,22.48,290.38,RISING_RISK
46.58,67.72,993.37,46.58,26.96,397.18,RISING_RISK
24.39,38.07,742.7,48.08,24.23,243.7,NORMAL
48.26,80.45,1021.45,46.63,24.52,357.48,STAGNATION_PREDICTED
16.27,29.63,657.73,47.73,23.01,215.27,NORMAL
40.74,59.8,896.95,45.95,22.64,304.81,RISING_RISK
46.35,68.33,982.8,44.09,27.07,395.49,RISING_RISK
23.56,33.04,730.53,49.43,23.55,237.46,NORMAL
45.52,76.14,1001.3,47.43,24.63,346.5,STAGNATION_PREDICTED
18.21,25.9,650.38,48.1,23.14,217.33,NORMAL
40.54,60.6,908.66,47.38,22.78,320.08,RISING_RISK
45.54,66.67,977.27,43.59,26.75,375.79,RISING_RISK
26.08,31.41,704.38,46.25,23.39,227.9,NORMAL
44.4,71.07,968.95,46.84,24.63,336.63,RISING_RISK
17.73,26.32,638.56,46.53,23.25,211.99,NORMAL
42.85,62.99,911.6,46.42,22.38,333.09,RISING_RISK
42.14,68.2,946.64,43.37,26.72,374.85,RISING_RISK
28.56,31.17,689.47,47.7,23.47,228.85,NORMAL
42.83,70.43,959.49,45.82,25.02,316.8,RISING_RISK
17.06,24.49,633.92,47.53,22.96,205.43,NORMAL
38.76,61.65,919.94,45.14,22.71,331.4,RISING_RISK
46.15,67.6,910.93,43.61,26.57,357.76,RISING_RISK
26.11,28.13,669.03,48.43,23.67,224.77,NORMAL
41.73,68.9,932.38,45.43,25.28,308.55,RISING_RISK
18.01,23.91,623.48,47.01,23.51,196.85,NORMAL
39.93,64.94,929.32,45.73,22.62,330.85,RISING_RISK
45.72,67.08,889.75,43.73,26.23,350.85,RISING_RISK
26.55,25.64,670.8,48.83,23.59,220.23,NORMAL
41.4,68.78,902.34,46.76,25.5,316.08,RISING_RISK
18.1,27.67,616.63,46.32,23.78,195.12,NORMAL
38.54,59.34,904.61,45.12,22.92,319.44,RISING_RISK
44.91,64.62,866.84,44.33,25.93,339.18,RISING_RISK
26.61,23.83,656.56,46.5,23.71,206.99,NORMAL
36.69,65.47,896.35,46.28,26.16,307.88,RISING_RISK
18.08,28.27,606.96,43.72,23.76,177.71,NORMAL
37.59,54.68,881.51,44.82,22.6,316.93,RISING_RISK
44.04,61.18,848.19,44.12,25.66,329.52,RISING_RISK
24.89,28.2,645.03,44.68,23.6,208.04,NORMAL
35.97,62.72,886.56,47.68,26.2,306.59,RISING_RISK
17.74,26.93,604.46,44.72,23.64,187.5,NORMAL
37.31,53.69,871.52,44.46,22.54,310.84,RISING_RISK
43.53,61.29,829.34,43.45,25.35,314.76,RISING_RISK
22.48,28.74,629.49,44.45,23.66,208.39,NORMAL
35.29,61.45,863.36,46.87,26.44,293.21,RISING_RISK
17.94,21.95,592.24,44.95,23.88,179.59,NORMAL
35.11,49.65,853.79,44.35,22.34,308.85,RISING_RISK
41.67,62.16,813.66,45.08,25.54,306.31,RISING_RISK
23.08,28.38,616.23,44.41,23.6,199.59,NORMAL
36.26,57.86,857.75,47.77,26.0,306.17,RISING_RISK
15.53,22.62,605.35,45.37,23.55,177.99,NORMAL
32.39,46.34,844.84,44.77,22.54,302.02,NORMAL
40.04,62.19,794.94,43.72,25.68,292.13,RISING_RISK
23.08,29.18,617.01,43.26,23.48,202.32,NORMAL
37.02,56.28,845.0,49.1,26.22,316.03,RISING_RISK
13.77,21.34,584.39,44.72,23.19,176.07,NORMAL
31.45,46.09,815.42,44.79,22.44,290.03,NORMAL
39.46,62.38,766.7,45.72,25.78,295.25,RISING_RISK
22.92,27.62,605.99,43.38,23.61,192.86,NORMAL
36.14,55.88,824.3,49.19,25.63,317.82,RISING_RISK
16.48,21.55,607.22,44.99,22.48,187.25,NORMAL
29.15,43.04,806.55,44.5,22.62,291.29,NORMAL
39.34,62.19,777.67,44.26,25.75,298.96,RISING_RISK
21.36,27.68,587.02,43.51,23.15,198.39,NORMAL
35.31,54.35,808.52,48.48,25.1,302.98,RISING_RISK
17.62,21.02,627.02,43.62,22.09,193.83,NORMAL
28.37,37.46,780.54,45.48,22.88,282.02,NORMAL
42.02,66.67,801.73,45.42,26.5,306.64,RISING_RISK
19.63,32.28,576.21,44.51,22.97,192.85,NORMAL
34.52,53.38,782.25,47.82,25.29,291.31,RISING_RISK
18.39,25.62,638.84,43.95,22.16,192.04,NORMAL
28.68,34.57,766.4,43.18,23.06,274.75,NORMAL
44.34,66.45,811.92,43.1,26.77,309.72,RISING_RISK
22.82,27.64,574.14,43.18,22.99,193.5,NORMAL
34.1,52.88,772.36,47.35,25.23,284.12,RISING_RISK
17.4,31.79,653.81,43.21,22.84,202.84,NORMAL
23.86,34.32,762.1,42.62,23.29,272.84,NORMAL
44.56,66.45,820.69,40.75,26.94,311.99,RISING_RISK
20.89,27.54,576.14,45.1,23.54,188.1,NORMAL
35.56,49.78,747.12,47.74,25.69,280.15,RISING_RISK
20.25,33.6,682.47,41.81,23.3,208.55,NORMAL
26.11,30.54,747.91,42.1,23.47,263.1,NORMAL
42.48,67.94,841.23,41.09,26.6,315.96,RISING_RISK
18.69,28.79,585.37,46.81,24.13,187.88,NORMAL
35.83,45.01,745.16,47.84,24.97,269.68,RISING_RISK
22.18,36.29,704.74,40.68,23.68,218.23,NORMAL
26.92,29.17,737.04,44.19,23.22,250.42,NORMAL
42.05,69.66,871.04,41.1,27.17,321.05,RISING_RISK
14.94,28.28,580.49,44.91,24.29,181.22,NORMAL
38.67,45.16,744.17,48.22,25.11,260.33,RISING_RISK
22.76,38.2,710.79,41.24,23.15,240.18,NORMAL
23.81,28.3,728.8,45.1,23.54,240.7,NORMAL
43.09,69.78,886.07,39.55,27.06,327.42,RISING_RISK
15.2,26.5,578.65,43.39,24.38,182.86,NORMAL
35.93,46.87,740.76,46.7,25.09,261.84,RISING_RISK
25.48,39.56,731.29,41.33,22.89,249.97,NORMAL
22.78,27.19,717.01,45.47,22.86,228.35,NORMAL
44.15,73.1,908.13,40.51,26.9,328.29,RISING_RISK
18.06,25.32,582.08,43.12,23.82,182.36,NORMAL
34.77,46.28,737.63,45.23,25.21,258.34,NORMAL
28.42,39.31,760.23,42.15,22.64,250.85,NORMAL
23.5,29.03,704.92,45.36,22.16,220.59,NORMAL
43.19,70.85,903.48,38.9,26.84,335.64,RISING_RISK
19.05,25.05,572.39,45.05,24.09,177.33,NORMAL
34.04,42.4,726.23,46.07,25.1,256.49,NORMAL
29.67,39.57,760.02,42.93,22.59,255.5,NORMAL
23.29,26.56,692.63,45.52,22.65,211.55,NORMAL
43.48,74.72,921.72,39.77,26.13,327.0,RISING_RISK
18.07,22.32,565.29,44.3,23.52,179.18,NORMAL
33.09,37.82,719.08,45.26,25.06,254.21,NORMAL
30.61,40.78,767.36,43.89,22.67,259.83,NORMAL
21.22,24.97,678.06,44.6,23.36,211.72,NORMAL
45.13,76.85,932.88,40.7,25.76,330.99,RISING_RISK
16.42,20.48,561.9,44.37,23.32,182.47,NORMAL
36.67,40.38,733.11,43.5,25.39,260.76,RISING_RISK
28.13,39.16,795.41,44.64,22.49,265.77,NORMAL
19.64,26.39,674.74,45.32,23.92,210.54,NORMAL
45.74,73.85,937.36,40.62,25.54,329.57,RISING_RISK
15.58,20.64,573.87,44.84,23.15,183.58,NORMAL
38.09,43.35,739.87,43.98,25.09,272.58,RISING_RISK
29.18,40.23,827.94,43.95,22.39,272.13,NORMAL
19.97,24.4,664.16,43.87,24.53,218.11,NORMAL
48.01,72.62,940.76,39.93,25.1,337.98,RISING_RISK
16.14,19.13,568.0,44.45,23.39,178.5,NORMAL
36.94,43.24,758.23,42.9,24.64,288.43,RISING_RISK
31.04,43.01,843.21,43.1,22.77,284.94,NORMAL
17.15,23.83,651.47,43.04,25.2,217.35,NORMAL
48.16,73.63,956.02,39.55,25.23,339.01,RISING_RISK
14.57,19.31,566.5,44.34,23.54,173.46,NORMAL
37.66,46.43,785.99,42.97,23.91,298.0,RISING_RISK
31.27,44.7,864.63,43.87,22.87,287.39,NORMAL
20.24,26.02,676.05,41.77,24.91,230.1,NORMAL
47.59,74.07,962.32,41.39,25.18,338.66,RISING_RISK
15.42,22.27,585.33,44.57,23.0,179.68,NORMAL
37.1,47.65,794.02,44.4,23.96,302.69,RISING_RISK
34.7,47.51,876.74,41.49,22.6,288.1,NORMAL
20.88,26.62,699.26,41.05,24.7,229.93,NORMAL
45.07,70.3,963.5,42.21,25.01,341.67,RISING_RISK
17.23,20.22,576.26,44.01,23.36,187.11,NORMAL
38.44,45.69,803.87,44.09,23.67,308.66,RISING_RISK
35.35,48.32,887.21,42.22,22.35,294.74,RISING_RISK
22.62,26.79,720.09,40.88,25.08,243.0,NORMAL
44.74,69.75,958.64,41.53,25.19,352.66,RISING_RISK
13.64,17.47,570.14,43.46,23.14,187.2,NORMAL
42.15,47.18,811.02,43.71,23.7,322.29,RISING_RISK
35.45,50.96,890.46,44.2,22.67,306.7,RISING_RISK
23.9,28.04,725.38,41.3,24.71,259.73,NORMAL
44.74,71.57,986.56,40.52,24.62,358.74,RISING_RISK
12.11,17.11,566.06,42.06,23.65,192.59,NORMAL
42.3,45.73,798.94,44.1,23.37,336.21,RISING_RISK
34.83,53.39,897.73,44.88,22.85,305.67,RISING_RISK
24.65,28.45,735.29,42.11,24.21,265.91,NORMAL
44.28,73.22,995.02,39.06,24.33,351.74,RISING_RISK
12.48,14.49,561.75,41.9,23.76,189.77,NORMAL
43.32,49.66,811.32,45.77,23.29,346.3,RISING_RISK
35.86,55.57,911.21,44.68,23.31,309.69,RISING_RISK
25.82,29.11,761.19,42.37,23.61,274.93,NORMAL
45.36,72.25,999.2,39.18,24.88,356.31,RISING_RISK
10.91,15.73,567.2,41.05,23.76,186.7,NORMAL
44.26,49.8,840.75,45.36,23.34,347.19,RISING_RISK
35.07,57.51,932.95,45.45,23.4,318.82,RISING_RISK
26.66,29.22,786.62,42.11,23.28,282.98,NORMAL
45.26,71.89,1005.64,38.6,25.28,360.83,STAGNATION_PREDICTED
13.05,16.03,566.39,40.77,23.76,185.55,NORMAL
42.93,57.22,842.9,45.78,23.48,346.08,RISING_RISK
33.51,56.95,940.44,43.5,23.46,336.07,RISING_RISK
25.44,34.79,798.52,43.73,23.87,292.27,NORMAL
47.63,72.98,1014.15,39.31,24.96,363.23,STAGNATION_PREDICTED
15.45,16.73,560.5,40.77,24.37,194.21,NORMAL
43.9,60.95,860.0,46.06,23.39,342.64,RISING_RISK
36.43,58.03,930.58,43.35,23.77,339.9,RISING_RISK
25.95,38.04,814.91,44.89,23.27,313.77,NORMAL
48.07,73.31,1018.59,39.4,25.32,348.84,STAGNATION_PREDICTED
17.07,13.8,552.27,40.72,24.63,195.24,NORMAL
43.69,58.16,855.55,46.24,23.44,347.41,RISING_RISK
36.94,56.32,941.44,46.07,24.02,339.39,RISING_RISK
27.72,38.48,829.92,44.79,23.63,313.19,NORMAL
47.31,71.39,1033.98,39.82,25.32,359.52,STAGNATION_PREDICTED
17.66,15.15,560.26,41.33,24.89,198.13,NORMAL
43.98,58.25,872.03,45.1,23.36,349.92,RISING_RISK
36.28,56.41,948.74,44.38,24.45,344.57,RISING_RISK
29.46,39.02,842.14,44.27,23.35,315.51,NORMAL
46.66,76.04,1034.69,39.4,25.67,366.16,STAGNATION_PREDICTED
15.11,17.27,562.46,40.51,25.06,196.03,NORMAL
42.89,61.11,875.64,45.04,23.15,342.93,RISING_RISK
37.91,54.12,950.31,44.39,24.15,353.31,RISING_RISK
31.8,38.12,856.34,43.94,23.7,315.65,NORMAL
46.98,74.86,1047.86,38.16,25.46,364.6,STAGNATION_PREDICTED
14.99,22.27,586.14,41.22,24.86,212.2,NORMAL
42.25,59.93,889.33,44.74,22.82,333.62,RISING_RISK
41.97,54.61,957.89,42.98,24.2,357.25,RISING_RISK
33.47,39.12,856.29,45.29,23.42,312.39,NORMAL
46.13,71.49,1026.87,37.07,24.99,353.9,STAGNATION_PREDICTED
17.61,26.66,607.75,40.19,25.09,224.99,NORMAL
41.87,63.74,886.28,44.3,23.05,334.15,RISING_RISK
43.27,57.55,963.05,41.3,24.01,371.02,RISING_RISK
33.57,39.47,863.82,45.07,23.64,309.35,NORMAL
43.38,70.88,998.93,37.25,24.99,343.62,RISING_RISK
20.08,26.67,631.79,39.77,25.4,226.5,NORMAL
41.44,64.6,906.9,44.25,22.67,339.71,RISING_RISK
43.57,58.92,968.46,41.25,24.01,379.94,RISING_RISK
36.59,40.41,867.64,44.07,23.45,319.9,RISING_RISK
40.69,69.8,978.19,38.75,24.8,332.08,RISING_RISK
20.51,27.47,655.93,40.35,25.05,232.62,NORMAL
42.56,65.84,913.32,43.78,22.43,332.91,RISING_RISK
41.71,55.3,942.43,41.62,23.67,374.04,RISING_RISK
34.14,44.88,876.47,43.95,24.17,318.69,NORMAL
39.76,67.3,957.56,40.27,24.91,325.51,RISING_RISK
25.16,25.41,667.06,39.84,25.06,236.48,NORMAL
39.78,63.94,893.85,43.48,22.75,331.56,RISING_RISK
41.88,51.58,925.0,42.01,24.14,364.68,RISING_RISK
35.97,46.64,885.42,43.9,24.38,327.96,RISING_RISK
39.57,66.58,930.38,39.62,24.78,317.1,RISING_RISK
27.33,34.09,688.95,38.71,24.82,246.73,NORMAL
39.79,57.4,885.51,45.41,22.39,321.19,RISING_RISK
42.79,49.07,892.79,41.58,24.34,352.99,RISING_RISK
40.09,47.11,879.15,44.55,23.81,336.04,RISING_RISK
40.56,62.35,895.93,39.23,24.62,298.78,RISING_RISK
27.93,34.33,712.65,37.74,24.37,264.08,NORMAL
38.47,51.67,859.02,46.75,22.37,312.58,RISING_RISK
43.59,48.23,888.97,41.24,24.62,337.2,RISING_RISK
43.38,49.5,899.05,42.95,23.87,332.03,RISING_RISK
39.6,63.29,877.54,40.31,24.39,291.25,RISING_RISK
27.88,38.21,723.52,36.0,24.21,266.05,NORMAL
39.69,50.0,844.76,47.55,22.38,295.58,RISING_RISK
40.03,52.63,858.79,41.78,24.61,331.74,RISING_RISK
42.44,45.86,900.97,42.25,24.11,318.9,RISING_RISK
38.02,66.54,856.38,38.53,25.29,285.69,RISING_RISK
28.36,40.18,738.86,36.5,24.64,283.05,NORMAL
36.98,50.27,830.03,47.77,22.29,292.06,RISING_RISK
41.54,52.57,836.94,43.83,24.23,319.55,RISING_RISK
40.04,48.04,911.92,43.53,24.02,318.66,RISING_RISK
34.58,60.08,838.38,38.15,25.05,269.66,RISING_RISK
28.68,42.6,766.13,37.38,24.71,288.8,NORMAL
37.56,46.36,820.55,46.6,22.48,295.98,RISING_RISK
39.92,52.82,822.84,43.06,24.1,309.32,RISING_RISK
37.53,45.0,902.01,43.57,23.87,311.61,RISING_RISK
33.21,59.34,828.2,36.38,24.97,268.8,RISING_RISK
29.78,43.1,784.55,36.83,24.02,288.97,NORMAL
35.27,47.83,809.24,45.17,22.43,284.63,RISING_RISK
40.39,47.22,803.23,42.0,23.91,294.9,RISING_RISK
35.51,45.01,892.47,43.89,24.68,312.77,RISING_RISK
30.98,58.43,814.89,36.91,25.29,261.69,RISING_RISK
33.38,46.37,813.96,36.59,23.8,293.63,NORMAL
34.24,46.22,818.68,45.7,22.3,287.3,NORMAL
38.16,42.84,780.86,41.77,24.22,296.09,RISING_RISK
33.32,47.61,864.67,43.61,25.4,308.93,NORMAL
32.24,54.97,802.17,37.27,25.28,260.41,RISING_RISK
34.39,47.06,832.78,35.12,24.12,290.49,NORMAL
30.8,41.09,792.16,46.77,22.05,277.23,NORMAL
37.81,43.89,763.38,42.43,24.33,285.39,RISING_RISK
29.36,50.96,852.56,44.52,25.35,304.6,RISING_RISK
31.74,53.17,782.51,37.43,25.47,251.15,RISING_RISK
36.41,48.6,841.62,35.22,23.68,304.08,RISING_RISK
31.05,42.64,773.81,47.17,22.21,265.1,NORMAL
34.53,42.4,753.49,42.76,24.17,264.5,NORMAL
30.14,52.89,832.05,44.57,25.26,297.16,RISING_RISK
32.53,52.81,808.72,36.63,25.99,260.9,RISING_RISK
35.76,47.97,855.15,35.51,23.5,301.46,RISING_RISK
32.38,40.9,772.17,47.75,22.73,270.89,NORMAL
33.1,40.09,728.64,43.25,24.29,249.46,NORMAL
29.35,53.47,819.66,44.56,25.19,287.23,RISING_RISK
32.28,54.82,824.84,36.47,25.92,266.79,RISING_RISK
37.68,46.6,871.04,34.19,23.34,291.56,RISING_RISK
29.67,38.5,753.95,46.98,22.96,264.3,NORMAL
31.08,36.86,707.51,44.38,24.14,266.86,NORMAL
31.3,54.41,798.07,44.19,25.06,276.43,RISING_RISK
32.36,55.29,833.44,35.84,25.66,273.5,RISING_RISK
37.67,47.96,882.87,35.4,23.2,298.95,RISING_RISK
25.62,34.48,733.63,46.87,22.67,255.7,NORMAL
31.57,40.09,726.98,44.5,24.3,269.09,NORMAL
30.12,53.49,797.48,44.99,25.06,265.64,RISING_RISK
33.34,57.31,850.95,36.99,25.14,282.36,RISING_RISK
37.6,47.11,860.12,36.1,23.37,290.29,RISING_RISK
26.17,33.99,727.33,46.29,22.78,253.03,NORMAL
35.4,43.58,750.01,45.47,24.07,273.59,RISING_RISK
31.99,51.17,783.86,43.1,24.75,264.99,RISING_RISK
33.02,58.09,858.85,37.33,25.28,280.93,RISING_RISK
35.69,45.75,845.25,36.0,24.27,280.72,RISING_RISK
24.95,33.42,708.43,44.27,22.43,246.41,NORMAL
35.48,47.97,770.76,45.33,24.41,270.73,RISING_RISK
31.72,52.17,799.72,42.39,24.54,261.68,RISING_RISK
33.69,59.25,860.53,38.11,25.04,288.09,RISING_RISK
33.45,43.02,845.25,38.11,24.27,277.8,NORMAL
25.44,33.09,684.02,44.97,22.83,252.14,NORMAL
37.15,48.76,783.6,44.71,24.3,284.48,RISING_RISK
32.42,54.58,826.39,43.82,24.68,272.69,RISING_RISK
34.04,63.71,881.33,39.22,25.14,289.09,RISING_RISK
30.22,42.1,826.02,37.54,24.27,263.83,NORMAL
22.87,32.64,689.01,45.89,22.93,252.25,NORMAL
38.89,52.29,799.45,43.58,24.05,296.51,RISING_RISK
33.6,54.57,838.35,43.08,24.66,271.17,RISING_RISK
35.55,62.73,899.93,38.56,24.87,297.77,RISING_RISK
28.37,41.64,816.43,39.75,24.04,257.25,NORMAL
25.19,35.37,687.42,46.12,22.91,243.74,NORMAL
39.56,49.8,812.05,43.22,24.33,304.49,RISING_RISK
35.48,59.21,844.87,43.89,24.66,272.31,RISING_RISK
35.53,63.52,916.2,39.87,25.29,308.53,RISING_RISK
30.3,44.21,806.44,41.0,23.68,264.42,NORMAL
25.58,41.81,713.08,46.82,22.98,243.13,NORMAL
40.13,53.34,828.33,43.99,23.97,299.36,RISING_RISK
36.39,61.39,859.11,43.09,25.07,282.0,RISING_RISK
36.96,62.88,922.24,39.58,25.09,317.14,RISING_RISK
28.34,43.53,780.85,41.52,23.68,256.27,NORMAL
25.27,44.06,744.12,46.95,23.44,257.99,NORMAL
39.69,53.47,824.65,43.6,23.79,304.23,RISING_RISK
37.25,64.42,886.34,42.83,24.57,272.37,RISING_RISK
36.86,64.62,937.16,40.85,25.45,330.46,RISING_RISK
28.2,39.48,772.56,42.02,23.94,246.17,NORMAL
27.54,45.38,766.32,46.65,23.66,264.51,NORMAL
39.98,53.01,851.27,43.74,23.81,317.35,RISING_RISK
36.78,63.35,901.94,43.6,23.81,276.67,RISING_RISK
38.1,65.44,948.06,42.76,25.25,334.55,RISING_RISK
25.7,37.62,759.91,42.85,24.33,244.33,NORMAL
27.32,44.56,771.85,48.75,23.69,277.79,NORMAL
41.59,53.11,868.47,44.97,23.38,318.3,RISING_RISK
36.89,67.66,919.3,44.47,24.2,280.38,RISING_RISK
37.51,67.2,946.39,44.51,25.11,342.26,RISING_RISK
26.24,38.78,745.7,41.74,24.13,238.7,NORMAL
32.06,46.1,799.16,48.76,23.92,284.49,NORMAL
41.77,52.67,887.86,45.13,23.18,325.39,RISING_RISK
39.06,66.14,929.59,43.57,23.46,294.27,RISING_RISK
38.73,64.44,958.81,45.3,25.64,348.73,RISING_RISK
26.09,38.58,730.99,41.8,24.15,239.48,NORMAL
31.59,50.43,808.83,49.07,23.89,296.55,RISING_RISK
45.11,52.88,888.2,44.12,23.44,336.78,RISING_RISK
41.09,67.52,941.53,43.71,23.32,299.82,RISING_RISK
36.29,65.02,972.05,44.67,25.12,356.1,RISING_RISK
24.13,40.08,729.4,41.52,23.93,225.45,NORMAL
31.17,52.67,827.37,49.23,23.81,303.42,RISING_RISK
47.36,54.79,888.38,43.94,23.23,346.45,RISING_RISK
41.53,69.21,961.89,45.1,24.25,305.9,RISING_RISK
37.44,64.09,978.41,44.11,25.1,358.06,RISING_RISK
25.15,39.36,731.55,41.18,23.88,222.22,NORMAL
29.82,52.15,834.05,47.76,23.35,305.55,RISING_RISK
45.51,55.63,880.8,43.32,24.05,348.67,RISING_RISK
40.66,67.56,979.87,44.63,24.11,306.06,RISING_RISK
38.54,63.05,995.32,45.72,24.88,353.78,RISING_RISK
25.62,35.55,723.19,41.14,23.9,215.42,NORMAL
31.76,53.78,838.99,48.54,23.61,303.6,RISING_RISK
45.86,56.35,885.56,42.12,24.11,348.76,RISING_RISK
42.36,68.7,988.58,45.03,23.45,309.01,RISING_RISK
37.41,57.8,995.43,45.06,25.0,354.96,RISING_RISK
25.56,30.99,698.53,42.23,23.7,198.64,NORMAL
31.51,52.66,837.98,48.05,23.24,303.65,RISING_RISK
45.77,55.34,894.69,40.64,24.37,353.77,RISING_RISK
42.15,68.6,1007.89,43.45,23.53,318.68,STAGNATION_PREDICTED
38.91,55.47,1001.25,44.05,25.12,368.97,STAGNATION_PREDICTED
26.59,31.94,693.99,42.72,23.63,200.09,NORMAL
33.44,50.94,857.85,48.93,23.35,306.3,RISING_RISK
48.21,53.02,898.04,39.72,24.22,366.1,RISING_RISK
43.17,69.63,1015.08,43.5,23.62,333.54,STAGNATION_PREDICTED
40.1,54.85,992.45,42.86,25.16,359.79,RISING_RISK
23.52,28.11,662.24,42.76,23.32,202.25,NORMAL
33.37,54.41,877.24,48.32,23.51,320.01,RISING_RISK
47.7,55.31,918.4,39.58,24.38,368.52,RISING_RISK
43.44,71.46,1021.56,45.27,23.93,326.34,STAGNATION_PREDICTED
41.12,56.91,990.92,41.04,25.3,349.98,RISING_RISK
24.27,26.6,653.17,44.49,23.44,206.95,NORMAL
32.03,53.73,898.66,48.76,22.76,331.2,RISING_RISK
47.89,56.63,932.27,40.41,24.25,373.4,RISING_RISK
42.19,67.51,989.01,44.38,23.74,310.38,RISING_RISK
41.38,56.71,991.81,41.94,25.73,348.57,RISING_RISK
22.74,26.27,653.53,44.72,23.27,200.81,NORMAL
32.4,55.6,892.65,48.54,22.72,330.95,RISING_RISK
48.69,57.29,940.02,39.28,24.37,371.75,RISING_RISK
41.16,64.91,971.23,43.71,23.78,309.76,RISING_RISK
42.75,56.94,996.89,41.59,25.35,358.91,RISING_RISK
22.36,27.51,643.73,45.05,23.38,196.27,NORMAL
37.37,55.12,904.36,49.19,22.52,337.57,RISING_RISK
50.57,58.56,953.16,40.07,23.82,373.66,RISING_RISK
39.05,61.71,954.34,43.2,23.89,302.52,RISING_RISK
43.12,56.97,990.92,41.65,25.6,360.07,RISING_RISK
21.59,24.75,648.18,44.79,23.82,205.49,NORMAL
36.32,57.25,918.78,50.21,22.58,345.17,RISING_RISK
50.27,54.18,970.57,38.81,23.89,370.37,RISING_RISK
39.36,58.49,933.27,42.12,23.88,295.39,RISING_RISK
43.43,57.61,979.91,40.58,25.7,369.33,RISING_RISK
21.75,24.52,650.62,43.04,23.74,199.15,NORMAL
36.82,61.29,926.5,50.47,22.45,353.29,RISING_RISK
51.94,53.89,981.72,38.88,23.64,384.04,RISING_RISK
38.57,56.19,902.76,41.63,24.5,292.25,RISING_RISK
44.35,58.83,983.26,40.52,25.83,374.18,RISING_RISK
21.97,22.08,639.91,43.59,23.43,198.11,NORMAL
37.81,63.06,948.1,50.84,22.85,370.99,RISING_RISK
51.82,53.28,980.21,40.29,23.5,384.65,RISING_RISK
36.84,52.06,892.65,42.81,23.81,296.39,RISING_RISK
40.65,58.05,955.94,43.03,25.58,354.97,RISING_RISK
21.58,18.71,626.38,42.91,23.42,193.06,NORMAL
37.28,65.2,958.87,51.32,23.01,380.41,RISING_RISK
53.59,54.21,973.05,39.24,23.66,381.82,RISING_RISK
33.71,46.29,865.82,43.0,23.99,295.24,NORMAL
36.35,54.15,940.51,43.18,26.16,350.86,RISING_RISK
20.24,14.36,626.39,43.08,23.43,186.77,NORMAL
37.85,61.35,973.07,52.39,22.71,392.27,RISING_RISK
54.08,58.89,979.49,39.75,23.46,377.3,RISING_RISK
32.0,45.99,841.44,42.53,23.97,289.69,NORMAL
35.8,52.31,915.92,41.86,26.09,338.59,RISING_RISK
18.89,17.29,620.84,45.12,23.77,183.16,NORMAL
40.87,64.49,975.85,51.28,22.87,386.09,RISING_RISK
54.04,61.48,996.31,41.02,24.13,389.02,RISING_RISK
33.46,46.18,827.4,42.92,24.07,287.5,NORMAL
34.41,53.57,898.74,40.93,25.62,319.16,RISING_RISK
19.02,15.93,612.15,44.0,23.73,181.01,NORMAL
42.54,66.97,968.5,49.84,23.38,382.53,RISING_RISK
52.17,61.66,987.6,40.1,24.17,384.25,RISING_RISK
34.51,44.34,811.28,42.9,23.9,282.48,NORMAL
31.39,48.63,875.79,43.09,26.24,306.75,NORMAL
21.12,16.25,618.33,43.27,23.7,183.2,NORMAL
45.75,65.47,976.39,50.5,23.49,385.55,RISING_RISK
52.19,64.18,993.84,40.1,23.96,382.08,RISING_RISK
31.22,44.16,789.15,44.48,24.25,280.09,NORMAL
28.63,45.01,843.91,43.82,25.84,291.68,NORMAL
22.28,14.97,608.74,44.3,23.68,180.4,NORMAL
48.89,65.67,986.35,48.46,23.71,384.4,RISING_RISK
54.08,64.32,1005.54,41.39,23.78,383.97,STAGNATION_PREDICTED
31.18,44.48,777.92,44.04,24.23,273.35,NORMAL
25.63,44.69,833.48,42.79,25.5,292.39,NORMAL
22.12,14.41,598.15,42.72,23.3,177.25,NORMAL
48.32,65.53,987.72,46.4,24.08,381.22,RISING_RISK
53.12,66.76,1003.66,41.3,23.81,382.08,STAGNATION_PREDICTED
29.69,40.49,757.95,45.89,24.17,268.9,NORMAL
25.75,41.87,822.53,40.82,25.36,293.0,NORMAL
24.18,12.94,585.36,45.43,23.26,171.16,NORMAL
48.04,66.5,989.15,49.49,24.32,388.89,RISING_RISK
55.38,64.79,1007.39,42.08,23.44,378.38,STAGNATION_PREDICTED
28.69,40.45,747.73,47.77,25.17,268.79,NORMAL
26.57,38.56,816.32,41.58,24.84,277.02,NORMAL
23.43,14.97,583.61,46.46,22.88,178.41,NORMAL
46.72,67.95,998.96,49.47,24.16,391.44,RISING_RISK
53.96,68.05,1017.82,43.23,24.06,376.71,STAGNATION_PREDICTED
28.29,37.64,735.38,47.44,24.97,263.12,NORMAL
29.06,37.7,807.81,40.77,25.06,276.29,NORMAL
22.06,15.08,583.41,47.48,23.18,181.7,NORMAL
47.99,64.8,998.46,49.4,24.24,396.33,RISING_RISK
53.83,68.28,1020.04,42.86,23.61,374.52,STAGNATION_PREDICTED
29.73,35.65,722.08,45.41,24.42,243.86,NORMAL
26.85,36.69,787.86,42.26,24.85,270.46,NORMAL
24.16,16.19,583.91,46.18,23.23,176.79,NORMAL
50.31,65.46,1000.46,48.87,24.31,398.91,STAGNATION_PREDICTED
53.58,67.12,1022.35,42.21,23.34,372.04,STAGNATION_PREDICTED
28.76,31.33,693.27,44.06,24.18,236.24,NORMAL
24.4,39.71,761.88,42.92,24.9,261.94,NORMAL
29.05,15.36,580.68,47.15,23.35,169.69,NORMAL
50.12,63.16,1002.86,49.19,24.49,404.98,STAGNATION_PREDICTED
53.19,65.25,1023.96,43.39,23.15,375.43,STAGNATION_PREDICTED
29.28,32.33,687.18,45.57,24.44,231.4,NORMAL
22.56,36.14,741.59,45.53,25.02,261.98,NORMAL
29.02,18.6,580.04,45.36,23.43,166.61,NORMAL
48.12,66.63,1012.62,48.59,24.84,412.1,STAGNATION_PREDICTED
53.54,63.72,1023.55,42.97,23.32,368.61,STAGNATION_PREDICTED
29.41,33.49,669.99,45.34,24.08,239.75,NORMAL
21.81,36.22,728.84,44.9,24.46,266.28,NORMAL
26.36,18.48,594.34,44.87,23.04,158.55,NORMAL
48.71,65.47,1010.83,48.38,24.39,420.35,STAGNATION_PREDICTED
49.67,61.14,1010.78,42.44,23.37,366.87,STAGNATION_PREDICTED
29.31,35.81,657.56,45.87,24.23,235.59,NORMAL
24.56,35.65,709.27,45.04,24.47,258.72,NORMAL
27.0,18.02,586.35,44.1,23.19,161.03,NORMAL
47.11,66.77,1021.28,49.82,24.46,427.45,STAGNATION_PREDICTED
48.81,56.18,979.44,42.69,22.56,366.78,RISING_RISK
29.96,30.46,651.5,45.98,24.58,241.47,NORMAL
23.69,33.6,704.32,44.34,24.46,250.65,NORMAL
24.68,17.34,594.17,44.25,23.39,160.48,NORMAL
47.37,63.61,978.51,49.59,24.13,414.75,RISING_RISK
47.42,56.18,958.49,43.15,22.57,359.41,RISING_RISK
26.34,29.74,644.38,45.82,24.67,244.54,NORMAL
20.08,33.15,692.0,45.04,24.86,248.99,NORMAL
25.18,20.23,587.72,43.9,23.58,159.79,NORMAL
45.5,57.74,953.06,50.06,23.69,405.1,RISING_RISK
45.74,52.63,925.15,45.45,22.42,347.58,RISING_RISK
28.26,30.12,640.41,45.28,25.45,232.89,NORMAL
19.36,30.61,678.97,47.75,25.36,250.75,NORMAL
22.92,16.7,575.29,43.01,23.59,168.72,NORMAL
45.58,55.32,926.83,51.74,23.41,400.86,RISING_RISK
43.72,51.22,901.53,46.15,22.94,343.82,RISING_RISK
27.22,30.89,632.22,44.14,25.12,230.92,NORMAL
19.58,31.21,663.69,46.77,25.74,244.68,NORMAL
23.23,15.35,567.22,42.67,22.62,156.33,NORMAL
44.43,55.98,897.75,51.49,23.61,394.9,RISING_RISK
43.3,43.5,878.11,47.14,23.26,333.68,RISING_RISK
26.24,33.11,624.43,44.82,25.11,231.97,NORMAL
21.22,28.89,648.76,47.6,25.67,248.42,NORMAL
24.13,17.95,564.3,41.81,23.18,154.53,NORMAL
41.6,53.36,889.22,52.38,23.23,381.35,RISING_RISK
42.64,42.26,843.02,46.33,23.59,340.67,RISING_RISK
22.04,32.75,615.43,44.82,25.13,226.26,NORMAL
22.13,30.11,655.45,48.0,25.96,245.34,NORMAL
22.46,18.98,573.95,41.67,22.9,155.96,NORMAL
39.17,48.67,877.03,52.16,22.92,374.72,RISING_RISK
39.11,44.5,828.83,47.11,23.87,335.62,RISING_RISK
22.6,31.13,620.45,45.18,25.13,225.48,NORMAL
21.18,29.42,636.3,45.47,25.76,233.01,NORMAL
18.64,15.98,570.65,41.13,22.79,158.55,NORMAL
38.38,48.23,866.48,52.05,23.03,353.73,RISING_RISK
38.61,43.41,805.93,48.54,24.2,331.58,RISING_RISK
21.79,31.19,617.77,44.78,25.37,224.33,NORMAL
17.85,27.01,629.95,46.71,25.5,234.85,NORMAL
16.45,11.95,560.47,40.98,23.16,159.1,NORMAL
38.96,42.84,829.75,52.7,23.1,351.72,RISING_RISK
37.94,46.48,788.11,47.73,23.96,317.25,RISING_RISK
20.33,29.3,610.53,44.63,24.91,223.28,NORMAL
18.59,27.25,628.76,46.24,25.63,233.25,NORMAL
17.41,11.97,558.17,40.93,23.03,162.93,NORMAL
40.04,39.28,819.82,52.88,22.99,346.67,RISING_RISK
34.67,44.44,779.97,48.3,24.17,312.57,NORMAL
20.96,26.03,602.99,45.25,24.92,225.44,NORMAL
20.17,25.62,621.67,46.5,25.76,240.14,NORMAL
14.94,8.85,553.25,42.37,22.63,166.1,NORMAL
37.34,34.64,795.65,52.55,22.92,339.64,RISING_RISK
35.67,39.97,765.53,46.98,24.35,300.08,RISING_RISK
21.83,27.75,628.5,43.7,24.9,231.05,NORMAL
17.54,25.89,616.95,44.98,25.34,227.01,NORMAL
14.52,6.84,554.52,42.7,22.64,171.69,NORMAL
37.88,30.85,781.99,52.32,22.83,327.68,RISING_RISK
34.53,41.11,760.99,49.05,24.06,296.71,NORMAL
23.83,27.35,650.07,41.87,25.0,242.45,NORMAL
17.32,24.18,600.82,45.23,24.48,236.46,NORMAL
12.13,5.09,555.58,43.53,22.62,165.94,NORMAL
37.53,30.83,757.13,50.63,22.73,318.29,RISING_RISK
33.87,42.0,753.54,50.31,24.52,287.2,NORMAL
25.78,32.39,669.8,43.17,25.29,252.79,NORMAL
16.59,26.17,598.8,45.61,24.37,227.43,NORMAL
10.65,4.76,551.1,42.22,22.77,168.92,NORMAL
38.84,32.57,778.03,51.87,22.71,315.84,RISING_RISK
31.97,41.06,743.44,49.09,24.14,279.8,NORMAL
26.45,33.63,696.34,42.69,25.45,255.49,NORMAL
18.41,24.56,587.57,46.85,24.34,228.38,NORMAL
13.35,0.68,555.39,42.3,22.8,162.92,NORMAL
41.25,36.48,797.69,52.33,22.31,325.28,RISING_RISK
32.18,41.72,731.78,47.67,24.32,273.09,NORMAL
28.24,35.09,712.42,43.1,25.06,259.22,NORMAL
19.19,28.79,586.15,47.81,24.61,223.2,NORMAL
13.24,0.87,562.39,41.62,23.22,163.65,NORMAL
42.6,38.16,823.88,54.58,22.49,337.83,RISING_RISK
28.38,40.22,714.24,48.8,24.56,265.86,NORMAL
30.26,33.97,728.34,42.84,24.89,263.36,NORMAL
21.09,28.48,571.85,48.46,24.36,219.09,NORMAL
12.2,0,559.69,41.88,23.23,159.67,NORMAL
41.21,41.88,842.27,54.32,22.58,344.32,RISING_RISK
28.09,41.93,697.95,48.14,24.85,253.44,NORMAL
30.01,35.46,750.42,42.21,24.5,281.02,NORMAL
22.08,30.85,568.45,49.42,23.96,224.0,NORMAL
12.25,3.67,548.99,41.72,22.73,160.38,NORMAL
40.41,43.34,860.72,54.13,22.64,353.92,RISING_RISK
28.91,40.35,697.43,47.32,25.08,252.09,NORMAL
31.05,34.52,769.59,43.96,24.1,282.26,NORMAL
19.0,32.3,573.46,48.53,23.79,212.63,NORMAL
14.85,5.18,575.74,42.44,22.9,176.48,NORMAL
38.61,47.3,868.55,53.57,22.28,357.66,RISING_RISK
25.71,42.36,692.1,47.45,25.35,246.88,NORMAL
29.81,36.4,788.13,44.07,23.92,292.62,NORMAL
16.02,30.04,574.14,48.14,24.15,200.42,NORMAL
16.9,5.36,606.2,41.51,22.99,175.85,NORMAL
41.08,46.68,878.31,53.66,22.29,362.99,RISING_RISK
26.91,41.44,685.74,46.61,25.43,245.05,NORMAL
33.04,38.1,826.2,45.09,24.12,292.32,NORMAL
14.29,29.61,567.28,47.7,24.24,199.3,NORMAL
19.06,7.87,630.37,41.91,23.47,195.09,NORMAL
44.1,48.79,891.54,53.27,22.58,367.64,RISING_RISK
26.79,37.08,682.86,46.1,25.41,240.95,NORMAL
35.33,39.19,845.01,46.26,24.11,300.27,RISING_RISK
14.43,28.92,553.29,48.08,24.17,202.47,NORMAL
20.41,9.42,650.03,40.58,23.39,195.07,NORMAL
44.92,46.41,893.25,54.54,22.43,370.43,RISING_RISK
27.21,35.98,681.62,46.02,24.72,240.89,NORMAL
37.45,43.94,867.67,47.64,24.03,312.83,RISING_RISK
14.78,31.93,544.41,48.01,24.36,216.76,NORMAL
19.24,15.53,668.48,40.06,22.75,207.3,NORMAL
45.92,45.58,903.41,54.81,22.51,374.95,RISING_RISK
25.69,36.66,656.35,45.7,24.7,230.13,NORMAL
40.09,43.58,877.78,48.12,23.63,322.44,RISING_RISK
13.4,30.46,546.42,48.27,24.61,218.11,NORMAL
19.84,20.33,698.4,40.52,22.71,214.46,NORMAL
45.39,45.63,918.89,55.48,23.15,381.0,RISING_RISK
24.78,34.68,642.92,47.34,24.58,236.33,NORMAL
41.53,46.53,897.05,47.16,23.44,325.9,RISING_RISK
13.31,28.8,545.65,46.75,24.49,211.58,NORMAL
22.7,22.17,727.17,40.23,22.45,233.58,NORMAL
44.02,43.36,931.47,56.27,23.48,384.51,RISING_RISK
24.57,34.83,637.32,48.99,24.67,239.53,NORMAL
40.56,49.64,912.38,46.96,23.69,327.15,RISING_RISK
10.95,28.17,551.03,47.62,24.97,217.92,NORMAL
23.88,21.83,732.72,41.4,22.74,237.92,NORMAL
45.56,46.7,945.31,55.68,23.57,393.13,RISING_RISK
21.43,34.0,631.94,47.66,25.05,233.71,NORMAL
39.0,49.64,900.26,45.66,23.92,337.84,RISING_RISK
10.96,26.77,564.45,48.03,24.63,221.09,NORMAL
26.67,23.24,749.2,42.09,22.98,245.38,NORMAL
46.14,46.18,961.46,55.82,23.09,389.1,RISING_RISK
21.06,35.99,623.81,46.61,24.93,222.2,NORMAL
40.64,52.1,910.74,45.51,24.16,349.5,RISING_RISK
8.22,26.58,580.55,46.95,24.8,196.25,NORMAL
27.27,25.02,775.99,42.17,23.28,255.35,NORMAL
47.19,47.54,957.51,55.16,23.81,370.82,RISING_RISK
22.08,33.14,627.33,46.11,24.5,213.97,NORMAL
39.63,56.33,924.49,46.13,24.44,358.81,RISING_RISK
9.54,30.36,588.41,45.1,24.33,186.48,NORMAL
31.5,29.11,793.42,41.64,23.01,260.2,NORMAL
43.5,50.46,977.23,55.1,23.7,367.88,RISING_RISK
22.41,29.5,617.56,46.28,24.6,218.63,NORMAL
41.62,59.44,930.25,45.44,24.02,355.45,RISING_RISK
8.56,35.3,598.89,44.73,24.3,179.63,NORMAL
33.79,28.49,813.62,42.35,22.61,278.69,NORMAL
43.02,52.28,990.3,54.44,24.42,364.77,RISING_RISK
19.71,29.35,608.51,46.19,24.86,217.33,NORMAL
41.72,57.78,916.78,45.71,23.94,344.89,RISING_RISK
8.38,31.51,591.4,42.46,23.97,175.96,NORMAL
35.6,30.53,841.43,42.78,22.41,283.05,RISING_RISK
42.83,56.52,993.46,54.65,24.2,369.07,RISING_RISK
18.43,31.96,601.14,46.11,24.68,205.19,NORMAL
38.89,55.98,893.5,47.78,24.14,340.22,RISING_RISK
10.56,30.4,580.04,44.06,24.29,171.09,NORMAL
37.76,32.49,857.23,42.99,23.03,287.89,RISING_RISK
40.98,51.38,969.57,54.42,24.3,354.9,RISING_RISK
18.13,33.03,599.91,48.34,24.53,207.28,NORMAL
36.51,54.17,869.93,49.63,24.32,331.54,RISING_RISK
10.9,25.98,574.65,44.1,24.12,178.1,NORMAL
38.46,33.55,870.12,42.83,22.74,307.56,RISING_RISK
38.93,49.39,940.15,54.2,24.28,338.29,RISING_RISK
18.61,29.52,597.39,47.93,24.6,208.17,NORMAL
33.84,53.61,842.22,48.45,24.32,321.18,RISING_RISK
12.9,26.56,575.99,43.28,24.35,178.77,NORMAL
41.18,33.55,875.55,43.53,22.44,312.33,RISING_RISK
37.08,48.1,925.73,55.89,24.02,335.67,RISING_RISK
19.54,29.73,598.41,46.8,24.48,198.67,NORMAL
30.18,48.8,826.68,48.04,24.28,315.2,NORMAL
14.04,26.44,567.74,43.79,24.56,170.16,NORMAL
41.74,38.1,881.36,41.91,22.41,321.68,RISING_RISK
36.73,47.86,896.25,54.58,24.06,328.02,RISING_RISK
19.12,29.89,605.32,46.96,24.36,194.68,NORMAL
31.79,45.86,808.99,48.48,23.71,304.69,NORMAL
12.89,26.51,558.18,43.94,24.55,168.52,NORMAL
42.1,38.4,908.65,41.13,22.88,325.11,RISING_RISK
36.68,46.84,881.41,54.63,24.04,316.79,RISING_RISK
21.82,31.28,607.12,47.83,24.19,202.03,NORMAL
29.16,45.3,790.1,47.04,23.35,291.38,NORMAL
11.47,29.44,559.26,43.92,24.72,168.84,NORMAL
43.39,39.94,910.89,41.6,22.98,320.22,RISING_RISK
38.94,42.95,879.07,54.88,23.61,307.6,RISING_RISK
23.35,32.9,591.92,49.04,23.78,213.68,NORMAL
26.73,44.94,763.35,46.85,23.17,280.34,NORMAL
13.72,28.16,569.23,47.07,24.71,176.85,NORMAL
45.46,41.68,911.53,41.58,23.12,321.75,RISING_RISK
39.81,45.17,858.0,53.72,23.12,294.77,RISING_RISK
23.05,31.43,585.36,49.36,23.77,220.46,NORMAL
24.3,44.61,744.42,47.59,23.53,271.91,NORMAL
14.53,25.47,568.36,47.17,24.85,174.51,NORMAL
47.25,44.22,928.14,41.07,22.83,329.77,RISING_RISK
41.78,47.84,835.36,54.76,23.06,291.35,RISING_RISK
21.76,28.33,599.64,47.58,23.89,215.56,NORMAL
23.09,45.43,738.27,47.31,23.5,256.63,NORMAL
14.36,21.53,565.68,47.6,24.53,177.39,NORMAL
49.53,47.21,935.54,40.07,22.71,334.41,RISING_RISK
40.93,46.13,815.2,53.49,23.54,280.56,RISING_RISK
23.38,30.6,605.2,47.97,24.19,216.32,NORMAL
20.88,42.84,739.38,47.34,23.62,252.96,NORMAL
12.14,24.89,560.94,48.94,24.92,177.77,NORMAL
50.06,47.32,939.51,39.59,22.72,345.35,RISING_RISK
37.56,50.22,795.04,54.41,23.87,277.19,RISING_RISK
19.63,25.04,581.54,47.28,24.6,210.8,NORMAL
18.05,38.84,737.0,47.39,24.03,244.09,NORMAL
10.61,22.8,561.53,50.01,25.0,189.04,NORMAL
51.32,49.97,944.08,40.3,22.62,352.81,RISING_RISK
39.12,50.7,801.36,54.9,23.85,281.86,RISING_RISK
18.45,24.05,585.41,48.62,24.74,215.07,NORMAL
17.31,34.92,743.22,47.91,23.78,234.58,NORMAL
9.18,20.66,561.05,51.43,24.99,196.79,NORMAL
52.94,50.91,952.59,41.11,22.7,355.58,RISING_RISK
40.12,52.78,817.72,54.61,23.95,286.6,RISING_RISK
18.67,23.0,584.61,48.12,24.93,206.64,NORMAL
17.42,34.29,739.14,48.04,23.73,235.43,NORMAL
11.05,18.4,559.76,52.36,24.92,187.93,NORMAL
50.46,52.85,935.02,40.54,22.32,341.08,RISING_RISK
42.23,53.13,829.51,52.95,23.62,290.04,RISING_RISK
19.16,19.94,579.72,49.64,24.88,209.34,NORMAL
17.08,34.9,727.82,48.69,23.47,233.42,NORMAL
10.48,21.48,539.88,51.45,24.99,182.3,NORMAL
48.5,53.81,916.34,40.48,22.11,325.62,RISING_RISK
42.85,56.46,833.83,50.85,23.55,289.6,RISING_RISK
19.8,15.03,578.5,47.72,25.01,196.35,NORMAL
17.29,33.82,727.6,48.94,24.43,226.63,NORMAL
8.03,19.71,541.52,52.48,24.52,180.02,NORMAL
46.02,53.54,932.89,40.65,22.08,317.87,RISING_RISK
45.43,60.81,840.86,50.55,23.58,299.97,RISING_RISK
18.38,15.17,576.41,48.08,24.92,186.21,NORMAL
16.99,34.85,708.77,46.51,23.93,212.97,NORMAL
8.88,23.91,542.26,52.08,24.95,178.45,NORMAL
46.2,54.8,932.29,41.5,22.19,317.68,RISING_RISK
46.35,61.82,857.53,51.72,24.0,305.67,RISING_RISK
20.6,14.06,565.76,47.69,24.47,184.97,NORMAL
17.24,33.26,690.64,47.25,23.96,215.62,NORMAL
9.26,22.36,531.54,52.15,24.93,178.11,NORMAL
46.76,56.31,954.67,40.62,22.14,319.64,RISING_RISK
46.42,61.32,867.53,49.34,23.75,307.25,RISING_RISK
18.99,13.02,574.3,46.55,24.61,189.1,NORMAL
16.2,32.25,683.28,48.33,24.19,214.71,NORMAL
6.97,18.53,537.66,51.32,24.67,185.51,NORMAL
47.82,59.0,971.47,41.6,21.89,318.56,RISING_RISK
44.28,65.63,876.42,48.89,23.39,308.46,RISING_RISK
18.52,16.74,574.96,46.81,24.51,190.09,NORMAL
13.96,33.6,680.3,48.97,24.0,203.78,NORMAL
6.1,13.37,538.18,52.54,24.86,189.07,NORMAL
50.21,63.71,977.36,42.11,21.79,321.98,RISING_RISK
45.41,68.07,883.4,48.74,23.1,317.2,RISING_RISK
19.32,18.71,579.08,45.89,24.76,183.35,NORMAL
12.14,34.01,670.93,50.33,23.61,206.78,NORMAL
5.06,11.64,540.74,52.48,24.47,186.08,NORMAL
48.57,63.44,984.03,42.19,21.58,333.16,RISING_RISK
44.82,69.18,909.52,47.74,23.11,319.68,RISING_RISK
17.8,20.23,571.86,46.08,25.15,176.24,NORMAL
10.55,33.92,684.21,50.43,23.37,207.38,NORMAL
6.34,14.3,541.28,51.9,24.36,176.86,NORMAL
47.21,65.76,993.85,41.33,21.74,330.03,RISING_RISK
45.39,69.92,925.68,46.82,23.72,322.62,RISING_RISK
17.81,17.92,568.39,47.18,24.79,167.5,NORMAL
9.23,33.82,673.65,51.66,23.29,211.94,NORMAL
3.01,12.39,543.59,51.63,24.54,170.37,NORMAL
46.93,67.44,990.43,42.97,22.37,340.73,RISING_RISK
45.24,69.61,945.0,47.76,23.94,322.64,RISING_RISK
19.05,20.94,564.59,46.75,25.05,168.78,NORMAL
8.95,30.58,673.5,50.86,23.16,208.33,NORMAL
3.42,8.68,535.57,50.83,24.63,172.08,NORMAL
46.18,71.93,999.22,42.67,22.61,334.65,RISING_RISK
47.31,69.77,944.83,47.67,24.19,320.7,RISING_RISK
20.96,21.48,553.68,47.2,24.4,161.23,NORMAL
9.42,29.2,659.0,50.28,23.22,207.42,NORMAL
0.61,10.95,523.91,49.87,24.84,169.74,NORMAL
45.38,69.14,1003.81,44.21,22.35,342.15,STAGNATION_PREDICTED
48.93,66.66,955.36,48.33,23.99,326.32,RISING_RISK
19.85,21.72,582.26,47.65,24.37,181.41,NORMAL
9.09,29.21,664.62,50.21,23.43,204.47,NORMAL
0.16,9.42,515.68,47.87,25.41,164.57,NORMAL
43.99,70.27,1000.83,44.02,22.56,350.95,STAGNATION_PREDICTED
46.83,65.07,961.36,49.16,23.95,337.88,RISING_RISK
22.86,23.89,606.2,48.31,24.4,204.9,NORMAL
5.73,28.81,653.01,52.2,23.24,217.31,NORMAL
4.26,10.16,516.74,49.22,25.6,167.51,NORMAL
43.87,68.08,1008.31,43.33,22.4,356.14,STAGNATION_PREDICTED
47.86,64.35,964.64,48.98,24.45,332.79,RISING_RISK
25.65,27.4,636.79,48.39,24.3,214.09,NORMAL
4.11,28.98,645.41,54.19,23.15,220.77,NORMAL
2.07,5.0,512.32,49.85,25.49,165.73,NORMAL
46.2,73.74,1009.32,43.2,22.76,358.07,STAGNATION_PREDICTED
45.61,65.95,972.13,48.32,24.31,338.17,RISING_RISK
28.83,29.16,676.41,49.74,24.42,224.52,NORMAL
4.58,28.79,642.75,53.7,22.92,209.38,NORMAL
4.3,3.62,506.03,50.41,26.01,164.38,NORMAL
45.05,73.89,1018.17,46.39,22.71,372.98,STAGNATION_PREDICTED
44.46,68.59,974.03,48.4,24.39,338.66,RISING_RISK
28.46,30.1,708.77,51.63,24.16,236.39,NORMAL
5.22,28.42,637.36,53.55,22.58,200.65,NORMAL
5.49,7.59,520.99,53.24,25.69,182.12,NORMAL
45.11,77.07,1028.39,45.54,22.61,371.35,STAGNATION_PREDICTED
44.7,69.26,984.78,50.52,24.49,347.31,RISING_RISK
28.43,32.26,730.22,53.28,23.63,247.27,NORMAL
5.36,25.39,631.65,52.34,22.88,206.11,NORMAL
3.18,9.25,521.39,51.78,25.26,178.98,NORMAL
41.2,71.85,1001.73,47.81,22.69,375.04,STAGNATION_PREDICTED
44.64,70.51,988.19,50.33,24.93,352.29,RISING_RISK
30.1,36.31,754.45,54.09,23.61,262.59,NORMAL
0.91,25.66,618.03,51.5,22.68,194.82,NORMAL
4.75,12.51,529.9,50.11,26.1,177.0,NORMAL
39.98,69.3,970.41,47.51,23.26,357.6,RISING_RISK
46.95,69.59,1003.83,49.4,25.02,344.71,STAGNATION_PREDICTED
32.13,38.88,763.04,54.09,23.76,273.3,NORMAL
1.44,26.71,617.09,50.47,22.07,199.82,NORMAL
6.5,12.98,525.37,51.01,26.12,179.77,NORMAL
39.27,66.84,947.07,49.17,23.4,347.63,RISING_RISK
46.62,72.77,1004.53,49.17,25.49,353.36,STAGNATION_PREDICTED
33.33,38.39,777.66,54.38,23.75,286.6,NORMAL
0.98,27.85,618.61,49.46,22.07,197.96,NORMAL
5.95,16.86,529.27,52.8,25.77,199.44,NORMAL
40.34,65.37,917.54,49.54,23.72,342.71,RISING_RISK
46.65,72.37,1000.6,48.76,25.7,354.78,STAGNATION_PREDICTED
36.03,42.15,802.66,55.31,23.42,290.94,RISING_RISK
1.11,31.77,621.32,48.62,22.16,207.51,NORMAL
5.77,19.0,524.61,52.37,26.36,176.77,NORMAL
38.03,61.37,906.5,47.91,23.67,342.55,RISING_RISK
47.42,71.29,1014.33,49.27,26.39,360.21,STAGNATION_PREDICTED
36.17,43.17,819.31,54.31,23.84,305.36,RISING_RISK
2.06,31.99,609.65,48.59,22.26,203.35,NORMAL
6.53,18.42,523.68,52.26,26.06,181.62,NORMAL
36.8,58.2,879.22,47.16,23.4,322.49,RISING_RISK
47.79,72.75,1013.38,48.85,26.16,356.9,STAGNATION_PREDICTED
36.99,41.49,840.71,54.09,23.63,315.58,RISING_RISK
3.7,28.51,619.02,48.56,22.18,193.2,NORMAL
8.62,18.63,531.04,51.1,25.48,183.43,NORMAL
37.6,53.6,865.26,46.26,23.42,322.61,RISING_RISK
46.71,72.31,1013.88,50.05,26.09,372.18,STAGNATION_PREDICTED
37.54,44.72,851.62,53.53,23.89,319.81,RISING_RISK
2.32,26.92,630.63,50.7,22.08,208.18,NORMAL
6.52,19.05,536.74,51.95,25.28,192.7,NORMAL
34.22,52.94,856.61,45.67,23.78,311.31,RISING_RISK
47.45,71.39,1031.74,48.09,25.93,361.21,STAGNATION_PREDICTED
36.7,47.76,854.8,52.52,23.42,315.14,RISING_RISK
3.41,26.96,622.15,50.76,22.04,207.06,NORMAL
2.91,19.97,539.54,51.35,25.44,186.3,NORMAL
31.11,52.28,836.65,45.24,24.1,305.23,RISING_RISK
50.71,74.51,1034.96,48.93,25.48,365.58,STAGNATION_PREDICTED
37.11,50.5,868.17,51.54,23.58,310.1,RISING_RISK
2.95,26.51,603.3,50.31,22.05,199.08,NORMAL
2.52,21.1,537.99,51.1,25.58,185.18,NORMAL
31.54,53.85,823.14,43.84,23.61,298.39,RISING_RISK
50.08,72.37,1038.86,47.67,25.43,367.94,STAGNATION_PREDICTED
37.36,52.84,874.05,50.96,23.51,321.23,RISING_RISK
3.49,27.48,615.11,50.85,21.85,207.91,NORMAL
3.49,18.89,549.68,49.45,25.12,185.3,NORMAL
28.81,55.13,794.38,43.95,23.47,288.88,RISING_RISK
48.29,72.22,1025.04,46.97,25.7,364.29,STAGNATION_PREDICTED
37.28,58.03,894.14,52.34,23.6,326.68,RISING_RISK
2.78,27.06,608.04,51.84,22.18,215.54,NORMAL
4.3,16.8,534.71,48.5,24.7,180.86,NORMAL
27.66,55.88,774.32,45.13,23.51,288.27,RISING_RISK
46.49,73.54,1026.16,45.6,25.87,363.34,STAGNATION_PREDICTED
37.58,59.67,908.56,53.44,23.28,330.29,RISING_RISK
5.03,24.88,616.07,52.65,22.39,215.89,NORMAL
2.54,14.86,542.54,48.15,24.4,186.77,NORMAL
27.59,52.7,771.08,44.97,23.3,286.56,RISING_RISK
47.97,77.47,1012.69,45.1,25.63,358.18,STAGNATION_PREDICTED
37.7,57.83,894.41,52.68,23.1,322.69,RISING_RISK
3.44,26.57,622.15,51.67,22.25,217.73,NORMAL
2.27,17.05,548.83,47.85,24.56,180.87,NORMAL
28.5,50.73,754.46,47.05,22.92,284.06,RISING_RISK
47.69,76.79,1014.96,46.42,25.54,370.57,STAGNATION_PREDICTED
38.86,55.12,868.66,51.14,23.08,313.72,RISING_RISK
4.44,26.94,624.18,52.76,22.71,215.64,NORMAL
2.73,17.69,533.27,48.26,24.79,172.62,NORMAL
27.36,47.67,750.1,45.4,22.85,272.28,NORMAL
45.29,72.64,1004.1,47.25,25.12,366.02,STAGNATION_PREDICTED
39.31,55.14,838.63,50.6,23.31,313.82,RISING_RISK
5.85,28.28,622.46,53.53,22.83,218.53,NORMAL
3.31,15.48,527.03,48.58,24.37,180.74,NORMAL
24.85,47.54,736.97,47.22,22.73,270.22,NORMAL
47.04,71.62,989.7,44.13,25.08,345.0,RISING_RISK
37.91,50.91,824.67,48.75,23.19,299.85,RISING_RISK
5.99,29.84,623.57,53.43,22.35,210.25,NORMAL
2.61,14.86,521.96,48.33,24.32,182.09,NORMAL
24.14,46.45,728.52,46.96,22.65,261.22,NORMAL
43.63,66.76,970.5,43.94,24.72,332.14,RISING_RISK
37.0,51.56,812.2,48.38,22.95,293.0,RISING_RISK
8.15,27.31,616.08,53.49,22.98,202.25,NORMAL
3.96,17.48,519.87,46.82,24.29,175.82,NORMAL
24.64,44.72,704.45,46.84,22.44,253.33,NORMAL
39.67,61.59,958.25,43.14,25.06,320.22,RISING_RISK
37.4,51.1,794.13,49.47,22.97,291.81,RISING_RISK
9.16,25.54,616.69,52.4,23.25,204.35,NORMAL
4.62,18.91,515.68,46.56,24.09,183.27,NORMAL
22.99,46.06,696.52,46.89,23.25,244.48,NORMAL
35.67,61.28,936.51,44.36,24.99,313.17,RISING_RISK
33.42,47.82,792.38,49.93,22.69,280.82,NORMAL
8.66,29.01,614.98,53.87,23.17,208.67,NORMAL
7.15,20.64,515.57,47.72,24.16,193.06,NORMAL
21.39,44.9,670.5,46.51,23.29,220.82,NORMAL
33.98,59.7,904.19,44.82,24.72,309.84,RISING_RISK
35.38,44.57,780.1,48.96,22.66,276.45,RISING_RISK
8.14,26.92,604.77,53.28,22.95,201.45,NORMAL
8.13,23.6,519.91,48.78,24.3,197.14,NORMAL
22.74,43.36,656.86,45.54,23.05,217.56,NORMAL
32.35,62.31,884.75,44.28,24.58,304.42,RISING_RISK
34.28,45.35,772.61,46.67,22.31,262.62,NORMAL
9.65,26.24,609.08,52.25,22.87,198.49,NORMAL
9.42,23.88,522.65,48.11,24.44,195.91,NORMAL
21.92,42.59,646.63,46.54,22.73,217.12,NORMAL
30.52,54.48,861.03,44.16,24.65,303.38,RISING_RISK
33.56,46.35,773.29,45.67,22.27,256.25,NORMAL
10.05,25.52,602.18,51.79,22.86,191.56,NORMAL
7.4,24.59,516.35,48.29,23.99,197.8,NORMAL
21.05,43.19,638.47,44.64,22.51,208.46,NORMAL
29.1,50.84,834.47,43.87,24.42,298.69,RISING_RISK
31.42,43.6,757.83,45.6,22.72,256.28,NORMAL
12.61,24.33,596.63,51.82,23.81,191.79,NORMAL
8.53,23.87,522.91,47.64,23.95,194.54,NORMAL
21.16,40.07,634.46,45.61,22.86,207.51,NORMAL
26.99,49.35,828.79,43.12,24.57,290.31,NORMAL
29.58,42.22,737.97,44.69,23.21,242.11,NORMAL
10.11,25.98,572.51,49.82,24.07,196.15,NORMAL
9.25,25.34,512.08,48.8,23.82,189.51,NORMAL
17.71,40.29,625.5,46.37,23.02,209.84,NORMAL
26.34,48.05,809.96,44.23,24.76,278.9,NORMAL
29.9,39.93,720.59,44.03,23.64,241.61,NORMAL
11.18,26.04,580.78,49.2,24.09,194.64,NORMAL
7.97,26.01,509.16,47.91,23.67,180.3,NORMAL
17.98,38.97,608.33,45.3,22.9,201.11,NORMAL
24.39,52.0,797.44,45.07,24.94,283.41,RISING_RISK
31.48,40.49,702.52,43.22,23.29,241.76,NORMAL
13.73,31.52,569.07,47.84,23.93,187.47,NORMAL
10.06,27.46,542.13,47.82,23.72,186.72,NORMAL
16.36,39.18,605.63,45.01,22.81,210.91,NORMAL
27.44,48.91,787.01,43.98,24.83,274.46,NORMAL
30.45,41.67,726.47,43.84,22.83,248.29,NORMAL
12.5,30.6,563.65,47.14,23.59,191.55,NORMAL
11.74,30.9,580.8,47.77,23.64,188.52,NORMAL
18.42,43.17,629.51,45.4,22.37,216.82,NORMAL
27.86,46.27,779.62,43.94,24.79,274.68,NORMAL
31.44,41.1,731.15,43.42,22.81,256.57,NORMAL
12.58,31.31,557.5,46.8,23.53,179.13,NORMAL
12.48,31.95,619.35,47.62,23.59,193.29,NORMAL
21.35,43.85,647.02,44.39,22.14,227.54,NORMAL
26.78,45.68,744.65,46.77,24.57,281.22,NORMAL
32.92,42.15,743.33,43.76,23.06,256.4,NORMAL
15.71,33.53,547.54,46.73,23.68,185.28,NORMAL
14.04,34.31,631.56,46.51,23.01,210.26,NORMAL
21.19,42.49,671.41,45.69,22.18,249.68,NORMAL
29.28,47.56,731.2,47.32,24.6,266.5,NORMAL
35.11,43.88,764.59,42.38,23.2,257.28,RISING_RISK
15.3,29.5,546.16,47.85,23.51,186.16,NORMAL
15.27,33.6,650.73,45.41,23.65,206.85,NORMAL
21.5,46.27,692.1,45.87,22.46,253.32,NORMAL
28.26,45.03,719.04,47.21,24.72,262.82,NORMAL
36.29,46.61,784.36,42.55,23.69,255.79,RISING_RISK
15.24,28.25,553.31,47.55,24.02,189.54,NORMAL
19.25,36.66,673.11,44.16,23.33,222.2,NORMAL
23.26,46.08,718.44,44.95,22.22,242.89,NORMAL
27.37,47.28,720.9,46.61,24.49,242.46,NORMAL
36.59,49.54,793.81,43.25,23.82,259.4,RISING_RISK
13.99,26.18,557.2,48.52,23.78,187.51,NORMAL
21.31,41.09,695.57,45.2,23.59,220.53,NORMAL
27.42,44.33,726.98,44.17,21.53,254.41,NORMAL
26.88,46.93,707.39,46.23,24.39,244.46,NORMAL
38.04,47.05,821.39,45.25,23.88,273.7,RISING_RISK
12.09,23.67,557.39,48.97,24.0,190.35,NORMAL
23.36,40.62,720.0,45.3,23.77,226.38,NORMAL
31.16,46.35,736.53,43.27,21.81,260.35,NORMAL
27.16,39.36,703.99,47.91,24.38,238.89,NORMAL
37.1,48.69,830.21,45.12,24.08,274.41,RISING_RISK
12.03,25.77,540.88,48.3,24.16,188.61,NORMAL
24.53,43.81,733.73,44.74,23.63,233.24,NORMAL
30.7,49.91,755.12,44.56,22.64,265.23,NORMAL
26.31,33.43,695.26,47.2,24.06,236.01,NORMAL
37.51,49.72,839.76,44.98,24.09,275.73,RISING_RISK
12.93,27.41,540.18,48.32,24.14,186.69,NORMAL
24.65,46.97,745.6,43.29,23.67,243.95,NORMAL
30.25,51.8,782.36,46.02,22.75,275.48,RISING_RISK
23.24,30.08,693.55,46.96,24.67,237.9,NORMAL
39.26,51.97,861.12,44.13,23.95,291.88,RISING_RISK
12.0,27.14,534.66,48.93,24.16,188.13,NORMAL
26.13,48.0,755.82,42.63,23.82,251.21,NORMAL
31.23,51.36,794.69,45.47,23.32,276.3,RISING_RISK
24.77,28.63,679.18,45.63,24.63,230.32,NORMAL
39.96,55.27,887.56,46.24,24.53,299.5,RISING_RISK
7.87,23.33,530.0,49.26,24.31,182.11,NORMAL
26.99,53.19,778.21,43.78,23.36,247.78,RISING_RISK
34.3,53.49,806.6,44.47,23.42,280.7,RISING_RISK
22.25,27.94,666.22,45.5,25.17,226.52,NORMAL
40.99,52.47,911.96,46.49,24.25,303.01,RISING_RISK
9.87,22.59,522.59,49.5,24.43,173.65,NORMAL
28.58,53.28,797.87,43.42,23.3,250.77,RISING_RISK
33.13,56.25,826.39,42.85,23.37,283.8,RISING_RISK
21.61,27.07,668.94,45.97,24.73,213.32,NORMAL
41.64,54.34,922.38,47.38,24.18,305.07,RISING_RISK
9.5,22.18,520.69,48.99,23.95,174.61,NORMAL
27.72,53.86,785.94,43.57,23.11,257.71,RISING_RISK
33.35,54.75,828.42,41.65,23.56,288.5,RISING_RISK
19.65,24.95,660.68,44.75,24.8,217.11,NORMAL
43.31,53.59,933.11,47.57,24.0,325.76,RISING_RISK
9.81,21.87,523.0,48.72,23.91,179.46,NORMAL
29.53,54.31,811.2,43.24,23.4,261.48,RISING_RISK
33.99,56.36,832.83,40.89,23.52,291.87,RISING_RISK
18.75,25.86,657.2,43.49,25.03,219.94,NORMAL
41.91,54.73,954.1,47.17,24.08,317.62,RISING_RISK
8.5,18.81,522.29,46.92,24.12,160.02,NORMAL
29.09,55.02,815.83,43.01,23.66,265.63,RISING_RISK
35.8,55.15,840.38,39.95,23.42,303.86,RISING_RISK
16.65,28.48,659.08,43.29,25.36,219.2,NORMAL
42.36,57.19,963.32,47.09,24.33,327.68,RISING_RISK
7.38,19.72,519.25,46.66,24.18,157.87,NORMAL
32.68,57.18,822.08,42.65,23.92,268.7,RISING_RISK
35.43,55.45,851.83,40.95,23.58,306.76,RISING_RISK
17.52,32.51,681.48,43.8,25.55,233.1,NORMAL
44.14,56.05,970.14,46.89,23.9,327.1,RISING_RISK
5.82,18.58,508.12,45.33,23.88,167.59,NORMAL
33.74,57.31,825.36,43.38,23.8,283.47,RISING_RISK
35.34,57.54,867.24,42.56,22.84,313.92,RISING_RISK
19.46,35.06,714.99,43.16,25.57,230.23,NORMAL
45.61,55.96,972.25,47.26,24.2,337.3,RISING_RISK
6.32,18.24,511.83,43.59,23.85,175.45,NORMAL
33.72,57.78,838.9,44.93,23.9,285.7,RISING_RISK
37.01,58.68,880.76,42.78,23.07,311.28,RISING_RISK
19.91,37.64,727.54,42.07,25.49,245.14,NORMAL
46.79,58.63,972.74,45.67,23.88,342.27,RISING_RISK
7.26,21.43,516.76,43.95,23.87,169.0,NORMAL
35.32,56.89,855.22,44.19,23.54,289.95,RISING_RISK
37.75,60.05,898.81,42.59,22.85,309.23,RISING_RISK
20.78,42.37,757.65,40.19,25.63,262.16,NORMAL
46.82,58.97,986.46,46.39,24.03,354.67,RISING_RISK
7.28,21.7,499.31,44.82,24.29,148.53,NORMAL
35.86,55.56,858.71,43.88,23.36,287.93,RISING_RISK
39.73,58.25,918.93,41.87,22.7,320.41,RISING_RISK
21.02,44.74,786.66,42.75,25.73,278.42,NORMAL
44.78,61.54,993.02,47.13,23.91,363.2,RISING_RISK
11.79,24.64,527.25,45.57,24.17,171.48,NORMAL
35.21,58.74,873.05,43.82,23.48,287.48,RISING_RISK
41.05,60.79,925.04,42.87,22.48,322.88,RISING_RISK
21.5,44.09,798.94,41.75,25.89,275.99,NORMAL
47.26,64.01,1015.12,44.65,24.39,349.41,STAGNATION_PREDICTED
13.14,26.75,566.15,43.34,24.05,183.94,NORMAL
36.27,56.07,891.94,45.83,23.35,291.13,RISING_RISK
42.92,61.86,932.15,42.03,22.56,324.71,RISING_RISK
23.05,42.28,828.79,39.22,25.68,285.86,NORMAL
45.51,65.29,1023.48,45.43,24.27,355.34,STAGNATION_PREDICTED
11.23,29.99,605.31,42.92,23.61,187.79,NORMAL
35.37,56.47,887.92,44.26,23.17,299.36,RISING_RISK
41.19,61.07,934.5,43.25,22.5,320.28,RISING_RISK
25.74,42.55,832.72,40.45,25.82,292.48,NORMAL
44.06,68.51,1039.81,45.94,24.3,362.18,STAGNATION_PREDICTED
10.9,33.56,632.13,42.43,23.48,193.9,NORMAL
36.58,57.42,897.31,43.88,22.7,302.47,RISING_RISK
40.1,57.35,944.68,43.09,22.51,325.04,RISING_RISK
28.61,45.28,827.95,40.32,26.18,303.06,NORMAL
44.52,69.01,1040.29,46.61,24.47,379.15,STAGNATION_PREDICTED
13.95,36.49,656.13,42.45,23.14,207.29,NORMAL
36.47,56.78,880.51,44.08,23.05,288.54,RISING_RISK
39.28,58.74,961.12,42.4,22.82,324.9,RISING_RISK
28.12,47.88,830.35,41.85,26.16,313.56,NORMAL
42.86,69.02,1036.86,47.72,23.91,383.43,STAGNATION_PREDICTED
15.63,33.22,678.87,41.97,22.8,222.64,NORMAL
37.02,55.91,861.76,43.94,23.86,280.41,RISING_RISK
35.88,59.86,978.81,42.32,23.5,330.56,RISING_RISK
28.37,50.78,838.67,41.62,26.35,320.22,RISING_RISK
45.15,71.2,1040.73,47.45,23.67,383.59,STAGNATION_PREDICTED
16.54,32.32,699.88,43.25,23.09,235.15,NORMAL
38.55,53.19,847.94,43.93,24.27,273.23,RISING_RISK
34.24,58.55,981.4,42.37,23.32,326.55,RISING_RISK
29.35,51.38,851.0,40.81,26.44,324.59,RISING_RISK
43.07,67.97,1042.92,46.94,24.15,391.9,STAGNATION_PREDICTED
19.96,35.74,718.06,42.31,22.61,240.43,NORMAL
40.8,49.78,844.03,42.96,24.28,275.21,RISING_RISK
36.23,55.45,995.64,41.85,23.21,330.48,RISING_RISK
29.17,55.11,855.0,39.06,26.19,327.03,RISING_RISK
44.47,68.6,1046.99,46.05,24.07,387.92,STAGNATION_PREDICTED
20.72,36.04,726.07,41.54,22.98,251.42,NORMAL
39.63,49.12,825.84,42.76,24.21,281.26,RISING_RISK
37.84,56.69,1008.29,41.13,23.39,342.57,STAGNATION_PREDICTED
30.91,54.79,866.41,38.42,25.89,331.52,RISING_RISK
45.14,67.89,1046.94,46.59,24.27,382.91,STAGNATION_PREDICTED
20.71,37.98,747.6,40.42,23.11,252.58,NORMAL
41.62,47.0,826.62,42.19,23.9,291.13,RISING_RISK
36.66,56.97,1014.06,41.13,23.28,333.97,STAGNATION_PREDICTED
34.38,55.08,881.47,37.52,25.54,354.23,RISING_RISK
44.2,69.0,1047.61,46.23,23.55,379.87,STAGNATION_PREDICTED
23.32,39.84,762.01,41.22,23.39,269.75,NORMAL
42.96,48.1,838.08,41.62,23.67,286.35,RISING_RISK
36.36,57.92,1024.32,41.1,22.88,333.44,STAGNATION_PREDICTED
34.76,55.78,891.07,39.18,24.8,350.63,RISING_RISK
44.74,67.23,1055.35,46.46,22.98,385.87,STAGNATION_PREDICTED
22.69,39.66,768.77,42.16,23.31,283.58,NORMAL
46.12,46.04,838.16,42.67,23.69,300.02,RISING_RISK
35.59,57.22,1033.68,41.84,22.69,334.98,STAGNATION_PREDICTED
35.22,58.05,909.78,37.5,24.89,355.15,RISING_RISK
45.83,65.92,1044.8,46.23,22.93,385.46,STAGNATION_PREDICTED
22.79,41.32,768.61,42.83,23.27,276.91,NORMAL
46.4,48.56,856.1,43.6,23.74,293.3,RISING_RISK
38.18,62.31,1039.88,43.35,22.3,344.23,STAGNATION_PREDICTED
35.07,55.73,918.93,36.45,24.61,352.39,RISING_RISK
44.42,67.54,1038.58,45.68,23.02,395.45,STAGNATION_PREDICTED
23.28,40.77,788.55,43.39,22.65,275.2,NORMAL
46.02,50.03,860.37,44.06,23.78,297.52,RISING_RISK
37.07,60.68,1042.26,43.98,22.39,359.23,STAGNATION_PREDICTED
34.19,58.09,919.46,37.0,24.42,356.78,RISING_RISK
43.76,69.53,1043.05,45.74,23.19,395.82,STAGNATION_PREDICTED
23.89,42.92,803.72,45.03,22.62,285.79,NORMAL
48.37,55.82,861.8,42.69,24.34,295.6,RISING_RISK
39.41,62.02,1043.48,42.23,22.3,359.23,STAGNATION_PREDICTED
36.62,54.93,936.27,36.65,25.18,369.95,RISING_RISK
43.14,68.67,1032.22,44.81,23.8,391.56,STAGNATION_PREDICTED
25.78,47.5,816.77,44.68,22.81,297.67,NORMAL
48.16,54.82,878.68,42.02,24.09,301.95,RISING_RISK
37.54,62.96,1046.27,43.08,22.32,355.48,STAGNATION_PREDICTED
39.53,57.28,937.61,36.42,25.13,374.78,RISING_RISK
40.57,68.46,994.66,45.16,24.01,383.98,RISING_RISK
27.38,44.79,786.72,43.11,22.87,279.54,NORMAL
51.27,58.38,890.18,41.96,24.2,319.47,RISING_RISK
38.07,61.95,1048.87,43.06,22.87,360.62,STAGNATION_PREDICTED
42.36,57.26,937.4,35.87,25.21,369.78,RISING_RISK
37.83,65.57,969.27,43.67,24.08,375.11,RISING_RISK
28.04,41.7,777.16,41.58,22.92,265.58,NORMAL
50.01,57.06,909.04,41.95,24.14,318.26,RISING_RISK
35.93,58.79,1014.58,42.97,22.94,352.51,STAGNATION_PREDICTED
43.34,60.09,947.82,36.7,25.41,366.94,RISING_RISK
34.67,63.73,944.87,41.16,23.88,367.9,RISING_RISK
27.59,40.52,759.33,40.27,23.18,262.61,NORMAL
49.76,59.94,921.85,39.85,23.75,313.06,RISING_RISK
35.99,56.16,994.31,44.17,23.12,349.22,RISING_RISK
45.57,62.73,955.63,37.78,25.58,360.42,RISING_RISK
30.85,64.91,914.9,40.59,24.09,355.56,RISING_RISK
25.74,43.12,752.61,39.51,22.72,262.75,NORMAL
51.1,58.88,930.79,40.79,24.01,321.27,RISING_RISK
35.74,55.49,958.13,44.6,22.86,347.26,RISING_RISK
49.75,64.28,960.71,38.15,25.44,356.52,RISING_RISK
32.22,64.53,896.69,41.98,23.81,353.67,RISING_RISK
25.24,44.1,748.98,38.7,22.95,254.53,NORMAL
49.58,61.69,936.75,39.71,24.02,323.64,RISING_RISK
35.53,51.43,941.18,43.09,23.2,340.7,RISING_RISK
52.33,66.35,978.96,39.21,25.6,349.75,RISING_RISK
29.95,63.61,882.1,42.5,23.8,345.83,RISING_RISK
28.14,43.04,734.54,39.22,22.94,243.23,NORMAL
47.56,62.01,953.27,39.59,24.54,327.74,RISING_RISK
34.65,50.12,912.39,40.71,23.13,324.96,RISING_RISK
52.62,65.69,983.66,40.63,25.94,357.71,RISING_RISK
31.85,64.0,871.59,41.17,24.35,336.82,RISING_RISK
25.54,41.18,725.71,38.01,23.69,233.99,NORMAL
46.59,63.05,960.92,40.24,24.28,337.34,RISING_RISK
35.67,50.56,894.16,41.0,23.23,311.06,RISING_RISK
54.84,62.92,988.81,42.57,26.06,357.29,RISING_RISK
30.39,59.98,857.76,41.22,23.93,325.14,RISING_RISK
25.88,35.97,714.11,41.33,23.85,240.84,NORMAL
48.83,63.76,976.88,41.32,24.58,347.48,RISING_RISK
32.74,49.03,887.26,41.1,23.3,302.31,NORMAL
52.3,63.38,997.46,43.42,26.07,361.29,RISING_RISK
30.16,58.01,831.26,41.57,23.78,325.23,RISING_RISK
23.55,36.9,702.93,41.1,23.79,238.84,NORMAL
48.37,65.04,994.33,43.51,24.46,353.09,RISING_RISK
30.42,48.37,858.13,41.67,23.4,300.11,NORMAL
52.98,65.29,1008.39,42.93,25.82,358.19,STAGNATION_PREDICTED
28.76,61.26,830.89,41.35,23.72,317.93,RISING_RISK
24.27,36.32,685.61,41.21,23.73,228.9,NORMAL
49.22,63.72,1017.09,43.09,24.15,353.12,STAGNATION_PREDICTED
29.06,50.82,831.55,40.81,23.27,293.93,RISING_RISK
51.73,64.99,980.15,44.3,26.14,343.25,RISING_RISK
31.43,60.47,823.63,42.03,24.2,312.86,RISING_RISK
24.95,34.94,670.05,42.63,23.83,237.71,NORMAL
48.64,65.67,1027.3,41.44,24.2,356.11,STAGNATION_PREDICTED
31.09,47.29,820.8,41.38,23.47,280.99,NORMAL
48.39,62.91,957.01,43.07,25.94,329.0,RISING_RISK
32.05,62.02,797.79,41.05,23.93,302.66,RISING_RISK
23.46,36.47,657.97,43.39,24.34,241.79,NORMAL
45.3,65.94,1035.47,40.8,24.11,356.99,STAGNATION_PREDICTED
31.32,47.1,810.96,42.11,24.16,276.01,NORMAL
47.17,62.32,925.22,42.56,26.24,322.77,RISING_RISK
31.34,62.29,781.97,41.22,24.15,300.51,RISING_RISK
19.31,37.46,643.52,42.92,24.23,242.03,NORMAL
46.12,62.02,1043.34,40.29,24.25,359.99,STAGNATION_PREDICTED
32.06,51.29,823.49,42.46,23.89,271.09,RISING_RISK
43.89,55.32,904.63,42.52,25.98,326.41,RISING_RISK
28.85,58.55,761.39,39.22,23.5,293.44,RISING_RISK
18.65,38.16,642.49,42.54,23.91,238.56,NORMAL
46.99,64.5,1043.14,39.67,23.93,362.62,STAGNATION_PREDICTED
35.09,54.11,833.16,41.99,23.7,282.36,RISING_RISK
43.32,52.11,891.43,43.53,25.78,314.01,RISING_RISK
29.04,55.2,751.05,39.78,23.43,285.06,RISING_RISK
21.46,42.03,637.74,42.17,24.4,241.94,NORMAL
45.4,61.22,1048.1,39.45,24.3,374.49,STAGNATION_PREDICTED
34.2,54.82,849.58,40.95,23.97,284.4,RISING_RISK
40.07,51.91,878.78,42.63,25.49,307.53,RISING_RISK
27.57,52.85,734.94,38.6,23.34,288.5,RISING_RISK
21.71,39.65,635.78,42.0,24.18,227.02,NORMAL
44.75,64.36,1057.64,41.2,24.14,369.67,STAGNATION_PREDICTED
35.56,58.44,839.59,41.34,24.01,290.18,RISING_RISK
39.34,49.52,853.89,43.52,25.2,301.81,RISING_RISK
27.31,49.96,728.37,39.12,23.32,287.82,NORMAL
21.27,39.03,636.35,41.96,23.98,224.94,NORMAL
44.04,61.26,1055.84,41.01,24.56,358.98,STAGNATION_PREDICTED
37.41,58.87,853.67,41.32,24.47,298.15,RISING_RISK
35.45,48.12,824.96,44.34,24.79,290.99,RISING_RISK
26.49,47.42,716.97,38.82,22.96,282.38,NORMAL
21.29,40.72,620.58,42.57,24.24,226.25,NORMAL
44.99,64.99,1043.28,38.65,24.49,356.79,STAGNATION_PREDICTED
36.81,57.83,862.45,41.62,24.73,304.39,RISING_RISK
33.36,44.65,797.03,42.42,24.2,279.56,NORMAL
21.26,41.87,698.87,40.12,22.69,260.89,NORMAL
21.3,45.37,642.88,42.55,24.45,241.03,NORMAL
45.66,64.0,1053.34,39.14,24.28,358.61,STAGNATION_PREDICTED
38.22,60.11,883.84,41.97,24.8,297.9,RISING_RISK
30.36,44.79,773.3,42.72,24.29,271.82,NORMAL
19.81,40.8,696.01,39.48,22.36,259.08,NORMAL
20.5,47.48,674.63,41.66,25.11,236.7,NORMAL
44.16,63.15,1066.61,40.15,23.9,369.3,STAGNATION_PREDICTED
39.51,60.59,907.32,40.18,24.21,300.7,RISING_RISK
30.77,40.53,772.97,42.04,24.06,264.48,NORMAL
19.97,39.87,680.1,38.75,22.36,251.65,NORMAL
23.76,48.0,709.3,41.05,25.09,256.92,NORMAL
46.25,63.54,1071.18,41.95,23.56,374.26,STAGNATION_PREDICTED
38.29,61.88,918.42,40.46,24.24,308.27,RISING_RISK
29.82,37.41,758.05,41.0,24.86,263.8,NORMAL
17.77,39.23,666.8,39.84,22.45,236.34,NORMAL
26.9,50.36,733.18,41.14,25.41,262.61,RISING_RISK
47.43,62.88,1076.34,43.04,23.27,374.36,STAGNATION_PREDICTED
39.48,60.58,934.67,41.8,24.09,301.03,RISING_RISK
31.89,36.65,743.88,39.89,24.86,261.5,NORMAL
15.42,39.11,641.12,38.62,22.33,241.31,NORMAL
26.71,52.76,749.56,41.05,24.93,274.41,RISING_RISK
49.04,66.99,1078.39,43.32,23.74,385.04,STAGNATION_PREDICTED
38.79,59.97,961.18,40.61,23.52,309.37,RISING_RISK
30.71,35.64,726.89,40.79,24.11,251.74,NORMAL
17.93,37.29,659.31,38.59,23.17,259.6,NORMAL
28.59,53.35,760.86,41.51,25.27,287.74,RISING_RISK
47.48,69.91,1083.66,41.87,23.52,389.8,STAGNATION_PREDICTED
39.77,57.65,969.65,40.76,23.68,313.82,RISING_RISK
29.22,33.6,715.52,39.96,24.0,235.31,NORMAL
17.45,40.68,691.75,37.69,23.68,279.94,NORMAL
27.92,54.53,784.87,42.55,25.28,286.26,RISING_RISK
43.92,67.0,1048.22,40.59,23.81,374.69,STAGNATION_PREDICTED
39.6,59.12,987.82,39.52,23.4,321.56,RISING_RISK
26.03,33.86,709.96,38.87,24.09,219.95,NORMAL
17.78,43.38,698.01,36.85,23.87,288.2,NORMAL
27.24,59.04,796.6,44.35,25.34,290.02,RISING_RISK
41.7,65.3,1022.92,40.04,23.67,372.48,STAGNATION_PREDICTED
40.77,55.86,993.77,40.87,23.41,326.32,RISING_RISK
29.79,33.91,703.31,37.29,23.95,216.33,NORMAL
17.87,45.37,729.81,37.93,23.99,290.73,NORMAL
29.34,58.05,806.85,43.54,25.26,300.09,RISING_RISK
43.73,63.02,987.49,40.41,23.68,362.92,RISING_RISK
38.08,54.85,1000.17,40.77,23.85,341.95,STAGNATION_PREDICTED
30.41,33.69,696.23,36.57,24.07,222.08,NORMAL
20.95,50.02,769.75,38.4,24.19,276.19,RISING_RISK
28.68,60.28,823.3,42.14,25.02,302.52,RISING_RISK
43.38,60.73,977.07,39.87,23.43,362.22,RISING_RISK
38.27,54.21,989.13,41.17,24.21,338.1,RISING_RISK
31.04,33.95,690.99,34.96,24.39,225.39,NORMAL
22.58,54.5,798.31,37.68,24.41,282.48,RISING_RISK
31.47,62.37,842.93,43.09,24.56,315.99,RISING_RISK
41.41,60.85,953.7,40.27,23.86,347.35,RISING_RISK
41.07,53.89,984.94,42.28,24.46,339.51,RISING_RISK
28.78,32.14,685.58,34.19,23.84,224.17,NORMAL
24.16,54.8,825.18,37.62,24.7,289.78,RISING_RISK
32.4,65.5,847.33,44.21,24.64,318.84,RISING_RISK
38.23,58.88,936.76,40.65,24.18,338.0,RISING_RISK
39.69,54.96,991.8,42.84,24.63,344.81,RISING_RISK
25.56,31.55,684.71,35.0,24.36,220.19,NORMAL
26.97,53.73,843.36,39.11,24.36,290.71,RISING_RISK
32.25,69.16,861.68,44.9,24.46,316.2,RISING_RISK
38.52,57.32,920.61,40.31,24.31,326.86,RISING_RISK
38.83,58.33,1007.61,41.57,24.91,353.85,STAGNATION_PREDICTED
26.1,27.84,679.09,34.28,24.66,217.71,NORMAL
27.26,57.88,843.07,39.36,24.39,293.81,RISING_RISK
34.38,69.22,870.12,43.87,24.57,315.04,RISING_RISK
35.98,54.82,907.38,39.95,24.33,321.47,RISING_RISK
38.48,60.72,997.25,41.87,24.96,361.49,RISING_RISK
26.64,30.82,679.22,34.23,24.37,210.87,NORMAL
26.37,59.01,860.62,38.84,24.06,295.81,RISING_RISK
36.42,66.13,881.4,43.54,24.34,327.73,RISING_RISK
32.53,59.15,875.12,41.18,23.98,310.66,RISING_RISK
37.57,59.13,1013.37,41.57,24.7,355.93,STAGNATION_PREDICTED
27.0,27.24,655.45,35.53,24.56,202.46,NORMAL
28.85,62.49,875.26,40.03,23.91,300.21,RISING_RISK
41.29,69.75,891.36,43.52,24.22,312.41,RISING_RISK
32.68,57.8,863.87,41.29,24.07,294.3,RISING_RISK
35.77,58.91,1009.37,41.61,24.4,366.47,STAGNATION_PREDICTED
26.63,29.27,646.11,35.34,24.18,194.97,NORMAL
28.2,59.6,893.74,39.04,23.7,314.15,RISING_RISK
43.75,67.56,907.48,43.0,24.06,306.16,RISING_RISK
31.08,57.62,846.69,43.73,23.72,268.8,RISING_RISK
37.72,58.95,1025.95,40.48,24.55,366.38,STAGNATION_PREDICTED
27.66,27.84,647.72,35.2,23.93,187.33,NORMAL
30.75,58.68,910.49,38.91,23.44,329.65,RISING_RISK
44.35,68.35,912.04,43.83,24.81,310.53,RISING_RISK
29.83,56.42,820.34,43.27,23.44,280.4,RISING_RISK
36.57,63.69,1036.58,40.02,24.69,357.42,STAGNATION_PREDICTED
27.78,28.8,650.53,35.59,24.24,177.79,NORMAL
29.75,60.65,920.25,40.51,23.84,330.25,RISING_RISK
43.24,70.04,912.5,43.81,24.88,315.35,RISING_RISK
28.6,55.37,805.89,42.5,23.6,273.62,RISING_RISK
35.82,65.74,1042.56,39.97,24.75,359.45,STAGNATION_PREDICTED
28.11,30.73,650.25,34.9,24.73,174.27,NORMAL
31.28,62.42,925.61,39.34,24.09,339.71,RISING_RISK
44.59,69.6,919.44,45.93,24.96,320.21,RISING_RISK
28.68,52.5,794.92,41.56,23.73,273.01,RISING_RISK
37.37,68.45,1043.53,38.72,24.51,365.71,STAGNATION_PREDICTED
28.16,32.56,635.91,33.81,24.53,170.2,NORMAL
33.75,63.93,943.68,40.24,24.11,346.99,RISING_RISK
47.95,69.82,928.59,47.0,24.79,336.02,RISING_RISK
26.53,48.23,774.41,41.66,23.78,263.28,NORMAL
36.51,72.0,1050.33,37.17,24.67,360.87,STAGNATION_PREDICTED
24.53,32.05,627.72,36.22,24.39,166.62,NORMAL
35.98,63.84,950.99,40.1,24.15,352.62,RISING_RISK
49.65,66.06,909.88,45.89,24.56,327.06,RISING_RISK
27.11,50.03,762.18,41.7,23.96,262.92,RISING_RISK
34.22,70.61,1012.6,37.47,24.78,349.69,RISING_RISK
23.41,33.09,617.96,37.0,24.25,174.46,NORMAL
37.42,66.13,957.91,38.53,23.78,359.97,RISING_RISK
47.32,64.63,885.56,47.0,24.15,328.1,RISING_RISK
25.17,45.61,740.07,40.67,24.02,253.26,NORMAL
34.14,66.17,982.82,38.22,25.14,341.94,RISING_RISK
21.93,32.25,607.4,36.66,24.75,171.1,NORMAL
39.21,68.17,989.52,38.98,23.97,359.34,RISING_RISK
45.76,61.95,859.64,48.78,24.56,320.97,RISING_RISK
26.36,45.9,754.11,40.84,24.28,258.51,NORMAL
31.98,60.12,952.68,38.09,24.67,332.46,RISING_RISK
23.98,31.74,601.9,37.38,24.41,177.59,NORMAL
40.5,69.24,996.72,37.55,24.15,361.97,RISING_RISK
41.56,61.1,848.25,49.02,24.43,316.67,RISING_RISK
28.57,47.62,771.31,40.91,23.59,267.82,NORMAL
30.44,61.19,934.04,38.37,24.59,325.46,RISING_RISK
24.0,29.39,601.8,38.74,23.92,177.58,NORMAL
41.12,71.3,1006.04,36.79,24.01,366.5,STAGNATION_PREDICTED
40.71,59.47,841.28,49.66,24.07,310.98,RISING_RISK
27.62,52.13,795.57,41.45,23.39,271.68,RISING_RISK
31.44,58.17,907.52,37.22,24.68,314.45,RISING_RISK
23.15,27.34,602.63,38.83,24.23,177.88,NORMAL
40.51,72.25,1033.61,38.71,23.23,360.43,STAGNATION_PREDICTED
38.66,58.8,826.2,50.31,24.2,297.81,RISING_RISK
27.27,55.49,804.67,40.43,23.0,272.74,RISING_RISK
29.48,57.74,881.36,36.87,24.82,317.2,RISING_RISK
21.32,27.9,602.68,40.06,24.4,177.69,NORMAL
39.75,76.34,1036.37,38.65,23.06,362.07,STAGNATION_PREDICTED
37.68,55.59,814.49,49.84,23.93,298.77,RISING_RISK
28.23,54.0,810.81,40.3,23.11,282.55,RISING_RISK
28.6,55.51,851.74,37.54,24.9,313.45,RISING_RISK
19.61,29.35,602.42,41.84,24.48,172.18,NORMAL
43.31,78.73,1042.99,37.87,22.89,368.75,STAGNATION_PREDICTED
37.24,53.96,799.53,49.65,23.91,296.5,RISING_RISK
27.6,54.6,837.51,39.0,22.75,287.86,RISING_RISK
27.02,56.03,824.81,36.77,24.81,303.29,RISING_RISK
18.37,29.37,598.73,41.61,24.4,182.35,NORMAL
43.31,76.14,1064.7,39.84,22.72,362.0,STAGNATION_PREDICTED
34.86,48.35,779.17,48.03,23.4,286.97,NORMAL
28.35,56.82,857.31,38.61,22.69,295.17,RISING_RISK
26.31,55.37,799.23,36.66,24.44,294.96,RISING_RISK
18.75,28.72,598.9,41.67,24.35,174.9,NORMAL
44.58,78.96,1060.13,39.57,22.81,359.19,STAGNATION_PREDICTED
32.3,48.48,763.01,49.26,23.68,284.69,NORMAL
28.02,57.75,857.54,39.67,23.04,312.17,RISING_RISK
25.52,51.42,783.34,36.83,24.71,284.35,RISING_RISK
18.56,27.88,586.06,42.16,24.71,162.47,NORMAL
44.5,77.66,1064.26,40.32,22.42,354.48,STAGNATION_PREDICTED
32.81,51.74,733.63,50.17,23.63,277.4,RISING_RISK
27.08,60.5,865.84,42.0,23.19,313.9,RISING_RISK
26.68,55.55,796.34,37.3,24.67,283.6,RISING_RISK
21.15,33.69,614.01,43.37,24.97,169.88,NORMAL
48.23,76.01,1055.7,41.32,22.49,352.84,STAGNATION_PREDICTED
30.73,50.72,717.35,49.34,23.73,270.57,RISING_RISK
26.64,60.24,866.56,43.88,22.99,311.45,RISING_RISK
27.04,58.03,795.95,38.26,24.1,285.26,RISING_RISK
19.84,35.93,628.11,42.74,24.58,192.95,NORMAL
48.09,75.8,1061.82,43.35,22.72,351.35,STAGNATION_PREDICTED
32.06,53.86,708.95,48.91,23.69,274.47,RISING_RISK
30.23,59.79,877.63,44.64,23.79,318.4,RISING_RISK
28.11,60.45,803.23,37.65,24.38,290.74,RISING_RISK
21.52,38.3,637.73,41.27,23.86,195.57,NORMAL
47.21,79.78,1061.49,43.61,22.95,352.93,STAGNATION_PREDICTED
30.99,52.35,692.82,48.92,24.22,263.71,RISING_RISK
30.38,59.78,898.71,42.86,23.82,328.08,RISING_RISK
28.1,62.03,810.3,39.99,24.42,283.59,RISING_RISK
22.61,42.8,661.53,41.79,23.94,205.27,NORMAL
45.99,83.71,1063.68,44.95,23.52,353.13,STAGNATION_PREDICTED
30.41,52.29,681.52,50.05,24.46,269.95,RISING_RISK
30.89,61.09,897.45,42.48,23.69,323.92,RISING_RISK
27.28,63.99,814.29,42.74,24.11,296.53,RISING_RISK
25.07,46.63,677.13,41.33,23.72,220.3,NORMAL
46.8,84.31,1046.87,46.08,23.48,362.04,STAGNATION_PREDICTED
27.86,49.91,678.27,49.63,24.42,252.81,NORMAL
32.53,60.91,907.33,42.52,23.67,325.58,RISING_RISK
28.63,62.14,818.11,43.14,23.83,305.25,RISING_RISK
27.55,49.07,701.52,42.04,23.98,216.27,NORMAL
48.79,85.58,1038.51,44.81,22.92,354.53,STAGNATION_PREDICTED
27.72,44.18,663.35,47.73,24.27,246.76,NORMAL
31.45,61.8,923.3,40.54,23.4,333.95,RISING_RISK
27.96,61.74,841.03,41.67,23.7,314.99,RISING_RISK
28.2,52.23,721.16,44.62,24.33,216.09,RISING_RISK
47.38,86.48,1038.52,46.53,22.92,363.75,STAGNATION_PREDICTED
28.29,46.46,654.18,46.05,23.94,234.81,NORMAL
33.82,63.15,928.67,40.79,23.51,339.11,RISING_RISK
28.65,61.95,827.22,42.59,23.61,323.91,RISING_RISK
28.44,54.44,737.64,44.2,24.19,230.48,RISING_RISK
48.56,81.4,1035.04,46.85,23.28,365.73,STAGNATION_PREDICTED
29.98,43.35,651.59,48.11,24.14,234.24,NORMAL
34.09,62.0,930.95,41.05,23.38,336.18,RISING_RISK
32.7,62.35,855.48,42.64,23.4,321.42,RISING_RISK
31.12,54.47,749.83,44.89,23.74,246.81,RISING_RISK
49.3,78.25,1009.8,48.27,23.52,366.47,STAGNATION_PREDICTED
29.53,42.83,645.22,48.69,24.02,233.24,NORMAL
33.8,62.9,925.16,41.67,22.71,331.62,RISING_RISK
34.13,61.86,869.19,41.9,23.22,331.43,RISING_RISK
32.59,51.03,768.21,43.34,23.88,250.99,RISING_RISK
45.59,78.8,1000.54,48.84,23.7,356.4,STAGNATION_PREDICTED
30.92,42.34,644.48,48.3,24.01,228.49,NORMAL
35.2,66.07,925.93,42.09,22.4,334.62,RISING_RISK
35.63,60.15,882.94,41.38,22.87,333.34,RISING_RISK
34.06,52.49,795.91,42.85,23.5,250.21,RISING_RISK
44.5,77.05,976.97,50.44,23.6,344.95,RISING_RISK
29.22,39.71,641.43,50.8,24.43,224.29,NORMAL
37.38,67.38,948.99,41.37,22.84,346.26,RISING_RISK
37.63,61.76,898.88,41.12,23.03,333.32,RISING_RISK
36.61,55.15,805.25,43.41,23.92,255.14,RISING_RISK
43.09,76.23,952.85,49.54,23.6,330.36,RISING_RISK
25.64,36.4,643.37,51.07,24.67,216.17,NORMAL
36.41,63.67,947.04,41.09,22.9,338.46,RISING_RISK
38.05,60.28,918.32,40.78,23.12,338.17,RISING_RISK
36.48,53.94,823.17,44.03,24.1,251.07,RISING_RISK
41.85,74.98,933.04,47.64,23.73,320.17,RISING_RISK
27.33,34.17,652.98,52.04,24.26,217.05,NORMAL
36.56,64.72,956.75,41.79,23.25,337.16,RISING_RISK
38.31,61.98,914.6,41.88,22.89,335.7,RISING_RISK
38.52,54.38,833.75,43.65,24.25,262.9,RISING_RISK
37.82,74.98,925.45,47.11,24.07,312.68,RISING_RISK
23.87,31.03,637.86,51.54,24.45,206.97,NORMAL
35.28,67.98,954.68,42.44,23.73,340.23,RISING_RISK
40.16,64.84,930.35,42.38,22.99,347.89,RISING_RISK
40.97,52.32,839.94,43.58,24.57,276.41,RISING_RISK
37.2,69.89,895.97,47.72,24.46,298.8,RISING_RISK
24.44,31.43,633.84,52.93,24.62,224.06,NORMAL
37.5,70.29,957.97,43.26,23.84,350.58,RISING_RISK
41.06,64.46,943.93,42.55,22.79,363.99,RISING_RISK
42.71,52.15,855.62,44.49,24.84,278.94,RISING_RISK
35.62,65.71,888.45,47.85,24.44,291.95,RISING_RISK
24.86,28.36,629.96,51.92,24.35,210.9,NORMAL
36.87,69.52,967.99,43.89,23.58,355.36,RISING_RISK
39.35,64.86,950.38,42.91,23.33,364.71,RISING_RISK
42.28,52.68,873.84,44.54,24.58,285.51,RISING_RISK
35.86,65.98,901.24,48.11,24.71,289.51,RISING_RISK
23.51,26.72,622.81,51.07,24.6,200.63,NORMAL
38.06,67.81,971.31,45.74,23.52,352.75,RISING_RISK
39.59,63.64,958.71,41.73,23.09,368.37,RISING_RISK
43.43,52.89,870.96,45.6,24.47,298.44,RISING_RISK
38.97,65.69,916.61,48.56,24.91,291.79,RISING_RISK
21.13,25.07,619.2,48.31,24.8,172.73,NORMAL
39.82,69.79,979.47,45.41,23.73,348.93,RISING_RISK
37.84,65.28,965.5,41.76,23.06,367.77,RISING_RISK
44.92,54.34,887.77,47.23,24.66,306.34,RISING_RISK
37.9,63.51,924.56,47.03,24.94,294.38,RISING_RISK
20.73,26.14,619.78,49.57,24.67,177.41,NORMAL
36.84,66.08,951.22,46.56,23.75,355.61,RISING_RISK
38.38,64.28,952.77,41.16,23.64,359.03,RISING_RISK
44.89,51.95,906.51,47.25,24.74,309.84,RISING_RISK
37.57,63.34,927.21,47.73,25.06,307.66,RISING_RISK
17.93,27.89,622.87,47.94,24.11,172.41,NORMAL
36.68,69.74,962.88,47.73,24.07,352.41,RISING_RISK
40.25,66.4,970.85,42.52,23.67,358.01,RISING_RISK
45.68,51.86,924.83,48.68,24.61,324.86,RISING_RISK
38.24,63.38,936.4,49.23,25.05,318.59,RISING_RISK
17.76,29.19,618.28,46.48,23.73,167.01,NORMAL
39.97,70.02,966.84,48.77,23.64,357.28,RISING_RISK
41.86,64.84,1006.2,42.42,24.13,356.81,STAGNATION_PREDICTED
44.15,58.22,927.4,49.83,24.49,334.31,RISING_RISK
37.16,63.94,946.85,48.23,24.61,321.57,RISING_RISK
16.79,26.18,604.77,46.59,24.11,167.8,NORMAL
41.06,66.48,965.35,50.28,23.44,370.96,RISING_RISK
42.03,62.63,1023.0,42.74,24.36,365.44,STAGNATION_PREDICTED
46.36,59.09,939.64,47.92,24.23,344.98,RISING_RISK
39.08,63.87,946.04,48.67,24.46,326.89,RISING_RISK
16.28,26.05,621.79,46.24,24.02,176.65,NORMAL
42.14,66.21,972.99,51.57,23.37,374.1,RISING_RISK
41.38,63.71,1036.42,41.69,24.15,367.63,STAGNATION_PREDICTED
46.28,58.02,939.78,47.95,24.2,352.46,RISING_RISK
41.56,62.99,963.95,49.04,24.13,335.77,RISING_RISK
16.22,26.75,609.75,46.05,24.41,177.31,NORMAL
43.07,64.28,988.0,51.27,23.67,383.23,RISING_RISK
41.83,62.48,1033.97,44.18,24.38,376.93,STAGNATION_PREDICTED
46.67,57.95,952.67,47.78,23.82,350.22,RISING_RISK
41.11,64.32,973.22,49.36,24.06,340.81,RISING_RISK
17.56,21.74,593.84,45.63,23.78,182.45,NORMAL
44.66,59.2,986.02,50.69,24.21,373.54,RISING_RISK
39.71,58.82,1036.17,45.53,23.86,370.35,STAGNATION_PREDICTED
46.49,59.42,960.11,50.04,24.03,365.2,RISING_RISK
39.02,64.86,973.24,50.6,24.29,347.23,RISING_RISK
18.52,20.77,583.11,45.3,23.61,178.31,NORMAL
43.38,61.25,1006.83,52.37,24.45,378.33,STAGNATION_PREDICTED
35.8,57.73,1016.92,46.07,23.49,359.45,STAGNATION_PREDICTED
44.67,57.89,933.57,49.72,24.05,355.44,RISING_RISK
37.18,63.92,982.25,50.06,24.3,347.67,RISING_RISK
18.42,18.93,584.15,44.85,23.23,181.52,NORMAL
45.17,59.8,1008.64,52.46,24.48,387.1,STAGNATION_PREDICTED
34.12,54.29,979.46,44.77,23.03,350.05,RISING_RISK
42.24,58.62,914.84,50.97,24.04,348.82,RISING_RISK
40.68,62.18,1007.0,50.8,24.22,345.68,STAGNATION_PREDICTED
16.49,19.57,584.3,44.58,23.1,173.45,NORMAL
43.69,60.93,1019.13,51.51,24.65,381.29,STAGNATION_PREDICTED
33.35,53.3,959.31,44.49,23.12,339.36,RISING_RISK
44.08,51.67,882.11,51.59,23.74,337.63,RISING_RISK
38.51,61.46,1003.5,50.97,23.67,343.24,STAGNATION_PREDICTED
15.94,18.28,574.45,43.95,23.0,163.2,NORMAL
45.54,62.31,1009.55,52.04,25.19,385.96,STAGNATION_PREDICTED
33.69,49.27,921.31,45.9,22.84,330.65,NORMAL
42.24,48.53,875.5,51.31,23.24,321.72,RISING_RISK
40.15,64.72,988.64,51.48,23.45,350.09,RISING_RISK
12.15,18.31,579.0,43.93,23.05,157.16,NORMAL
46.53,56.8,1026.94,50.43,25.42,379.55,STAGNATION_PREDICTED
32.93,48.06,903.49,46.62,22.82,329.01,NORMAL
41.39,49.09,860.0,50.39,22.67,295.42,RISING_RISK
37.38,66.75,993.55,51.98,23.65,359.79,RISING_RISK
11.13,18.26,565.33,43.18,22.76,145.82,NORMAL
46.67,58.09,1022.79,49.53,25.15,379.04,STAGNATION_PREDICTED
32.32,43.95,870.97,48.07,22.95,325.85,NORMAL
39.43,44.31,849.68,48.84,23.01,288.24,RISING_RISK
38.86,66.84,1002.36,50.55,23.8,352.28,STAGNATION_PREDICTED
12.19,18.74,560.46,43.77,23.24,143.64,NORMAL
47.03,61.41,1033.6,49.75,24.63,383.75,STAGNATION_PREDICTED
33.07,45.62,852.81,47.59,22.73,316.13,NORMAL
36.23,41.16,810.85,48.46,23.62,281.21,RISING_RISK
38.82,66.74,1012.6,50.22,23.8,352.56,STAGNATION_PREDICTED
12.14,17.61,552.41,41.63,23.03,152.78,NORMAL
46.57,58.79,1026.26,48.77,24.89,375.19,STAGNATION_PREDICTED
30.46,44.31,831.48,46.5,22.83,310.68,NORMAL
37.36,41.95,794.7,51.79,23.82,282.45,RISING_RISK
37.87,69.6,1005.96,48.13,23.96,357.33,STAGNATION_PREDICTED
9.89,17.98,551.63,42.84,22.63,157.42,NORMAL
50.86,60.4,1034.59,49.52,25.01,383.73,STAGNATION_PREDICTED
28.93,43.24,813.27,47.37,22.26,294.02,NORMAL
36.47,41.19,786.99,52.68,23.51,293.88,RISING_RISK
40.01,68.97,1026.75,47.18,24.11,361.75,STAGNATION_PREDICTED
10.19,14.78,534.65,42.84,22.72,146.46,NORMAL
50.17,59.5,1030.83,49.65,25.11,392.0,STAGNATION_PREDICTED
30.82,47.53,806.36,48.53,22.41,295.84,NORMAL
34.71,40.03,768.27,53.29,23.7,296.63,NORMAL
41.98,69.56,1032.7,48.98,24.28,381.01,STAGNATION_PREDICTED
12.55,12.75,525.3,43.28,22.84,136.96,NORMAL
50.95,61.34,1030.82,48.08,25.24,394.03,STAGNATION_PREDICTED
28.75,47.13,775.75,48.15,22.7,283.67,NORMAL
33.82,40.22,755.94,53.69,23.47,289.95,NORMAL
39.58,70.0,1040.39,50.24,24.85,392.45,STAGNATION_PREDICTED
14.94,15.78,518.24,42.19,22.87,142.5,NORMAL
49.78,66.03,1034.41,46.19,25.3,372.6,STAGNATION_PREDICTED
27.9,45.39,757.46,50.03,22.88,285.83,NORMAL
32.74,38.18,743.08,54.99,23.8,287.94,NORMAL
40.44,71.68,1048.36,49.01,24.68,390.24,STAGNATION_PREDICTED
15.15,13.26,517.42,43.68,23.06,148.87,NORMAL
48.75,65.25,1034.76,46.3,25.11,359.66,STAGNATION_PREDICTED
26.06,42.71,755.39,50.05,22.96,273.65,NORMAL
32.85,40.98,728.6,55.51,23.83,289.34,NORMAL
43.14,72.55,1048.09,49.25,24.43,390.05,STAGNATION_PREDICTED
12.47,12.81,526.22,43.14,22.68,138.07,NORMAL
48.04,64.17,1043.32,45.04,24.74,363.65,STAGNATION_PREDICTED
23.67,36.78,750.23,49.13,22.98,265.74,NORMAL
33.12,40.34,735.98,54.25,24.09,276.88,NORMAL
44.07,72.36,1061.66,49.17,24.5,387.42,STAGNATION_PREDICTED
13.73,13.57,508.72,43.5,22.86,148.16,NORMAL
46.02,66.21,1038.99,45.56,24.82,354.78,STAGNATION_PREDICTED
22.72,34.75,749.49,47.94,22.53,262.34,NORMAL
31.66,42.31,721.11,54.94,24.2,279.22,NORMAL
46.37,73.08,1073.86,50.12,24.94,394.97,STAGNATION_PREDICTED
15.07,15.39,501.0,43.85,22.37,150.83,NORMAL
47.36,64.47,1033.18,46.46,25.2,363.15,STAGNATION_PREDICTED
21.9,30.38,738.57,48.48,22.66,248.76,NORMAL
29.2,44.4,699.98,54.76,24.53,282.84,NORMAL
43.14,69.17,1040.25,50.63,24.94,388.04,STAGNATION_PREDICTED
14.73,17.5,496.92,45.41,22.43,146.75,NORMAL
47.57,67.46,1044.64,44.43,25.6,356.88,STAGNATION_PREDICTED
24.19,29.5,726.47,47.44,22.53,224.04,NORMAL
31.79,40.98,683.08,54.73,24.33,273.33,NORMAL
41.93,65.94,1001.59,50.63,24.87,372.51,STAGNATION_PREDICTED
10.26,19.59,506.77,47.76,22.77,162.8,NORMAL
49.16,66.96,1048.19,44.74,25.04,363.38,STAGNATION_PREDICTED
24.05,29.1,721.45,46.98,22.91,215.16,NORMAL
29.71,40.05,674.33,56.77,23.99,272.94,NORMAL
40.21,63.08,981.04,52.27,25.31,363.63,RISING_RISK
10.23,14.82,496.11,47.95,23.29,156.77,NORMAL
47.72,69.94,1047.08,45.3,24.83,381.39,STAGNATION_PREDICTED
25.68,28.5,712.29,45.68,22.85,198.88,NORMAL
31.59,41.77,672.55,57.62,24.08,274.24,NORMAL
39.32,62.59,962.81,54.35,24.89,362.71,RISING_RISK
9.89,13.61,487.85,46.63,23.43,151.26,NORMAL
46.65,71.52,1037.87,44.7,24.77,376.17,STAGNATION_PREDICTED
26.32,27.98,698.69,44.76,22.78,189.58,NORMAL
30.9,38.89,657.94,58.91,23.74,267.56,NORMAL
41.35,58.17,938.59,52.67,25.0,340.55,RISING_RISK
11.02,11.07,476.92,46.03,22.9,150.89,NORMAL
46.41,74.8,1033.21,44.72,24.86,382.75,STAGNATION_PREDICTED
25.58,31.37,692.16,44.86,22.87,188.71,NORMAL
26.94,38.87,655.99,58.28,24.04,254.89,NORMAL
39.57,54.96,910.37,52.02,24.54,327.33,RISING_RISK
10.47,9.48,473.51,46.65,22.86,153.02,NORMAL
45.53,76.29,1042.94,44.63,25.49,383.65,STAGNATION_PREDICTED
24.17,27.67,681.5,43.75,23.25,183.7,NORMAL
29.18,38.66,648.58,58.43,24.68,249.26,NORMAL
38.61,52.42,878.54,51.83,24.62,326.04,RISING_RISK
11.09,9.7,491.78,48.58,22.29,153.06,NORMAL
47.67,74.11,1045.94,46.18,25.41,388.73,STAGNATION_PREDICTED
24.66,26.67,662.68,45.04,22.8,179.77,NORMAL
29.47,42.21,640.0,56.82,24.6,238.71,NORMAL
36.36,49.62,852.79,50.44,24.55,322.37,RISING_RISK
14.72,13.53,494.93,48.4,22.4,144.52,NORMAL
50.57,72.53,1037.96,46.25,25.17,397.74,STAGNATION_PREDICTED
23.03,26.5,661.33,45.75,22.86,175.05,NORMAL
31.59,43.96,661.63,56.21,25.21,247.64,NORMAL
34.14,48.6,831.43,52.41,24.93,329.78,NORMAL
13.14,13.32,500.44,48.36,22.81,150.95,NORMAL
51.39,71.82,1046.26,46.42,25.46,390.78,STAGNATION_PREDICTED
21.98,26.12,658.17,45.58,22.87,169.67,NORMAL
31.44,45.53,679.71,57.07,24.93,251.05,NORMAL
35.79,46.35,799.63,51.66,25.1,313.49,RISING_RISK
12.61,14.18,489.73,47.56,22.74,144.58,NORMAL
48.61,67.37,1027.53,45.8,26.15,374.98,STAGNATION_PREDICTED
22.75,25.63,665.99,44.41,22.72,165.56,NORMAL
34.55,46.16,713.58,57.23,24.81,268.23,NORMAL
36.26,44.15,780.51,50.96,25.36,301.63,RISING_RISK
13.03,17.36,482.86,47.15,22.68,145.05,NORMAL
44.59,60.31,997.47,47.7,25.79,363.11,RISING_RISK
22.39,27.63,663.05,44.85,22.61,159.93,NORMAL
33.71,47.91,732.11,58.26,24.87,275.26,NORMAL
34.1,42.17,758.99,50.54,24.88,293.53,NORMAL
12.6,16.59,487.33,47.11,22.73,151.85,NORMAL
42.34,56.84,965.26,46.02,25.86,340.49,RISING_RISK
22.23,29.96,646.4,43.58,22.8,158.78,NORMAL
36.11,49.12,751.07,59.64,25.09,297.13,RISING_RISK
32.35,41.59,757.77,51.45,24.39,292.2,NORMAL
9.38,17.0,494.14,46.71,22.73,153.05,NORMAL
40.28,56.69,942.07,47.46,25.56,334.38,RISING_RISK
21.54,30.67,639.89,43.06,22.96,166.29,NORMAL
32.66,50.32,774.65,59.28,24.72,302.18,RISING_RISK
30.53,42.98,750.97,52.27,24.13,294.53,NORMAL
11.79,20.61,497.83,47.21,22.77,153.15,NORMAL
38.38,53.1,916.02,47.85,25.58,329.13,RISING_RISK
20.56,28.93,648.62,44.1,22.94,164.18,NORMAL
33.9,50.36,798.34,59.63,24.95,309.49,RISING_RISK
29.15,43.68,743.49,51.78,24.32,280.41,NORMAL
9.91,20.59,493.17,46.46,22.67,150.65,NORMAL
38.31,47.84,901.57,48.0,25.47,322.27,RISING_RISK
21.3,29.24,643.8,44.32,22.82,163.24,NORMAL
35.12,51.55,811.79,58.61,25.35,320.12,RISING_RISK
25.65,42.43,721.85,50.79,24.37,276.53,NORMAL
9.35,18.27,483.72,44.5,22.68,148.91,NORMAL
36.87,50.73,912.55,47.22,25.44,321.15,RISING_RISK
21.4,29.76,639.07,43.2,22.14,151.62,NORMAL
36.42,49.97,832.62,59.01,24.76,326.88,RISING_RISK
25.79,40.08,713.64,50.28,23.98,276.54,NORMAL
7.53,18.35,490.99,45.2,22.73,160.81,NORMAL
33.68,52.95,923.73,47.34,25.19,315.1,RISING_RISK
20.78,28.2,635.95,43.41,21.9,156.0,NORMAL
39.42,49.6,846.61,57.62,24.81,318.98,RISING_RISK
25.65,39.85,695.14,47.81,23.87,268.44,NORMAL
6.75,18.12,497.27,44.89,22.44,173.49,NORMAL
33.98,53.2,933.59,46.88,25.28,318.28,RISING_RISK
18.26,29.09,631.24,44.17,22.49,155.39,NORMAL
39.34,51.09,861.28,56.13,24.34,313.34,RISING_RISK
25.12,38.87,689.45,47.35,23.65,271.7,NORMAL
8.0,14.86,491.05,44.14,22.34,173.85,NORMAL
32.29,53.09,933.31,46.57,25.06,324.17,RISING_RISK
19.59,29.01,623.19,44.52,22.68,141.79,NORMAL
39.6,52.44,874.96,56.04,24.53,308.58,RISING_RISK
23.46,38.49,695.16,48.6,23.73,271.52,NORMAL
7.5,17.46,483.36,43.82,22.58,169.03,NORMAL
36.58,55.25,942.69,46.73,24.91,317.24,RISING_RISK
20.94,29.9,618.18,43.42,22.84,141.78,NORMAL
38.32,53.2,883.19,56.25,24.8,319.8,RISING_RISK
22.16,36.02,690.15,49.21,23.89,262.77,NORMAL
9.5,15.74,480.49,43.85,22.66,174.67,NORMAL
36.13,56.56,946.48,47.26,24.61,335.13,RISING_RISK
21.04,31.09,599.69,43.09,23.1,139.97,NORMAL
38.13,52.89,895.31,57.5,25.35,336.09,RISING_RISK
22.99,34.41,677.07,47.17,23.93,249.11,NORMAL
6.97,15.56,477.39,44.79,22.92,172.82,NORMAL
39.13,56.65,927.76,48.95,24.88,345.82,RISING_RISK
21.81,33.67,610.13,41.79,22.56,138.84,NORMAL
39.49,51.26,916.3,56.7,25.31,338.9,RISING_RISK
24.05,33.01,667.7,45.88,23.77,238.78,NORMAL
8.96,17.26,484.84,45.37,23.12,181.42,NORMAL
40.51,60.65,931.62,49.04,25.09,347.71,RISING_RISK
23.44,29.49,606.88,42.75,22.54,139.73,NORMAL
40.23,47.81,899.13,55.72,25.57,334.58,RISING_RISK
25.4,32.69,664.97,45.94,23.26,229.94,NORMAL
12.72,19.43,470.85,45.96,23.29,188.74,NORMAL
40.98,60.0,949.92,48.12,25.21,363.3,RISING_RISK
19.71,28.5,600.33,42.59,22.76,143.93,NORMAL
36.51,44.18,873.88,57.37,25.56,338.19,RISING_RISK
23.4,31.02,669.58,46.99,23.41,236.25,NORMAL
13.34,18.83,474.12,47.05,23.64,182.95,NORMAL
42.46,61.19,961.52,48.24,25.03,369.35,RISING_RISK
20.0,28.94,593.87,41.03,22.9,150.53,NORMAL
35.13,39.98,847.98,57.29,25.64,322.18,RISING_RISK
23.0,30.67,664.29,45.24,23.0,231.86,NORMAL
10.98,19.37,456.92,46.83,23.4,167.17,NORMAL
44.06,56.26,977.92,48.79,25.03,363.33,RISING_RISK
18.85,26.25,580.21,40.64,23.14,150.86,NORMAL
34.01,38.42,816.44,55.49,25.59,308.63,NORMAL
23.92,30.28,643.87,45.5,23.29,233.1,NORMAL
12.49,22.59,462.23,47.54,23.05,177.36,NORMAL
44.18,57.27,969.83,48.16,25.05,367.22,RISING_RISK
18.31,29.12,569.51,41.37,23.57,154.72,NORMAL
32.29,37.59,800.57,54.61,25.66,288.24,NORMAL
21.87,25.6,643.77,47.19,23.42,236.85,NORMAL
12.0,21.06,463.29,47.82,23.41,175.97,NORMAL
43.9,55.88,976.72,48.73,25.03,369.41,RISING_RISK
15.88,25.77,572.94,40.7,23.9,145.9,NORMAL
32.36,36.13,791.1,54.13,25.89,280.44,NORMAL
19.82,26.19,649.22,50.12,23.4,242.87,NORMAL
10.58,19.87,460.58,46.19,23.79,167.57,NORMAL
46.03,56.91,999.02,47.98,24.83,367.71,RISING_RISK
15.15,23.84,574.35,40.36,24.17,146.34,NORMAL
35.48,33.29,778.46,53.44,26.41,267.0,RISING_RISK
20.5,26.81,636.03,50.97,23.57,238.19,NORMAL
10.88,19.27,466.5,47.19,23.52,175.39,NORMAL
45.47,58.37,1009.22,47.81,24.77,369.68,STAGNATION_PREDICTED
12.64,24.54,567.34,39.57,24.58,144.85,NORMAL
31.01,29.45,771.02,52.29,26.53,256.51,NORMAL
20.79,24.2,633.87,50.94,23.19,223.02,NORMAL
11.96,20.21,472.75,45.52,23.4,159.75,NORMAL
45.97,57.27,1014.34,48.7,24.58,369.76,STAGNATION_PREDICTED
12.76,24.88,570.16,41.71,24.53,142.19,NORMAL
29.07,27.34,754.11,52.23,26.23,261.45,NORMAL
19.47,25.99,629.71,49.99,23.54,211.75,NORMAL
12.89,20.24,469.18,45.93,23.0,155.1,NORMAL
46.74,58.42,1022.64,47.2,24.66,370.07,STAGNATION_PREDICTED
14.62,27.09,564.12,43.4,24.86,138.25,NORMAL
27.52,30.98,748.03,52.26,26.15,251.71,NORMAL
17.4,25.82,618.28,48.61,23.58,207.11,NORMAL
12.26,19.3,461.53,46.77,22.75,170.08,NORMAL
47.66,61.13,1027.25,46.67,24.62,365.1,STAGNATION_PREDICTED
12.96,27.28,556.45,44.31,24.63,151.15,NORMAL
26.09,30.31,719.66,50.87,25.8,250.74,NORMAL
17.73,23.81,642.37,47.86,23.14,217.53,NORMAL
17.45,21.13,492.13,47.27,22.64,175.45,NORMAL
44.6,63.32,1019.28,46.97,24.01,371.44,STAGNATION_PREDICTED
12.33,25.26,568.57,45.29,25.06,150.18,NORMAL
26.7,32.56,703.48,51.24,25.79,246.04,NORMAL
18.33,25.85,670.42,48.4,22.83,242.62,NORMAL
19.52,23.55,513.08,47.81,23.14,180.59,NORMAL
46.52,63.04,1008.33,47.99,23.73,386.1,STAGNATION_PREDICTED
11.4,26.08,567.77,45.33,25.03,159.6,NORMAL
24.94,33.77,696.32,51.32,25.86,238.6,NORMAL
18.54,27.33,679.05,49.42,22.85,263.23,NORMAL
20.87,25.08,545.26,49.8,23.1,196.54,NORMAL
47.81,61.86,1005.99,47.78,23.58,387.02,STAGNATION_PREDICTED
9.51,23.71,568.44,45.26,25.47,158.36,NORMAL
22.73,32.52,693.89,51.37,25.85,229.94,NORMAL
20.1,33.46,680.76,49.95,23.35,275.21,NORMAL
20.91,27.19,577.18,49.9,23.06,213.33,NORMAL
49.71,61.04,1004.0,47.36,23.83,392.16,STAGNATION_PREDICTED
7.06,23.84,553.65,43.4,25.4,165.92,NORMAL
22.08,32.05,696.73,52.2,25.23,236.08,NORMAL
20.32,32.59,684.64,49.9,23.35,275.98,NORMAL
21.12,27.91,622.9,49.52,22.6,219.82,NORMAL
48.37,61.41,1016.0,47.73,23.24,396.1,STAGNATION_PREDICTED
4.45,24.96,551.87,44.68,25.2,163.93,NORMAL
19.83,30.83,694.18,53.39,24.93,245.54,NORMAL
20.64,34.65,696.35,50.49,23.48,281.61,NORMAL
21.75,30.72,638.28,49.45,22.73,233.72,NORMAL
49.34,61.63,1017.96,47.09,23.5,385.3,STAGNATION_PREDICTED
4.27,26.42,550.86,44.27,25.17,164.85,NORMAL
18.07,31.97,688.61,53.82,25.1,242.98,NORMAL
24.31,35.16,716.77,50.76,23.46,281.01,NORMAL
23.09,30.86,671.82,50.27,22.66,243.88,NORMAL
48.48,63.02,998.9,46.43,23.64,376.98,RISING_RISK
3.84,25.85,542.99,43.97,24.99,162.88,NORMAL
18.44,31.36,686.8,54.88,24.96,247.75,NORMAL
23.46,38.59,716.9,51.85,23.55,299.65,NORMAL
24.78,33.71,693.67,50.27,22.33,246.98,NORMAL
48.89,66.05,994.18,46.85,23.77,381.08,RISING_RISK
2.7,22.51,541.99,46.14,25.52,171.0,NORMAL
21.15,32.26,715.31,55.4,24.85,253.4,NORMAL
24.35,40.36,732.26,51.52,23.38,299.91,NORMAL
25.7,34.44,715.06,48.17,22.04,252.32,NORMAL
50.05,67.83,991.61,47.11,23.75,390.4,RISING_RISK
3.3,21.56,543.3,45.76,25.74,170.03,NORMAL
21.07,31.97,736.49,54.55,25.04,247.91,NORMAL
25.58,39.69,732.48,53.17,23.72,323.26,NORMAL
28.94,34.91,745.08,49.87,21.97,259.05,NORMAL
50.66,69.67,990.19,48.8,23.64,393.17,RISING_RISK
4.37,20.45,537.91,45.22,25.72,174.09,NORMAL
23.53,33.85,752.34,54.37,24.92,254.05,NORMAL
23.33,43.21,740.66,54.06,23.63,344.38,NORMAL
31.32,36.12,767.58,49.94,22.4,261.39,NORMAL
49.01,66.74,950.84,50.15,24.19,390.59,RISING_RISK
3.45,20.17,533.79,46.07,25.78,177.61,NORMAL
24.69,34.79,769.37,54.02,24.66,257.38,NORMAL
26.16,40.6,758.66,53.37,23.52,360.06,NORMAL
31.65,35.9,782.79,49.11,22.67,263.02,NORMAL
48.26,67.31,927.51,50.44,24.25,378.96,RISING_RISK
3.03,18.07,529.35,46.98,25.22,183.06,NORMAL
26.5,37.49,778.1,53.99,24.05,267.05,NORMAL
27.41,44.39,779.3,53.46,23.59,361.41,NORMAL
33.29,38.41,803.14,50.1,22.47,273.33,NORMAL
45.67,63.86,912.17,49.43,24.19,374.03,RISING_RISK
4.96,18.65,509.84,46.39,25.27,170.05,NORMAL
25.0,38.57,796.27,52.67,24.34,272.87,NORMAL
29.59,46.94,788.57,54.73,23.85,364.19,NORMAL
33.37,42.74,818.08,48.86,22.69,276.99,NORMAL
44.15,68.05,930.15,50.13,23.93,371.22,RISING_RISK
4.96,18.52,501.49,46.68,24.86,167.1,NORMAL
25.8,39.51,819.46,52.37,24.57,281.82,NORMAL
32.87,52.85,802.61,53.98,23.45,360.89,RISING_RISK
33.9,44.76,839.76,48.68,22.85,288.93,NORMAL
44.17,70.59,938.11,50.19,23.58,367.09,RISING_RISK
5.78,17.88,494.86,45.63,25.31,168.4,NORMAL
25.7,42.28,843.06,51.75,24.0,291.81,NORMAL
30.92,49.9,821.05,51.75,23.64,354.39,NORMAL
36.58,46.13,850.35,48.08,22.89,303.91,RISING_RISK
42.25,69.09,948.4,50.51,23.59,366.59,RISING_RISK
4.45,19.36,516.0,43.93,24.93,159.04,NORMAL
27.44,43.01,835.98,50.54,24.28,299.9,NORMAL
30.14,56.32,834.74,51.44,23.97,367.72,RISING_RISK
36.84,46.97,853.24,49.94,23.07,322.73,RISING_RISK
43.14,70.72,959.23,51.4,23.9,367.78,RISING_RISK
8.65,19.43,518.45,43.9,24.86,145.99,NORMAL
30.1,46.26,851.66,49.56,23.96,299.98,NORMAL
30.61,56.78,839.79,50.56,24.37,367.23,RISING_RISK
37.99,45.59,821.37,50.99,22.78,305.17,RISING_RISK
42.37,71.91,976.69,49.86,24.41,366.3,RISING_RISK
6.83,18.18,516.43,44.04,24.73,148.54,NORMAL
34.1,46.11,867.58,50.3,23.75,300.37,NORMAL
32.43,57.63,859.35,51.42,24.06,374.3,RISING_RISK
36.55,46.53,805.19,50.06,22.88,290.37,RISING_RISK
44.51,73.68,998.91,49.33,24.74,374.48,RISING_RISK
4.52,19.01,514.67,44.74,24.77,146.49,NORMAL
33.42,52.86,894.37,50.91,23.52,301.63,RISING_RISK
32.84,59.1,878.6,51.7,23.83,379.19,RISING_RISK
37.21,45.99,800.02,48.28,22.51,273.24,RISING_RISK
43.51,76.11,996.24,49.65,25.02,379.54,RISING_RISK
3.61,20.38,519.87,45.82,24.62,144.62,NORMAL
32.43,51.87,899.36,49.49,23.44,303.15,RISING_RISK
32.05,62.23,888.82,51.61,23.48,380.17,RISING_RISK
38.16,43.4,784.04,47.84,22.19,267.06,RISING_RISK
44.31,77.37,992.1,47.95,24.58,377.0,RISING_RISK
4.27,17.0,519.31,45.45,24.69,147.32,NORMAL
32.71,51.04,906.25,49.09,23.38,315.52,RISING_RISK
33.93,64.66,897.5,51.84,23.35,377.08,RISING_RISK
36.64,42.52,767.01,47.44,22.3,269.56,RISING_RISK
41.91,76.39,988.75,48.38,24.98,379.97,RISING_RISK
6.14,19.31,512.26,46.1,25.56,146.34,NORMAL
34.88,51.37,912.8,49.8,23.65,321.25,RISING_RISK
32.92,65.96,907.03,51.17,23.8,382.66,RISING_RISK
34.33,39.63,752.06,48.08,22.42,267.73,NORMAL
41.46,77.61,989.78,48.03,24.76,374.23,RISING_RISK
5.89,16.5,524.35,45.35,25.38,140.81,NORMAL
36.04,52.32,926.13,49.27,23.7,325.03,RISING_RISK
32.25,66.98,916.07,52.19,23.84,395.98,RISING_RISK
34.02,37.7,738.84,49.72,22.71,264.97,NORMAL
42.37,78.41,1005.66,49.2,24.17,396.21,STAGNATION_PREDICTED
4.57,15.09,530.33,46.64,25.17,138.8,NORMAL
36.87,54.56,919.57,49.88,23.72,325.59,RISING_RISK
32.83,68.65,931.49,53.33,24.24,400.13,RISING_RISK
35.57,39.56,749.06,52.62,22.9,283.54,RISING_RISK
42.08,80.92,1000.82,46.75,24.31,388.13,STAGNATION_PREDICTED
4.05,16.06,528.99,45.44,25.33,130.54,NORMAL
36.09,56.86,924.04,49.53,23.4,329.04,RISING_RISK
33.18,69.02,940.46,51.64,23.89,400.41,RISING_RISK
37.26,42.36,764.14,53.35,23.15,286.01,RISING_RISK
38.83,78.13,1002.45,46.62,24.37,386.34,STAGNATION_PREDICTED
5.1,15.46,529.22,44.38,25.29,131.7,NORMAL
35.28,54.44,925.86,48.78,23.58,331.67,RISING_RISK
37.17,72.75,958.73,50.74,23.67,396.63,RISING_RISK
37.19,43.3,771.92,54.26,23.46,291.71,RISING_RISK
39.59,78.53,1001.05,46.14,24.18,389.96,STAGNATION_PREDICTED
8.14,17.6,555.9,45.05,25.25,140.83,NORMAL
37.45,57.01,939.3,48.12,24.13,333.93,RISING_RISK
37.58,70.76,973.16,49.64,23.93,399.89,RISING_RISK
37.97,48.46,803.31,53.14,23.16,299.29,RISING_RISK
40.55,78.81,1003.63,46.79,24.0,402.5,STAGNATION_PREDICTED
11.6,21.84,588.83,45.91,25.25,154.59,NORMAL
37.24,59.21,943.05,48.76,24.12,353.69,RISING_RISK
37.48,75.57,983.12,50.32,23.74,402.72,RISING_RISK
36.13,50.65,817.36,52.52,23.41,306.34,RISING_RISK
39.05,78.33,1009.71,46.68,24.33,402.24,STAGNATION_PREDICTED
15.58,24.41,617.17,46.63,25.07,161.7,NORMAL
37.0,63.02,954.18,47.81,24.19,351.28,RISING_RISK
38.68,75.54,997.77,50.6,23.52,400.53,RISING_RISK
35.96,52.95,836.44,51.87,23.66,307.37,RISING_RISK
37.14,80.82,1019.41,46.76,24.11,407.14,STAGNATION_PREDICTED
15.34,29.07,646.74,42.82,24.89,151.58,NORMAL
37.45,63.92,961.97,48.0,24.34,342.66,RISING_RISK
38.4,74.99,1005.49,50.64,23.31,408.89,STAGNATION_PREDICTED
34.18,52.49,848.0,50.43,23.37,303.39,RISING_RISK
38.7,78.2,990.53,47.88,24.09,395.0,RISING_RISK
17.39,32.3,665.39,43.13,24.83,158.21,NORMAL
38.41,66.97,976.91,45.49,24.12,342.68,RISING_RISK
38.53,76.93,1005.74,49.97,23.48,419.49,STAGNATION_PREDICTED
34.34,52.68,876.02,49.36,23.6,301.52,RISING_RISK
37.29,74.49,961.99,47.1,23.81,374.27,RISING_RISK
20.94,34.38,692.95,42.05,24.77,172.25,NORMAL
39.81,68.05,990.46,45.24,24.0,350.23,RISING_RISK
38.35,78.61,1017.27,48.33,23.78,407.84,STAGNATION_PREDICTED
35.56,53.67,888.24,49.0,23.28,310.32,RISING_RISK
35.97,71.51,927.31,46.22,24.06,359.82,RISING_RISK
22.46,36.83,713.18,43.69,25.14,171.11,NORMAL
38.37,70.66,972.0,45.63,23.93,341.19,RISING_RISK
40.05,78.43,1020.48,47.57,23.6,410.27,STAGNATION_PREDICTED
36.22,55.18,899.61,48.28,23.53,309.07,RISING_RISK
35.72,69.09,905.85,46.42,24.05,354.86,RISING_RISK
23.68,38.78,739.98,41.6,25.69,179.49,NORMAL
35.58,68.92,935.27,43.81,23.8,326.61,RISING_RISK
40.42,75.89,1020.88,47.31,23.19,418.1,STAGNATION_PREDICTED
39.7,56.35,905.48,49.26,23.98,323.63,RISING_RISK
34.3,68.14,891.51,46.03,23.55,349.05,RISING_RISK
25.38,43.58,768.48,41.63,26.05,191.34,NORMAL
34.32,64.29,910.85,43.8,23.81,312.4,RISING_RISK
39.25,72.13,996.76,47.68,23.27,402.41,RISING_RISK
38.95,56.74,932.36,49.05,24.16,333.57,RISING_RISK
36.41,65.0,869.83,46.09,23.55,339.78,RISING_RISK
28.64,44.27,793.49,41.16,25.49,196.79,NORMAL
32.58,58.68,898.04,44.33,24.31,312.88,RISING_RISK
37.6,73.03,984.47,47.49,23.09,389.39,RISING_RISK
40.34,54.17,928.23,48.43,23.83,328.27,RISING_RISK
36.13,59.82,849.96,47.22,23.17,344.29,RISING_RISK
29.3,40.97,798.19,41.01,25.53,203.57,NORMAL
31.45,57.19,884.42,43.84,24.81,300.76,RISING_RISK
37.14,69.09,967.22,48.67,23.16,382.02,RISING_RISK
40.31,57.73,931.26,48.73,23.61,329.98,RISING_RISK
35.5,58.84,827.48,47.52,23.07,338.68,RISING_RISK
29.74,42.3,810.4,40.8,25.32,204.69,NORMAL
30.19,55.57,870.88,43.36,24.71,300.52,RISING_RISK
34.79,65.65,945.08,48.9,22.87,379.82,RISING_RISK
40.92,56.31,935.27,48.87,23.53,337.8,RISING_RISK
33.16,56.84,811.84,45.82,22.9,320.67,RISING_RISK
30.03,42.47,823.65,41.47,24.92,211.71,NORMAL
29.21,53.62,845.99,44.55,24.41,295.98,RISING_RISK
33.92,65.59,933.09,49.02,23.03,359.59,RISING_RISK
42.14,57.47,946.2,48.47,23.82,341.82,RISING_RISK
32.51,57.97,799.73,47.22,23.51,313.79,RISING_RISK
31.54,43.93,842.43,42.35,24.38,223.55,NORMAL
28.65,51.85,826.41,44.58,24.87,283.59,RISING_RISK
33.54,62.83,916.23,48.2,23.36,345.22,RISING_RISK
41.61,56.33,953.03,48.67,23.63,344.35,RISING_RISK
32.41,53.89,791.96,45.83,23.74,301.01,RISING_RISK
33.94,47.31,867.51,43.74,24.64,241.96,NORMAL
30.1,49.42,802.6,45.41,24.72,278.51,NORMAL
35.22,58.73,886.06,48.19,23.54,332.52,RISING_RISK
42.91,59.88,967.07,51.03,24.04,354.89,RISING_RISK
31.34,52.4,769.88,45.25,23.97,283.11,RISING_RISK
35.06,48.4,881.88,45.11,24.52,248.22,RISING_RISK
30.17,50.97,789.26,45.99,24.58,280.31,RISING_RISK
33.03,57.95,867.47,47.09,23.68,318.57,RISING_RISK
42.03,59.76,954.45,49.33,23.5,347.18,RISING_RISK
30.78,52.56,755.36,44.45,23.77,275.17,RISING_RISK
37.7,52.83,898.27,44.32,24.7,257.33,RISING_RISK
29.79,53.14,770.79,47.06,24.96,269.48,RISING_RISK
32.79,56.7,854.11,46.67,23.35,302.8,RISING_RISK
41.76,60.89,962.27,49.33,23.88,345.33,RISING_RISK
29.05,48.11,740.01,44.67,23.84,264.97,NORMAL
39.59,55.09,905.19,45.65,25.22,279.13,RISING_RISK
27.69,51.32,755.25,46.33,25.28,266.6,RISING_RISK
31.6,54.48,840.83,49.7,23.35,314.58,RISING_RISK
44.33,61.53,967.24,49.55,24.02,344.83,RISING_RISK
28.9,47.73,723.9,46.05,23.35,250.26,NORMAL
39.96,54.85,911.22,46.33,24.75,293.19,RISING_RISK
27.44,49.91,769.19,46.03,25.49,273.53,NORMAL
30.51,51.82,824.35,49.91,23.39,301.93,RISING_RISK
44.9,61.32,980.58,49.34,24.0,352.52,RISING_RISK
27.43,46.11,710.44,45.21,23.38,233.68,NORMAL
41.59,52.57,924.53,44.33,24.38,288.2,RISING_RISK
27.76,50.87,788.38,46.29,25.43,287.29,RISING_RISK
28.9,48.12,808.04,50.08,23.22,292.99,NORMAL
46.43,60.52,973.93,49.31,23.57,354.45,RISING_RISK
25.06,46.42,698.4,43.47,23.46,226.46,NORMAL
43.72,52.65,933.26,44.8,23.65,299.11,RISING_RISK
28.58,51.06,811.52,45.21,25.38,289.67,RISING_RISK
27.19,46.43,792.52,49.61,23.53,293.05,NORMAL
48.41,61.19,976.54,49.14,23.13,367.52,RISING_RISK
23.82,46.64,690.69,43.5,23.51,225.78,NORMAL
45.04,53.79,944.29,43.9,23.88,306.62,RISING_RISK
30.39,50.88,826.9,43.69,25.22,307.29,RISING_RISK
26.7,44.93,790.0,48.19,23.14,288.85,NORMAL
49.42,63.6,989.8,48.45,23.04,367.82,RISING_RISK
23.39,42.62,680.49,43.16,23.5,221.78,NORMAL
44.08,58.98,957.74,43.7,24.25,312.22,RISING_RISK
30.94,50.06,841.63,45.06,24.78,306.65,RISING_RISK
24.03,44.86,767.87,48.31,23.34,276.78,NORMAL
51.19,62.85,1007.8,48.4,23.16,355.7,STAGNATION_PREDICTED
24.21,40.45,672.51,43.03,23.72,216.69,NORMAL
42.44,60.84,964.32,42.25,24.13,327.07,RISING_RISK
33.51,51.24,854.27,44.27,24.73,316.66,RISING_RISK
22.56,39.94,755.55,45.92,23.45,268.75,NORMAL
48.81,62.11,972.25,47.21,23.33,351.52,RISING_RISK
21.2,42.24,664.3,42.63,23.84,211.1,NORMAL
42.64,63.07,963.05,41.78,24.49,336.84,RISING_RISK
34.31,50.5,847.77,45.25,24.49,321.25,RISING_RISK
20.6,39.15,740.27,46.59,23.9,271.62,NORMAL
48.74,58.52,943.33,46.33,22.99,334.66,RISING_RISK
19.73,41.03,666.45,42.11,23.97,212.02,NORMAL
45.3,61.47,960.52,41.93,24.71,342.15,RISING_RISK
30.98,51.75,857.04,44.69,24.47,325.13,RISING_RISK
19.29,41.37,739.72,45.87,23.58,253.1,NORMAL
45.05,57.08,923.14,46.89,22.99,317.91,RISING_RISK
21.17,41.31,684.84,41.0,23.53,226.3,NORMAL
49.38,65.96,969.24,41.04,24.83,350.48,RISING_RISK
33.2,57.08,870.59,44.39,24.39,333.11,RISING_RISK
17.82,38.44,721.77,47.4,23.73,247.27,NORMAL
44.68,57.42,911.16,46.69,22.37,311.87,RISING_RISK
21.11,43.18,702.02,42.81,23.13,234.91,NORMAL
49.62,64.3,984.97,41.48,24.71,353.32,RISING_RISK
36.87,57.79,880.24,45.09,24.33,331.3,RISING_RISK
17.72,33.7,705.28,46.99,24.55,238.5,NORMAL
44.38,54.55,899.41,46.37,22.45,307.29,RISING_RISK
25.47,43.54,724.97,43.39,23.16,234.9,NORMAL
50.26,63.98,996.01,40.44,24.52,358.75,RISING_RISK
38.45,60.13,896.39,46.82,23.83,335.72,RISING_RISK
17.47,32.38,694.36,46.96,24.31,227.28,NORMAL
43.88,55.27,885.14,45.0,21.98,295.03,RISING_RISK
27.9,43.88,745.46,42.24,23.27,244.67,NORMAL
48.76,67.08,1004.38,40.86,24.53,366.77,STAGNATION_PREDICTED
39.64,63.91,905.19,48.38,23.68,345.92,RISING_RISK
14.08,32.03,679.03,46.97,24.46,211.29,NORMAL
43.64,55.41,869.01,43.54,21.97,276.56,RISING_RISK
28.71,47.8,751.85,44.2,22.93,248.3,NORMAL
50.83,69.07,1014.66,41.93,24.75,370.32,STAGNATION_PREDICTED
39.1,64.92,906.26,47.54,24.18,349.12,RISING_RISK
14.34,31.63,666.11,46.55,24.53,202.74,NORMAL
40.76,55.06,833.79,42.47,22.04,265.29,RISING_RISK
31.12,52.01,775.07,42.77,23.34,257.63,RISING_RISK
46.25,66.64,996.51,42.35,24.6,354.29,RISING_RISK
38.63,67.11,919.41,46.65,24.46,352.92,RISING_RISK
14.53,33.29,655.42,46.48,24.37,193.39,NORMAL
40.49,55.16,811.33,40.38,22.42,258.04,RISING_RISK
32.62,53.19,775.09,42.89,23.67,260.93,RISING_RISK
45.16,64.44,968.39,42.25,24.41,343.93,RISING_RISK
36.64,70.62,924.0,45.67,24.57,346.12,RISING_RISK
13.98,33.13,647.68,47.55,24.02,196.56,NORMAL
40.76,51.0,780.42,40.67,22.12,244.31,RISING_RISK
35.35,58.28,791.06,42.21,23.44,265.21,RISING_RISK
44.3,59.87,925.1,40.8,24.57,341.47,RISING_RISK
38.17,72.99,929.62,44.79,24.59,347.73,RISING_RISK
12.12,33.81,645.35,48.44,24.28,188.39,NORMAL
36.29,51.12,769.32,39.04,22.09,241.59,RISING_RISK
32.57,61.68,801.92,41.0,23.46,275.23,RISING_RISK
43.35,57.09,902.76,40.38,24.73,335.64,RISING_RISK
37.66,73.48,922.03,46.11,24.8,363.31,RISING_RISK
12.49,36.07,647.02,47.76,24.72,181.03,NORMAL
32.22,48.74,763.32,36.36,22.26,243.62,NORMAL
35.38,66.09,810.09,39.17,23.92,282.22,RISING_RISK
40.94,53.64,885.79,40.29,24.4,320.42,RISING_RISK
36.88,70.52,936.47,45.32,24.49,373.22,RISING_RISK
13.44,38.23,627.64,47.53,24.35,170.33,NORMAL
32.16,46.46,752.68,36.44,21.79,232.62,NORMAL
36.47,62.71,802.09,37.74,24.38,286.48,RISING_RISK
39.07,53.46,865.18,41.14,24.32,309.77,RISING_RISK
35.5,69.83,955.08,44.73,24.35,378.64,RISING_RISK
13.24,39.36,620.01,50.12,24.76,163.97,NORMAL
32.34,42.68,728.3,38.11,21.44,229.73,NORMAL
40.2,62.83,797.86,38.01,23.98,304.71,RISING_RISK
36.48,50.79,841.64,41.31,24.31,302.34,RISING_RISK
36.1,65.36,973.14,43.79,23.94,370.85,RISING_RISK
11.55,38.37,606.58,50.18,24.72,169.81,NORMAL
29.95,39.52,714.2,38.64,21.39,214.55,NORMAL
42.09,60.28,818.53,38.88,23.95,316.6,RISING_RISK
34.33,51.63,829.18,38.84,24.83,294.54,RISING_RISK
37.98,65.51,973.95,43.6,23.71,379.43,RISING_RISK
11.12,34.16,610.34,50.45,25.01,169.33,NORMAL
30.75,39.24,714.91,38.05,21.17,211.1,NORMAL
40.23,60.69,839.1,38.99,24.42,319.3,RISING_RISK
34.27,48.35,816.43,39.26,24.59,283.81,NORMAL
35.76,67.51,975.59,42.5,23.72,379.39,RISING_RISK
14.1,37.38,626.25,49.52,24.64,177.44,NORMAL
28.69,36.87,711.78,37.85,21.56,205.41,NORMAL
41.39,61.63,863.16,38.21,24.42,339.33,RISING_RISK
33.79,50.06,797.55,40.62,24.26,276.49,RISING_RISK
36.7,66.07,985.07,43.75,23.67,373.98,RISING_RISK
15.2,37.27,641.71,49.97,24.71,181.7,NORMAL
28.11,36.81,702.34,36.54,21.92,211.35,NORMAL
39.13,61.93,879.05,39.31,24.35,342.44,RISING_RISK
33.06,47.87,785.43,39.44,24.1,272.27,NORMAL
35.64,66.12,982.09,44.09,23.83,377.2,RISING_RISK
16.59,35.33,667.4,51.76,24.97,192.46,NORMAL
29.46,37.26,684.92,36.18,21.65,205.1,NORMAL
38.58,59.28,886.21,37.96,24.55,359.72,RISING_RISK
31.18,46.74,763.43,38.98,24.57,257.99,NORMAL
35.88,72.24,989.04,44.83,24.17,381.03,RISING_RISK
18.6,39.52,693.78,51.71,25.35,201.98,NORMAL
27.03,34.49,684.61,36.92,22.04,208.45,NORMAL
36.41,62.34,886.65,38.66,24.51,359.41,RISING_RISK
31.22,44.94,749.29,40.44,24.63,251.37,NORMAL
34.59,70.81,955.56,46.61,24.16,374.07,RISING_RISK
19.67,40.88,711.5,49.84,24.48,216.34,NORMAL
27.74,33.18,669.53,38.07,22.01,204.84,NORMAL
38.55,58.14,894.81,40.17,24.13,358.61,RISING_RISK
30.56,45.89,741.17,38.78,24.51,255.25,NORMAL
33.21,67.07,919.76,44.28,24.03,351.81,RISING_RISK
20.46,43.81,734.37,49.22,24.41,226.9,NORMAL
29.67,35.71,662.3,39.51,22.45,210.11,NORMAL
39.24,56.37,906.54,39.8,23.99,367.57,RISING_RISK
31.3,41.99,735.82,38.02,24.81,250.68,NORMAL
32.78,63.38,888.74,44.02,23.87,339.21,RISING_RISK
22.08,44.26,749.44,49.42,24.78,242.97,NORMAL
28.71,35.68,644.52,39.88,22.75,208.11,NORMAL
38.18,57.91,924.12,40.46,24.09,368.78,RISING_RISK
29.96,40.79,715.52,38.08,24.7,244.51,NORMAL
32.15,61.84,871.32,45.41,23.68,339.69,RISING_RISK
24.58,45.2,780.3,48.45,24.59,239.06,NORMAL
27.78,36.05,648.64,41.1,22.09,203.32,NORMAL
36.92,58.37,934.03,42.07,23.64,373.41,RISING_RISK
27.53,39.77,716.4,37.91,24.59,232.96,NORMAL
30.56,56.65,850.37,46.17,23.31,340.2,RISING_RISK
26.37,44.66,811.71,47.96,24.47,236.91,NORMAL
28.21,33.94,657.04,41.17,22.74,188.31,NORMAL
32.43,58.86,945.77,41.89,23.69,368.07,RISING_RISK
28.11,39.11,715.03,37.18,24.35,234.72,NORMAL
28.7,56.0,828.21,45.42,23.05,336.19,RISING_RISK
26.58,46.44,832.29,48.35,24.53,245.27,NORMAL
29.39,33.34,641.62,41.07,22.7,187.93,NORMAL
33.41,61.09,956.87,42.59,23.69,369.08,RISING_RISK
26.38,38.43,712.02,37.56,23.94,224.33,NORMAL
27.8,53.71,813.95,45.74,22.83,319.91,RISING_RISK
30.05,46.4,854.74,47.13,24.98,238.79,NORMAL
29.21,32.09,615.71,41.49,22.23,186.96,NORMAL
33.09,63.75,960.08,42.97,23.66,371.93,RISING_RISK
25.38,35.33,708.68,36.38,23.67,227.41,NORMAL
23.85,50.08,790.58,44.43,22.89,306.32,RISING_RISK
34.98,52.52,869.22,46.87,24.64,250.96,RISING_RISK
28.83,31.25,611.24,40.67,22.06,191.27,NORMAL
37.21,67.85,976.63,44.1,23.54,367.83,RISING_RISK
25.74,35.25,705.71,37.5,22.9,231.09,NORMAL
19.53,48.45,779.79,44.05,22.81,293.75,NORMAL
36.88,53.52,880.68,45.29,25.03,259.96,RISING_RISK
27.38,30.23,606.91,39.47,22.25,191.3,NORMAL
38.43,70.56,978.41,44.45,23.51,360.47,RISING_RISK
23.35,38.55,699.02,37.42,22.5,231.53,NORMAL
20.71,46.2,751.5,42.2,22.63,290.59,NORMAL
35.34,56.1,876.63,45.05,24.81,271.06,RISING_RISK
27.93,26.86,603.59,39.77,22.33,187.5,NORMAL
41.26,71.89,970.45,44.88,23.17,356.36,RISING_RISK
23.18,41.09,687.67,38.2,22.47,242.35,NORMAL
20.09,41.85,749.72,42.67,22.45,279.4,NORMAL
35.19,59.85,888.26,46.7,25.18,287.17,RISING_RISK
26.36,25.91,597.45,38.82,22.45,187.29,NORMAL
43.63,73.38,986.51,45.71,23.18,365.11,RISING_RISK
25.12,38.59,684.7,37.06,22.34,228.67,NORMAL
19.5,38.1,744.8,44.45,22.59,269.53,NORMAL
36.31,60.65,888.36,46.54,24.54,303.67,RISING_RISK
23.73,23.46,599.27,39.88,23.03,194.7,NORMAL
42.0,75.14,985.76,46.49,23.01,371.19,RISING_RISK
24.52,38.25,678.39,36.5,22.54,214.42,NORMAL
20.32,39.63,727.72,45.59,22.89,263.02,NORMAL
39.76,59.1,901.48,46.97,24.57,307.05,RISING_RISK
24.2,21.54,608.34,41.33,23.29,207.6,NORMAL
42.29,76.01,983.16,46.17,22.99,375.13,RISING_RISK
24.38,37.9,675.39,36.85,22.32,209.34,NORMAL
19.74,38.91,712.59,44.75,22.71,259.93,NORMAL
40.69,58.65,900.55,45.83,24.61,316.17,RISING_RISK
23.26,21.77,616.25,41.32,23.08,201.13,NORMAL
42.84,75.85,1009.77,45.51,23.07,384.81,STAGNATION_PREDICTED
23.24,36.18,646.08,37.03,22.13,203.74,NORMAL
18.37,41.08,691.13,46.88,22.47,262.9,NORMAL
42.19,58.64,919.57,46.29,24.42,315.73,RISING_RISK
20.7,19.91,615.79,41.86,23.14,191.32,NORMAL
44.58,78.54,1013.64,43.4,23.52,384.95,STAGNATION_PREDICTED
22.56,34.67,629.29,36.64,22.58,203.09,NORMAL
14.95,40.79,682.46,47.55,22.33,265.45,NORMAL
43.09,62.22,942.41,46.11,24.41,316.57,RISING_RISK
19.18,18.51,611.25,41.58,23.68,188.58,NORMAL
42.52,77.13,1012.53,42.91,23.7,385.32,STAGNATION_PREDICTED
24.57,34.85,628.9,36.09,22.81,196.11,NORMAL
15.91,41.04,680.47,49.04,22.45,268.78,NORMAL
42.28,62.83,942.54,45.05,24.26,321.63,RISING_RISK
16.29,17.6,607.06,41.26,23.71,179.98,NORMAL
43.07,74.2,1016.05,44.26,23.82,382.24,STAGNATION_PREDICTED
22.16,32.66,619.08,35.64,22.99,191.6,NORMAL
16.09,39.08,667.51,49.72,22.55,257.91,NORMAL
43.23,66.48,948.38,46.66,24.1,327.84,RISING_RISK
16.41,15.56,612.86,42.02,23.69,182.14,NORMAL
44.96,74.61,1022.1,44.79,23.57,373.44,STAGNATION_PREDICTED
20.23,28.98,608.47,37.12,23.17,190.46,NORMAL
16.9,39.06,663.55,48.24,22.3,255.61,NORMAL
43.55,62.53,951.29,45.15,24.29,336.92,RISING_RISK
12.8,15.32,619.02,40.08,24.12,178.35,NORMAL
45.5,70.63,1011.46,44.5,23.92,375.28,STAGNATION_PREDICTED
20.45,27.28,615.07,37.47,23.17,193.74,NORMAL
15.34,38.55,664.07,47.18,22.24,244.26,NORMAL
43.54,65.84,959.56,44.31,24.27,344.75,RISING_RISK
13.32,15.31,606.38,40.13,24.58,180.79,NORMAL
45.89,68.25,1014.25,43.5,23.67,384.32,STAGNATION_PREDICTED
19.24,27.7,590.86,36.45,23.42,192.21,NORMAL
13.46,33.4,656.52,47.16,22.54,234.14,NORMAL
42.65,65.97,960.49,44.2,23.76,358.94,RISING_RISK
12.14,14.13,600.8,40.26,24.37,186.74,NORMAL
45.31,64.96,1014.67,43.07,23.67,388.23,STAGNATION_PREDICTED
20.36,26.44,584.12,35.1,24.05,190.15,NORMAL
12.17,30.51,639.18,47.65,22.21,236.01,NORMAL
41.14,63.99,967.75,45.09,24.1,353.59,RISING_RISK
11.12,14.67,595.36,40.27,24.51,181.63,NORMAL
45.63,63.43,994.34,43.38,23.6,379.7,RISING_RISK
19.16,24.34,575.78,34.21,24.01,192.45,NORMAL
11.76,31.54,632.82,48.94,22.19,242.46,NORMAL
41.67,62.49,978.6,44.81,23.87,368.73,RISING_RISK
11.63,16.16,586.22,39.74,24.5,168.79,NORMAL
44.38,60.26,968.63,41.37,23.91,370.57,RISING_RISK
16.67,26.0,565.23,34.55,23.58,191.57,NORMAL
9.5,33.21,621.21,48.63,21.86,238.69,NORMAL
41.13,62.46,988.0,45.35,23.75,373.76,RISING_RISK
12.57,16.05,581.61,39.67,24.84,166.52,NORMAL
41.8,57.68,950.92,41.93,23.71,350.97,RISING_RISK
18.08,19.8,552.38,34.91,22.86,185.33,NORMAL
8.89,33.98,611.07,48.38,22.26,234.7,NORMAL
40.83,63.33,978.13,45.89,24.15,383.57,RISING_RISK
15.35,14.37,563.78,39.25,25.27,169.37,NORMAL
40.33,56.21,915.19,42.47,23.63,344.99,RISING_RISK
19.05,18.43,551.28,35.3,22.44,181.29,NORMAL
9.7,32.5,607.17,48.27,22.45,225.93,NORMAL
42.02,65.18,972.24,46.11,24.44,374.34,RISING_RISK
14.82,13.73,553.25,39.82,25.1,173.33,NORMAL
39.89,50.77,890.34,42.51,23.26,319.85,RISING_RISK
19.03,20.3,546.46,36.53,22.4,189.76,NORMAL
10.57,31.36,600.43,48.28,23.12,229.22,NORMAL
43.93,67.64,965.23,46.19,24.27,382.61,RISING_RISK
16.06,14.92,548.0,38.19,25.03,168.24,NORMAL
38.16,48.11,867.52,42.66,23.63,313.44,RISING_RISK
18.07,18.84,542.3,37.04,22.85,191.28,NORMAL
10.32,33.96,606.03,48.68,22.86,232.8,NORMAL
46.5,68.89,954.16,47.66,23.77,382.3,RISING_RISK
16.12,12.48,542.76,37.63,24.9,166.35,NORMAL
38.07,46.44,837.52,42.11,23.63,303.09,RISING_RISK
16.88,19.64,542.19,37.75,22.69,186.46,NORMAL
9.31,34.95,586.61,48.55,22.95,220.18,NORMAL
46.23,68.25,960.21,46.97,23.86,381.42,RISING_RISK
15.31,13.61,534.37,39.27,24.73,166.16,NORMAL
38.43,43.83,811.29,42.22,23.55,299.38,RISING_RISK
17.12,17.65,532.1,39.13,22.96,187.51,NORMAL
9.82,33.75,577.33,48.06,22.78,210.12,NORMAL
48.57,65.1,965.19,48.38,23.94,389.29,RISING_RISK
14.16,16.77,541.17,38.23,24.77,155.71,NORMAL
37.58,42.19,806.39,43.0,23.66,288.65,RISING_RISK
19.22,16.99,527.81,38.58,23.62,182.03,NORMAL
8.37,33.6,577.29,47.76,23.01,204.04,NORMAL
49.81,66.64,982.45,48.73,24.1,395.95,RISING_RISK
14.18,17.46,546.36,38.2,24.88,160.03,NORMAL
37.22,41.37,781.13,44.05,23.32,277.67,RISING_RISK
18.15,17.31,523.8,39.08,24.02,186.28,NORMAL
9.1,31.83,584.18,45.85,23.37,200.4,NORMAL
51.12,69.12,1005.54,46.78,24.14,381.84,STAGNATION_PREDICTED
14.0,15.9,535.85,38.27,25.13,170.33,NORMAL
35.84,36.13,770.2,43.87,23.61,274.23,RISING_RISK
16.61,17.38,513.74,39.39,23.66,176.99,NORMAL
8.4,34.11,584.71,44.97,23.36,184.94,NORMAL
51.46,62.68,994.42,47.52,24.19,365.63,RISING_RISK
15.7,11.88,526.26,37.24,25.01,169.03,NORMAL
35.16,34.1,754.8,43.23,24.13,262.49,RISING_RISK
17.72,16.6,503.59,38.87,23.02,169.51,NORMAL
9.06,38.94,587.72,44.03,23.4,182.03,NORMAL
51.61,62.08,964.81,47.64,24.0,349.46,RISING_RISK
